<COLLADA xmlns="http://www.collada.org/2005/11/COLLADASchema" version="1.4.1">
  <asset>
    <created>2025-02-16T13:12:20.199821</created>
    <modified>2025-02-16T13:12:20.199828</modified>
    <up_axis>Y_UP</up_axis>
  </asset>
  <library_effects>
    <effect id="02b114c9effb45f4bd364f280c6c5832" name="02b114c9effb45f4bd364f280c6c5832">
      <profile_COMMON>
        <technique sid="common">
          <phong>
            <emission>
              <color>0.0 0.0 0.0 1.0</color>
            </emission>
            <ambient>
              <color>0.0 0.0 0.0 1.0</color>
            </ambient>
            <diffuse>
              <color>0.788235294117647 0.06666666666666667 0.0 1.0</color>
            </diffuse>
            <specular>
              <color>0.0 0.0 0.0 1.0</color>
            </specular>
            <shininess>
              <float>0.0</float>
            </shininess>
            <reflective>
              <color>0.0 0.0 0.0 1.0</color>
            </reflective>
            <reflectivity>
              <float>0.0</float>
            </reflectivity>
            <transparent>
              <color>0.0 0.0 0.0 1.0</color>
            </transparent>
            <transparency>
              <float>1.0</float>
            </transparency>
          </phong>
        </technique>
        <extra>
          <technique profile="GOOGLEEARTH">
            <double_sided>0</double_sided>
          </technique>
        </extra>
      </profile_COMMON>
    </effect>
  </library_effects>
  <library_geometries>
    <geometry id="3a2c603e4bf34a0d972d2b91a32deb78" name="32c4fd50e7ec4ad0b37d01b6a7e09584">
      <mesh>
        <source id="verts-array">
          <float_array count="10845" id="verts-array-array">0.00909327 0.01775 0.065 0.00918918 0.017875 0.064 0.00933164 0.0180607 0.065 0.00933164 0.0180607 0.064 0.0096423 0.018299 0.065 0.0096423 0.018299 0.064 0.0100041 0.0184489 0.065 0.0100041 0.0184489 0.064 0.0103923 0.0185 0.065 0.0103923 0.0185 0.064 0.0107805 0.0184489 0.065 0.0107805 0.0184489 0.064 0.0111423 0.018299 0.065 0.0111423 0.018299 0.064 0.011453 0.0180607 0.065 0.011453 0.0180607 0.064 0.0115954 0.017875 0.064 0.0116913 0.01775 0.065 0.0116913 0.01775 0.064 0.0118412 0.0173882 0.065 0.0118412 0.0173882 0.064 0.0118923 0.017 0.065 0.0118923 0.017 0.064 0.0118412 0.0166118 0.065 0.0118412 0.0166118 0.064 0.0116913 0.01625 0.065 0.0116913 0.01625 0.064 0.011453 0.0159393 0.065 0.011453 0.0159393 0.064 0.0111423 0.015701 0.065 0.0111423 0.015701 0.064 0.0107805 0.0155511 0.065 0.0107805 0.0155511 0.064 0.0103923 0.0155 0.065 0.0103923 0.0155 0.064 0.0100041 0.0155511 0.065 0.0100041 0.0155511 0.064 0.0096423 0.015701 0.065 0.0096423 0.015701 0.064 0.00933164 0.0159393 0.065 0.00933164 0.0159393 0.064 0.00909327 0.01625 0.065 0.00909327 0.01625 0.064 0.00894342 0.0166118 0.065 0.00894342 0.0166118 0.064 0.00889231 0.017 0.065 0.00889231 0.017 0.064 0.00894342 0.0173882 0.065 0.00894342 0.0173882 0.064 0.00909327 0.01775 0.064 -0.0116913 0.01775 0.065 -0.0115954 0.017875 0.064 -0.011453 0.0180607 0.065 -0.011453 0.0180607 0.064 -0.0111423 0.018299 0.065 -0.0111423 0.018299 0.064 -0.0107805 0.0184489 0.065 -0.0107805 0.0184489 0.064 -0.0103923 0.0185 0.065 -0.0103923 0.0185 0.064 -0.0100041 0.0184489 0.065 -0.0100041 0.0184489 0.064 -0.0096423 0.018299 0.065 -0.0096423 0.018299 0.064 -0.00937115 0.018091 0.064 -0.00933164 0.0180607 0.065 -0.00933164 0.0180607 0.064 -0.00918918 0.017875 0.064 -0.00909327 0.01775 0.065 -0.00909327 0.01775 0.064 -0.00894342 0.0173882 0.065 -0.00894342 0.0173882 0.064 -0.00889231 0.017 0.065 -0.00889231 0.017 0.064 -0.00894342 0.0166118 0.065 -0.00894342 0.0166118 0.064 -0.00909327 0.01625 0.065 -0.00909327 0.01625 0.064 -0.00933164 0.0159393 0.065 -0.00933164 0.0159393 0.064 -0.00937115 0.015909 0.064 -0.0096423 0.015701 0.065 -0.0096423 0.015701 0.064 -0.0100041 0.0155511 0.065 -0.0100041 0.0155511 0.064 -0.0103923 0.0155 0.065 -0.0103923 0.0155 0.064 -0.0107805 0.0155511 0.065 -0.0107805 0.0155511 0.064 -0.0111423 0.015701 0.065 -0.0111423 0.015701 0.064 -0.011453 0.0159393 0.065 -0.011453 0.0159393 0.064 -0.0116913 0.01625 0.065 -0.0116913 0.01625 0.064 -0.0118412 0.0166118 0.065 -0.0118412 0.0166118 0.064 -0.0118923 0.017 0.065 -0.0118923 0.017 0.064 -0.0118412 0.0173882 0.065 -0.0118412 0.0173882 0.064 -0.0116913 0.01775 0.064 -0.00106066 -0.00206066 0.065 -0.00109098 -0.00202115 0.064 -0.00129904 -0.00175 0.065 -0.00129904 -0.00175 0.064 -0.00144889 -0.00138823 0.065 -0.00144889 -0.00138823 0.064 -0.0015 -0.001 0.065 -0.0015 -0.001 0.064 -0.00144889 -0.00061177 0.065 -0.00144889 -0.00061177 0.064 -0.00129904 -0.00025 0.065 -0.00129904 -0.00025 0.064 -0.00106066 6.066e-05 0.065 -0.00106066 6.066e-05 0.064 -0.00075 0.00029904 0.065 -0.00075 0.00029904 0.064 -0.000388229 0.00044889 0.065 -0.000388229 0.00044889 0.064 1.607014e-15 0.0005 0.065 1.607014e-15 0.0005 0.064 0.000388229 0.00044889 0.065 0.000388229 0.00044889 0.064 0.00075 0.00029904 0.065 0.00075 0.00029904 0.064 0.00106066 6.066e-05 0.065 0.00106066 6.066e-05 0.064 0.00129904 -0.00025 0.065 0.00129904 -0.00025 0.064 0.00144889 -0.00061177 0.065 0.00144889 -0.00061177 0.064 0.0015 -0.001 0.065 0.0015 -0.001 0.064 0.00144889 -0.00138823 0.065 0.00144889 -0.00138823 0.064 0.00129904 -0.00175 0.065 0.00129904 -0.00175 0.064 0.00109098 -0.00202115 0.064 0.00106066 -0.00206066 0.065 0.00106066 -0.00206066 0.064 0.00075 -0.00229904 0.065 0.00075 -0.00229904 0.064 0.000388229 -0.00244889 0.065 0.000388229 -0.00244889 0.064 1.608231e-15 -0.0025 0.065 1.608231e-15 -0.0025 0.064 -0.000388229 -0.00244889 0.065 -0.000388229 -0.00244889 0.064 -0.00075 -0.00229904 0.065 -0.00075 -0.00229904 0.064 -0.00106066 -0.00206066 0.064 -0.00144889 -0.007 0.0116118 -0.001375 -0.015 0.0114334 -0.00129904 -0.007 0.01125 -0.00129904 -0.015 0.01125 -0.00106066 -0.007 0.0109393 -0.00106066 -0.015 0.0109393 -0.00075 -0.007 0.010701 -0.00075 -0.015 0.010701 -0.000388229 -0.007 0.0105511 -0.000388229 -0.015 0.0105511 1.609398e-15 -0.007 0.0105 1.609398e-15 -0.015 0.0105 0.000388229 -0.007 0.0105511 0.000388229 -0.015 0.0105511 0.00075 -0.007 0.010701 0.00075 -0.015 0.010701 0.00106066 -0.007 0.0109393 0.00106066 -0.015 0.0109393 0.00129904 -0.007 0.01125 0.00129904 -0.015 0.01125 0.001375 -0.015 0.0114334 0.00144889 -0.007 0.0116118 0.00144889 -0.015 0.0116118 0.0015 -0.007 0.012 0.0015 -0.015 0.012 0.00144889 -0.007 0.0123882 0.00144889 -0.015 0.0123882 0.001375 -0.015 0.0125666 0.00129904 -0.007 0.01275 0.00129904 -0.015 0.01275 0.00109098 -0.015 0.0130212 0.00106066 -0.007 0.0130607 0.00106066 -0.015 0.0130607 0.00075 -0.007 0.013299 0.00075 -0.015 0.013299 0.000388229 -0.007 0.0134489 0.000388229 -0.015 0.0134489 1.611431e-15 -0.007 0.0135 1.611431e-15 -0.015 0.0135 -0.000388229 -0.007 0.0134489 -0.000388229 -0.015 0.0134489 -0.00075 -0.007 0.013299 -0.00075 -0.015 0.013299 -0.00106066 -0.007 0.0130607 -0.00106066 -0.015 0.0130607 -0.00109098 -0.015 0.0130212 -0.00129904 -0.007 0.01275 -0.00129904 -0.015 0.01275 -0.001375 -0.015 0.0125666 -0.00144889 -0.007 0.0123882 -0.00144889 -0.015 0.0123882 -0.0015 -0.007 0.012 -0.0015 -0.015 0.012 -0.00144889 -0.015 0.0116118 0.00909327 -0.007 -0.00675 0.00918918 -0.015 -0.006875 0.00933164 -0.007 -0.00706066 0.00933164 -0.015 -0.00706066 0.0096423 -0.007 -0.00729904 0.0096423 -0.015 -0.00729904 0.0100041 -0.007 -0.00744889 0.0100041 -0.015 -0.00744889 0.0103923 -0.007 -0.0075 0.0103923 -0.015 -0.0075 0.0107805 -0.007 -0.00744889 0.0107805 -0.015 -0.00744889 0.0111423 -0.007 -0.00729904 0.0111423 -0.015 -0.00729904 0.011453 -0.007 -0.00706066 0.011453 -0.015 -0.00706066 0.0115954 -0.015 -0.006875 0.0116913 -0.007 -0.00675 0.0116913 -0.015 -0.00675 0.0118412 -0.007 -0.00638823 0.0118412 -0.015 -0.00638823 0.0118923 -0.007 -0.006 0.0118923 -0.015 -0.006 0.0118412 -0.007 -0.00561177 0.0118412 -0.015 -0.00561177 0.0116913 -0.007 -0.00525 0.0116913 -0.015 -0.00525 0.011453 -0.007 -0.00493934 0.011453 -0.015 -0.00493934 0.0111423 -0.007 -0.00470096 0.0111423 -0.015 -0.00470096 0.0107805 -0.007 -0.00455111 0.0107805 -0.015 -0.00455111 0.0103923 -0.007 -0.0045 0.0103923 -0.015 -0.0045 0.0100041 -0.007 -0.00455111 0.0100041 -0.015 -0.00455111 0.0096423 -0.007 -0.00470096 0.0096423 -0.015 -0.00470096 0.00933164 -0.007 -0.00493934 0.00933164 -0.015 -0.00493934 0.00909327 -0.007 -0.00525 0.00909327 -0.015 -0.00525 0.00894342 -0.007 -0.00561177 0.00894342 -0.015 -0.00561177 0.00889231 -0.007 -0.006 0.00889231 -0.015 -0.006 0.00894342 -0.007 -0.00638823 0.00894342 -0.015 -0.00638823 0.00909327 -0.015 -0.00675 -0.0116913 -0.007 -0.00675 -0.0115954 -0.015 -0.006875 -0.011453 -0.007 -0.00706066 -0.011453 -0.015 -0.00706066 -0.0111423 -0.007 -0.00729904 -0.0111423 -0.015 -0.00729904 -0.0107805 -0.007 -0.00744889 -0.0107805 -0.015 -0.00744889 -0.0103923 -0.007 -0.0075 -0.0103923 -0.015 -0.0075 -0.0100041 -0.007 -0.00744889 -0.0100041 -0.015 -0.00744889 -0.0096423 -0.007 -0.00729904 -0.0096423 -0.015 -0.00729904 -0.00937115 -0.015 -0.00709098 -0.00933164 -0.007 -0.00706066 -0.00933164 -0.015 -0.00706066 -0.00918918 -0.015 -0.006875 -0.00909327 -0.007 -0.00675 -0.00909327 -0.015 -0.00675 -0.00894342 -0.007 -0.00638823 -0.00894342 -0.015 -0.00638823 -0.00889231 -0.007 -0.006 -0.00889231 -0.015 -0.006 -0.00894342 -0.007 -0.00561177 -0.00894342 -0.015 -0.00561177 -0.00909327 -0.007 -0.00525 -0.00909327 -0.015 -0.00525 -0.00933164 -0.007 -0.00493934 -0.00933164 -0.015 -0.00493934 -0.00937115 -0.015 -0.00490902 -0.0096423 -0.007 -0.00470096 -0.0096423 -0.015 -0.00470096 -0.0100041 -0.007 -0.00455111 -0.0100041 -0.015 -0.00455111 -0.0103923 -0.007 -0.0045 -0.0103923 -0.015 -0.0045 -0.0107805 -0.007 -0.00455111 -0.0107805 -0.015 -0.00455111 -0.0111423 -0.007 -0.00470096 -0.0111423 -0.015 -0.00470096 -0.011453 -0.007 -0.00493934 -0.011453 -0.015 -0.00493934 -0.0116913 -0.007 -0.00525 -0.0116913 -0.015 -0.00525 -0.0118412 -0.007 -0.00561177 -0.0118412 -0.015 -0.00561177 -0.0118923 -0.007 -0.006 -0.0118923 -0.015 -0.006 -0.0118412 -0.007 -0.00638823 -0.0118412 -0.015 -0.00638823 -0.0116913 -0.015 -0.00675 -0.00120741 -0.015 0.0246765 -0.00125 -0.015 0.025 -0.001375 -0.015 0.018625 -0.0072 -0.015 -0.006875 -0.0072 -0.015 -0.00787115 -0.002675 -0.015 -0.00787115 0.00129904 -0.015 0.01275 0.001375 -0.015 0.0125666 0.001375 -0.015 0.0130212 -0.00144889 -0.015 0.0123882 -0.001375 -0.015 0.0125666 -0.001375 -0.015 0.0130212 -0.00852115 -0.015 -0.0134856 -0.00852115 -0.015 -0.00787115 -0.00937115 -0.015 -0.00787115 -0.007075 -0.015 -0.0122543 -0.0072 -0.015 -0.0121583 -0.0072 -0.015 -0.0142826 0.013075 -0.015 -0.00186195 0.0130212 -0.015 -0.00188426 0.0130212 -0.015 -0.003325 0.0130212 -0.015 0.00188426 0.013075 -0.015 0.00186195 0.016 -0.015 0.0042 0.0140767 -0.015 0.000556461 0.016 -0.015 -6.994405e-15 0.013862 -0.015 0.001075 0.0135203 -0.015 0.00152028 0.0135203 -0.015 -0.00152028 0.0156057 -0.015 -0.003325 0.013862 -0.015 -0.001075 0.015803 -0.015 -0.00250295 0.0140767 -0.015 -0.000556461 0.01415 -0.015 -7.105427e-15 0.0152169 -0.015 -0.00494427 0.0130212 -0.015 -0.006875 0.0144172 -0.015 -0.006875 0.0130212 -0.015 -0.00787115 0.0138839 -0.015 -0.00787115 0.0142561 -0.015 -0.00726385 0.00852115 -0.015 -0.00787115 0.00852115 -0.015 -0.0134856 0.00940456 -0.015 -0.0129443 0.0113137 -0.015 -0.0113137 0.0129443 -0.015 -0.00940456 0.0130212 -0.015 -0.00927911 0.00786195 -0.015 -0.0114673 0.00752028 -0.015 -0.0119126 0.00726385 -0.015 -0.0142561 0.0072 -0.015 -0.0121583 0.0072 -0.015 -0.0142826 0.0072 -0.015 -0.00862627 0.00752028 -0.015 -0.00887203 0.00786195 -0.015 -0.0093173 0.00807674 -0.015 -0.00983584 0.00815 -0.015 -0.0103923 0.00807674 -0.015 -0.0109488 0.007075 -0.015 -0.0122543 0.00655646 -0.015 -0.012469 0.00494427 -0.015 -0.0152169 0.00392326 -0.015 -0.0109488 0.00385 -0.015 -0.0103923 0.001375 -0.015 -0.00787115 0.00392326 -0.015 -0.00983584 0.00413805 -0.015 -0.0093173 0.00447972 -0.015 -0.00887203 0.004925 -0.015 -0.00853035 0.00544354 -0.015 -0.00831556 0.006 -0.015 -0.0082423 0.0072 -0.015 -0.00787115 0.00655646 -0.015 -0.00831556 0.007075 -0.015 -0.00853035 0.006 -0.015 -0.0125423 0.00544354 -0.015 -0.012469 0.00250295 -0.015 -0.015803 0.004925 -0.015 -0.0122543 0.001375 -0.015 -0.0158918 0.00447972 -0.015 -0.0119126 0.00413805 -0.015 -0.0114673 1.601699e-15 -0.015 -0.016 -0.001375 -0.015 -0.00787115 -0.001375 -0.015 -0.0158918 -0.00752028 -0.015 -0.00887203 -0.0072 -0.015 -0.00862627 -0.007075 -0.015 -0.00853035 -0.004925 -0.015 -0.00853035 -0.00447972 -0.015 -0.00887203 -0.00655646 -0.015 -0.00831556 -0.006 -0.015 -0.0082423 -0.00544354 -0.015 -0.00831556 -0.00494427 -0.015 -0.0152169 -0.002675 -0.015 -0.0157617 -0.004925 -0.015 -0.0122543 -0.00413805 -0.015 -0.0093173 -0.00392326 -0.015 -0.00983584 -0.00385 -0.015 -0.0103923 -0.00392326 -0.015 -0.0109488 -0.00413805 -0.015 -0.0114673 -0.00447972 -0.015 -0.0119126 -0.00250295 -0.015 -0.015803 -0.00544354 -0.015 -0.012469 -0.006 -0.015 -0.0125423 -0.00655646 -0.015 -0.012469 -0.00752028 -0.015 -0.0119126 -0.00786195 -0.015 -0.0114673 -0.00726385 -0.015 -0.0142561 -0.00807674 -0.015 -0.0109488 -0.00815 -0.015 -0.0103923 -0.00807674 -0.015 -0.00983584 -0.00786195 -0.015 -0.0093173 -0.0138839 -0.015 -0.00787115 -0.0129443 -0.015 -0.00940456 -0.0113137 -0.015 -0.0113137 -0.00940456 -0.015 -0.0129443 -0.00937115 -0.015 -0.0129647 -0.00937115 -0.015 -0.00709098 -0.0096423 -0.015 -0.00729904 -0.0111423 -0.015 -0.00729904 -0.011453 -0.015 -0.00706066 -0.0142561 -0.015 -0.00726385 -0.0115954 -0.015 -0.006875 -0.0144172 -0.015 -0.006875 -0.0100041 -0.015 -0.00744889 -0.0103923 -0.015 -0.0075 -0.0107805 -0.015 -0.00744889 -0.0116913 -0.015 -0.00675 -0.0118412 -0.015 -0.00638823 -0.0152169 -0.015 -0.00494427 -0.0100041 -0.015 -0.00455111 -0.0096423 -0.015 -0.00470096 -0.00937115 -0.015 -0.003325 -0.0118923 -0.015 -0.006 -0.0118412 -0.015 -0.00561177 -0.0156057 -0.015 -0.003325 -0.0116913 -0.015 -0.00525 -0.011453 -0.015 -0.00493934 -0.0111423 -0.015 -0.00470096 -0.0107805 -0.015 -0.00455111 -0.0103923 -0.015 -0.0045 -0.010925 -0.015 0.00186195 -0.0104797 -0.015 0.00152028 -0.00937115 -0.015 0.0042 -0.010138 -0.015 0.001075 -0.00992326 -0.015 0.000556461 -0.00985 -0.015 -6.994405e-15 -0.00992326 -0.015 -0.000556461 -0.013075 -0.015 0.00186195 -0.016 -0.015 0.0042 -0.0135203 -0.015 0.00152028 -0.013862 -0.015 0.001075 -0.013075 -0.015 -0.00186195 -0.0135203 -0.015 -0.00152028 -0.0140767 -0.015 0.000556461 -0.016 -0.015 -6.994405e-15 -0.01415 -0.015 -6.994405e-15 -0.010138 -0.015 -0.001075 -0.0104797 -0.015 -0.00152028 -0.010925 -0.015 -0.00186195 -0.015803 -0.015 -0.00250295 -0.013862 -0.015 -0.001075 -0.0140767 -0.015 -0.000556461 -0.0125565 -0.015 0.00207674 -0.012 -0.015 0.00215 -0.0114435 -0.015 0.00207674 -0.0114435 -0.015 -0.00207674 -0.012 -0.015 -0.00215 -0.0125565 -0.015 -0.00207674 -0.00605364 -0.015 0.00155431 -0.0072 -0.015 0.0042 -0.00625 -0.015 -6.994405e-15 -0.0072 -0.015 -0.003325 -0.00605364 -0.015 -0.00155431 -0.00547692 -0.015 -0.00301096 -0.002675 -0.015 -0.006875 -0.002675 -0.015 -0.00559417 -0.00334892 -0.015 -0.00527705 -0.00455605 -0.015 -0.00427842 -0.00524875 -0.015 -0.003325 -0.001375 -0.015 -0.006875 0.001375 -0.015 -0.006875 0.00117113 -0.015 -0.0061393 -0.000392441 -0.015 -0.00623767 -0.001375 -0.015 -0.00605023 -0.00193136 -0.015 -0.0059441 0.00505636 -0.015 -0.00367366 0.0072 -0.015 -0.006875 0.00524803 -0.015 -0.003325 0.0072 -0.015 -0.003325 0.0058111 -0.015 -0.00230078 0.0039839 -0.015 -0.00481571 0.00266112 -0.015 -0.00565517 0.001375 -0.015 -0.00607305 0.00505636 -0.015 0.00367366 0.0058111 -0.015 0.00230078 0.0072 -0.015 0.0042 0.00620072 -0.015 0.000783333 0.00620072 -0.015 -0.000783333 0.0072 -0.015 0.00724615 0.001375 -0.015 0.00724615 0.001375 -0.015 0.00607305 0.00266112 -0.015 0.00565517 0.0039839 -0.015 0.00481571 0.00456209 -0.015 0.0042 -0.001375 -0.015 0.00724615 -0.000392441 -0.015 0.00623767 0.00117113 -0.015 0.0061393 -0.00334892 -0.015 0.00527705 -0.002675 -0.015 0.00559417 -0.002675 -0.015 0.00724615 -0.00193136 -0.015 0.0059441 -0.001375 -0.015 0.00605023 -0.00547692 -0.015 0.00301096 -0.00461303 -0.015 0.0042 -0.0072 -0.015 0.00724615 -0.00455605 -0.015 0.00427842 -0.00752028 -0.015 0.00887203 -0.00786195 -0.015 0.0093173 -0.00852115 -0.015 0.00724615 -0.0072 -0.015 0.00862627 -0.00807674 -0.015 0.00983584 -0.00815 -0.015 0.0103923 -0.00852115 -0.015 0.0130212 -0.00807674 -0.015 0.0109488 -0.00786195 -0.015 0.0114673 -0.00752028 -0.015 0.0119126 -0.0072 -0.015 0.0121583 -0.0072 -0.015 0.0130212 -0.007075 -0.015 0.0122543 -0.00655646 -0.015 0.012469 -0.00413805 -0.015 0.0093173 -0.00447972 -0.015 0.00887203 -0.004925 -0.015 0.00853035 -0.00544354 -0.015 0.00831556 -0.006 -0.015 0.0082423 -0.00655646 -0.015 0.00831556 -0.007075 -0.015 0.00853035 -0.006 -0.015 0.0125423 -0.00544354 -0.015 0.012469 -0.002675 -0.015 0.0130212 -0.004925 -0.015 0.0122543 -0.00447972 -0.015 0.0119126 -0.00413805 -0.015 0.0114673 -0.00392326 -0.015 0.0109488 -0.00385 -0.015 0.0103923 -0.00392326 -0.015 0.00983584 0.00752028 -0.015 0.00887203 0.0072 -0.015 0.00862627 0.007075 -0.015 0.00853035 0.00655646 -0.015 0.00831556 0.006 -0.015 0.0082423 0.00544354 -0.015 0.00831556 0.004925 -0.015 0.00853035 0.00447972 -0.015 0.00887203 0.00413805 -0.015 0.0093173 0.00392326 -0.015 0.00983584 0.00144889 -0.015 0.0123882 0.00447972 -0.015 0.0119126 0.0015 -0.015 0.012 0.00413805 -0.015 0.0114673 0.004925 -0.015 0.0122543 0.00544354 -0.015 0.012469 0.007075 -0.015 0.0122543 0.0072 -0.015 0.0130212 0.00655646 -0.015 0.012469 0.006 -0.015 0.0125423 0.00392326 -0.015 0.0109488 0.00144889 -0.015 0.0116118 0.00385 -0.015 0.0103923 0.001375 -0.015 0.0114334 0.0072 -0.015 0.0121583 0.00752028 -0.015 0.0119126 0.00852115 -0.015 0.0130212 0.00786195 -0.015 0.0114673 0.00807674 -0.015 0.0109488 0.00815 -0.015 0.0103923 0.00852115 -0.015 0.00724615 0.00807674 -0.015 0.00983584 0.00786195 -0.015 0.0093173 0.010138 -0.015 -0.001075 0.00852115 -0.015 -0.003325 0.0104797 -0.015 -0.00152028 0.010925 -0.015 -0.00186195 0.010925 -0.015 0.00186195 0.00852115 -0.015 0.0042 0.0104797 -0.015 0.00152028 0.010138 -0.015 0.001075 0.012 -0.015 0.00215 0.0125565 -0.015 0.00207674 0.0130212 -0.015 0.0042 0.00992326 -0.015 -0.000556461 0.00985 -0.015 -7.105427e-15 0.00992326 -0.015 0.000556461 0.0125565 -0.015 -0.00207674 0.012 -0.015 -0.00215 0.0114435 -0.015 -0.00207674 0.0114435 -0.015 0.00207674 -0.00933164 -0.015 -0.00706066 -0.00918918 -0.015 -0.006875 -0.00852115 -0.015 -0.006875 -0.00909327 -0.015 -0.00675 -0.00933164 -0.015 -0.00493934 -0.00909327 -0.015 -0.00525 -0.00852115 -0.015 -0.003325 -0.00937115 -0.015 -0.00490902 -0.00894342 -0.015 -0.00561177 -0.00889231 -0.015 -0.006 -0.00894342 -0.015 -0.00638823 0.00852115 -0.015 -0.006875 0.00918918 -0.015 -0.006875 0.00909327 -0.015 -0.00675 0.00894342 -0.015 -0.00561177 0.00889231 -0.015 -0.006 0.00894342 -0.015 -0.00638823 0.00909327 -0.015 -0.00525 0.00933164 -0.015 -0.00493934 0.0096423 -0.015 -0.00470096 0.0111423 -0.015 -0.00470096 0.011453 -0.015 -0.00493934 0.0100041 -0.015 -0.00455111 0.0103923 -0.015 -0.0045 0.0107805 -0.015 -0.00455111 0.0116913 -0.015 -0.00525 0.0118412 -0.015 -0.00561177 0.0118923 -0.015 -0.006 0.0118412 -0.015 -0.00638823 0.0116913 -0.015 -0.00675 0.0115954 -0.015 -0.006875 0.011453 -0.015 -0.00706066 0.0111423 -0.015 -0.00729904 0.00933164 -0.015 -0.00706066 0.0096423 -0.015 -0.00729904 0.0107805 -0.015 -0.00744889 0.0103923 -0.015 -0.0075 0.0100041 -0.015 -0.00744889 -0.0015 -0.015 0.012 -0.00144889 -0.015 0.0116118 -0.001375 -0.015 0.0114334 0.00106066 -0.015 0.0109393 0.00075 -0.015 0.010701 -0.00075 -0.015 0.010701 -0.00106066 -0.015 0.0109393 -0.00129904 -0.015 0.01125 0.00129904 -0.015 0.01125 0.000388229 -0.015 0.0105511 1.609398e-15 -0.015 0.0105 -0.000388229 -0.015 0.0105511 -0.00075 -0.015 0.013299 -0.000388229 -0.015 0.0134489 0.001375 -0.015 0.018625 1.611431e-15 -0.015 0.0135 0.000388229 -0.015 0.0134489 0.00075 -0.015 0.013299 0.00106066 -0.015 0.0130607 0.00109098 -0.015 0.0130212 -0.00129904 -0.015 0.01275 -0.00109098 -0.015 0.0130212 -0.00106066 -0.015 0.0130607 -0.00852115 -0.015 0.0042 -0.00108253 -0.015 0.025625 -0.000883883 -0.015 0.0258839 -0.001375 -0.015 0.0325 0.000625 -0.015 0.0239175 0.000883883 -0.015 0.0241161 0.00108253 -0.015 0.024375 -0.00120741 -0.015 0.0253235 -0.000625 -0.015 0.0260825 -0.000323524 -0.015 0.0262074 0.001375 -0.015 0.0325 1.608102e-15 -0.015 0.02625 0.000323524 -0.015 0.0262074 0.000625 -0.015 0.0260825 0.000883883 -0.015 0.0258839 0.00108253 -0.015 0.025625 0.000323524 -0.015 0.0237926 1.606408e-15 -0.015 0.02375 -0.000323524 -0.015 0.0237926 -0.000625 -0.015 0.0239175 -0.000883883 -0.015 0.0241161 -0.00108253 -0.015 0.024375 0.00120741 -0.015 0.0253235 0.00125 -0.015 0.025 0.00120741 -0.015 0.0246765 0.000323524 -0.015 0.0412074 0.000625 -0.015 0.0410825 0.001375 -0.015 0.0475 0.000883883 -0.015 0.0408839 0.00108253 -0.015 0.040625 -0.001375 -0.015 0.0475 -0.00108253 -0.015 0.040625 -0.000883883 -0.015 0.0408839 -0.000625 -0.015 0.0410825 -0.000323524 -0.015 0.0412074 1.606265e-15 -0.015 0.04125 0.00108253 -0.015 0.039375 0.000883883 -0.015 0.0391161 -0.000323524 -0.015 0.0387926 -0.000625 -0.015 0.0389175 -0.000883883 -0.015 0.0391161 -0.00108253 -0.015 0.039375 -0.00120741 -0.015 0.0396765 -0.00125 -0.015 0.04 -0.00120741 -0.015 0.0403235 0.00120741 -0.015 0.0403235 0.00125 -0.015 0.04 0.00120741 -0.015 0.0396765 0.000625 -0.015 0.0389175 0.000323524 -0.015 0.0387926 1.604571e-15 -0.015 0.03875 -0.016 -0.015 0.00724615 -0.00937115 -0.015 0.00724615 -0.016 -0.015 0.0130212 -0.00937115 -0.015 0.0130212 -0.016 -0.015 0.018625 -0.00937115 -0.015 0.018625 -0.016 -0.015 0.0325 -0.00937115 -0.015 0.0325 -0.016 -0.015 0.0475 -0.00937115 -0.015 0.0475 -0.016 -0.015 0.062125 -0.00937115 -0.015 0.062125 -0.016 -0.015 0.068 -0.00852115 -0.015 0.018625 -0.00852115 -0.015 0.0325 -0.00852115 -0.015 0.0475 -0.00852115 -0.015 0.062125 -0.0072 -0.015 0.018625 -0.0072 -0.015 0.0325 -0.0072 -0.015 0.0475 -0.0072 -0.015 0.062125 -0.002675 -0.015 0.018625 -0.002675 -0.015 0.0325 -0.002675 -0.015 0.0475 -0.002675 -0.015 0.062125 -0.001375 -0.015 0.062125 0.00108253 -0.015 0.055625 0.001375 -0.015 0.062125 0.000883883 -0.015 0.0558839 0.000625 -0.015 0.0560825 -0.000625 -0.015 0.0560825 -0.000883883 -0.015 0.0558839 -0.00108253 -0.015 0.055625 -0.000323524 -0.015 0.0562074 1.604428e-15 -0.015 0.05625 0.000323524 -0.015 0.0562074 0.00108253 -0.015 0.054375 0.000883883 -0.015 0.0541161 -0.000323524 -0.015 0.0537926 -0.000625 -0.015 0.0539175 -0.000883883 -0.015 0.0541161 -0.00108253 -0.015 0.054375 -0.00120741 -0.015 0.0546765 -0.00125 -0.015 0.055 -0.00120741 -0.015 0.0553235 0.00120741 -0.015 0.0553235 0.00125 -0.015 0.055 0.00120741 -0.015 0.0546765 0.000625 -0.015 0.0539175 0.000323524 -0.015 0.0537926 1.602734e-15 -0.015 0.05375 0.0072 -0.015 0.018625 0.0072 -0.015 0.0325 0.0072 -0.015 0.0475 0.0072 -0.015 0.062125 0.00852115 -0.015 0.018625 0.00852115 -0.015 0.0325 0.00852115 -0.015 0.0475 0.00852115 -0.015 0.062125 0.0130212 -0.015 0.00724615 0.0130212 -0.015 0.0130212 0.0130212 -0.015 0.018625 0.0130212 -0.015 0.0325 0.0130212 -0.015 0.0475 0.0130212 -0.015 0.062125 0.016 -0.015 0.00724615 0.016 -0.015 0.0130212 0.016 -0.015 0.018625 0.016 -0.015 0.0325 0.016 -0.015 0.0475 0.016 -0.015 0.062125 -0.00937115 -0.015 0.068 -0.00852115 -0.015 0.068 -0.0072 -0.015 0.068 -0.002675 -0.015 0.068 -0.001375 -0.015 0.068 0.001375 -0.015 0.068 0.0072 -0.015 0.068 0.00852115 -0.015 0.068 0.0130212 -0.015 0.068 0.016 -0.015 0.068 0.016 -0.015 0.068 0.016 -0.015 0.062125 0.016 -0.005 0.064 0.016 -0.01203528 0.0718637 0.016 -0.013 0.0714641 0.016 -0.01382843 0.0708284 0.016 0.011 0.064 0.016 0.011 0.072 0.016 0.00375385 0.064 0.016 0.00375385 0.072 0.016 -0.00202115 0.064 0.016 -0.00227115 0.072 0.016 -0.011 0.072 0.016 -0.0144641 0.07 0.016 -0.0148637 0.0690353 0.016 -0.015 0.0475 0.016 -0.015 0.0325 0.016 -0.005 -6.994405e-15 0.016 -0.015 0.018625 0.016 -0.015 0.0130212 0.016 -0.015 0.00724615 0.016 -0.015 0.0042 0.016 -0.015 -6.994405e-15 -0.016 0.011 0.072 -0.016 0.011 0.064 -0.016 0.00375385 0.072 -0.016 0.00375385 0.064 -0.016 -0.00227115 0.072 -0.016 -0.00202115 0.064 -0.016 -0.011 0.072 -0.016 -0.005 0.064 -0.016 -0.01203528 0.0718637 -0.016 -0.013 0.0714641 -0.016 -0.015 -6.994405e-15 -0.016 -0.015 0.0042 -0.016 -0.005 -6.994405e-15 -0.016 -0.015 0.00724615 -0.016 -0.015 0.0130212 -0.016 -0.015 0.018625 -0.016 -0.015 0.0325 -0.016 -0.015 0.0475 -0.016 -0.015 0.062125 -0.016 -0.015 0.068 -0.016 -0.0148637 0.0690353 -0.016 -0.0144641 0.07 -0.016 -0.01382843 0.0708284 0.00120741 -0.005 0.0246765 0.00125 -0.005 0.025 0.0129443 -0.005 0.00940456 -0.000323524 -0.005 0.0237926 1.606408e-15 -0.005 0.02375 0.0113137 -0.005 0.0113137 0.000323524 -0.005 0.0237926 0.000625 -0.005 0.0239175 0.000883883 -0.005 0.0241161 0.00108253 -0.005 0.024375 0.00852115 -0.005 0.064 0.0130212 -0.005 0.064 0.00108253 -0.005 0.055625 0.016 -0.005 0.064 0.00120741 -0.005 0.0553235 0.000883883 -0.005 0.0558839 0.000625 -0.005 0.0560825 0.002675 -0.005 0.064 0.000323524 -0.005 0.0562074 -0.002675 -0.005 0.064 -0.000323524 -0.005 0.0537926 0.00108253 -0.005 0.040625 0.000883883 -0.005 0.0408839 -0.000625 -0.005 0.0539175 -0.00120741 -0.005 0.0553235 -0.00125 -0.005 0.055 -0.016 -0.005 0.064 -0.015803 -0.005 0.00250295 -0.016 -0.005 -6.994405e-15 0.000625 -0.005 0.0410825 0.000323524 -0.005 0.0412074 1.606265e-15 -0.005 0.04125 0.00120741 -0.005 0.0253235 0.00108253 -0.005 0.025625 0.000625 -0.005 0.0389175 1.604428e-15 -0.005 0.05625 -0.000323524 -0.005 0.0562074 -0.0072 -0.005 0.064 -0.000625 -0.005 0.0560825 -0.00937115 -0.005 0.064 -0.000883883 -0.005 0.0558839 -0.00108253 -0.005 0.055625 -0.0152169 -0.005 0.00494427 -0.000323524 -0.005 0.0412074 -0.000625 -0.005 0.0410825 -0.000883883 -0.005 0.0408839 -0.00120741 -0.005 0.0396765 -0.00108253 -0.005 0.039375 0.000883883 -0.005 0.0541161 0.0152169 -0.005 0.00494427 0.000625 -0.005 0.0539175 0.0142561 -0.005 0.00726385 0.000323524 -0.005 0.0537926 -0.0142561 -0.005 0.00726385 -0.00120741 -0.005 0.0546765 -0.00108253 -0.005 0.054375 -0.000883883 -0.005 0.0541161 0.000883883 -0.005 0.0391161 0.00108253 -0.005 0.039375 -0.000883883 -0.005 0.0391161 -0.000625 -0.005 0.0389175 -0.0129443 -0.005 0.00940456 -0.0113137 -0.005 0.0113137 -0.00125 -0.005 0.025 -0.00120741 -0.005 0.0246765 -0.00726385 -0.005 0.0142561 1.602734e-15 -0.005 0.05375 0.00125 -0.005 0.04 0.00120741 -0.005 0.0403235 0.015803 -0.005 0.00250295 0.016 -0.005 -6.994405e-15 0.00108253 -0.005 0.054375 0.00120741 -0.005 0.0546765 0.00125 -0.005 0.055 -0.00120741 -0.005 0.0253235 -0.00108253 -0.005 0.040625 -0.00120741 -0.005 0.0403235 -0.00125 -0.005 0.04 0.000883883 -0.005 0.0258839 0.000625 -0.005 0.0260825 0.000323524 -0.005 0.0387926 0.000323524 -0.005 0.0262074 1.604571e-15 -0.005 0.03875 1.608102e-15 -0.005 0.02625 -0.000323524 -0.005 0.0387926 -0.000323524 -0.005 0.0262074 -0.00108253 -0.005 0.024375 -0.000883883 -0.005 0.0241161 -0.00494427 -0.005 0.0152169 0.00120741 -0.005 0.0396765 -0.000625 -0.005 0.0260825 -0.000883883 -0.005 0.0258839 -0.00108253 -0.005 0.025625 0.00726385 -0.005 0.0142561 0.00494427 -0.005 0.0152169 -0.000625 -0.005 0.0239175 -0.00940456 -0.005 0.0129443 0.00940456 -0.005 0.0129443 0.00250295 -0.005 0.015803 1.605824e-15 -0.005 0.016 -0.00250295 -0.005 0.015803 0.00866025 1.500536e-15 -0.007 0.00875617 1.500536e-15 -0.007125 0.0072 1.500536e-15 -0.007125 -0.0142561 1.500536e-15 0.00726385 -0.0132712 1.500536e-15 0.00887114 -0.0132712 1.500536e-15 0.00724615 -0.00494427 1.500536e-15 0.0152169 -0.002925 1.500536e-15 0.0157017 -0.002925 1.500536e-15 0.0132712 0.0142561 1.500536e-15 0.00726385 0.0142634 1.500536e-15 0.00724615 0.00912115 1.500536e-15 0.00724615 0.007075 1.500536e-15 -0.0122543 0.0072 1.500536e-15 -0.0121583 0.0072 1.500536e-15 -0.0142826 -0.0140767 1.500536e-15 0.000556461 -0.01415 1.500536e-15 -6.994405e-15 -0.016 1.500536e-15 -6.994405e-15 -0.0140767 1.500536e-15 -0.000556461 -0.015803 1.500536e-15 -0.00250295 -0.013862 1.500536e-15 -0.001075 -0.0156657 1.500536e-15 -0.003075 -0.0135203 1.500536e-15 -0.00152028 -0.0132712 1.500536e-15 -0.003075 -0.0152169 1.500536e-15 -0.00494427 -0.0132712 1.500536e-15 -0.007125 -0.0143136 1.500536e-15 -0.007125 -0.0132712 1.500536e-15 -0.00812115 -0.0137307 1.500536e-15 -0.00812115 -0.0142561 1.500536e-15 -0.00726385 -0.00827115 1.500536e-15 -0.00812115 -0.00827115 1.500536e-15 -0.0136388 -0.00940456 1.500536e-15 -0.0129443 -0.0113137 1.500536e-15 -0.0113137 -0.0129443 1.500536e-15 -0.00940456 -0.0132712 1.500536e-15 -0.00887114 -0.002925 1.500536e-15 -0.00812115 -0.00447972 1.500536e-15 -0.00887203 -0.004925 1.500536e-15 -0.00853035 -0.00385 1.500536e-15 -0.0103923 -0.00392326 1.500536e-15 -0.00983584 -0.00413805 1.500536e-15 -0.0093173 -0.007075 1.500536e-15 -0.00853035 -0.00752028 1.500536e-15 -0.00887203 -0.00786195 1.500536e-15 -0.0093173 -0.00544354 1.500536e-15 -0.00831556 -0.006 1.500536e-15 -0.0082423 -0.00655646 1.500536e-15 -0.00831556 -0.00807674 1.500536e-15 -0.00983584 -0.00815 1.500536e-15 -0.0103923 -0.00807674 1.500536e-15 -0.0109488 -0.00786195 1.500536e-15 -0.0114673 -0.004925 1.500536e-15 -0.0122543 -0.002925 1.500536e-15 -0.0157017 -0.00544354 1.500536e-15 -0.012469 -0.00494427 1.500536e-15 -0.0152169 -0.00447972 1.500536e-15 -0.0119126 -0.00413805 1.500536e-15 -0.0114673 -0.00392326 1.500536e-15 -0.0109488 -0.00752028 1.500536e-15 -0.0119126 -0.007075 1.500536e-15 -0.0122543 -0.00726385 1.500536e-15 -0.0142561 -0.00655646 1.500536e-15 -0.012469 -0.006 1.500536e-15 -0.0125423 0.002925 1.500536e-15 -0.00812115 0.002925 1.500536e-15 -0.0157017 0.00250295 1.500536e-15 -0.015803 -0.00250295 1.500536e-15 -0.015803 1.603864e-15 1.500536e-15 -0.016 0.00752028 1.500536e-15 -0.00887203 0.0072 1.500536e-15 -0.00862627 0.0072 1.500536e-15 -0.00812115 0.007075 1.500536e-15 -0.00853035 0.004925 1.500536e-15 -0.00853035 0.00447972 1.500536e-15 -0.00887203 0.00413805 1.500536e-15 -0.0093173 0.00655646 1.500536e-15 -0.00831556 0.006 1.500536e-15 -0.0082423 0.00544354 1.500536e-15 -0.00831556 0.00494427 1.500536e-15 -0.0152169 0.006 1.500536e-15 -0.0125423 0.00655646 1.500536e-15 -0.012469 0.00392326 1.500536e-15 -0.00983584 0.00385 1.500536e-15 -0.0103923 0.00392326 1.500536e-15 -0.0109488 0.00413805 1.500536e-15 -0.0114673 0.00447972 1.500536e-15 -0.0119126 0.004925 1.500536e-15 -0.0122543 0.00544354 1.500536e-15 -0.012469 0.00786195 1.500536e-15 -0.0093173 0.00912115 1.500536e-15 -0.00812115 0.00912115 1.500536e-15 -0.0131179 0.00752028 1.500536e-15 -0.0119126 0.00786195 1.500536e-15 -0.0114673 0.00807674 1.500536e-15 -0.0109488 0.00815 1.500536e-15 -0.0103923 0.00807674 1.500536e-15 -0.00983584 0.00726385 1.500536e-15 -0.0142561 0.0137307 1.500536e-15 -0.00812115 0.0129443 1.500536e-15 -0.00940456 0.0113137 1.500536e-15 -0.0113137 0.00940456 1.500536e-15 -0.0129443 0.00912115 1.500536e-15 -0.00752399 0.00939231 1.500536e-15 -0.00773205 0.0113923 1.500536e-15 -0.00773205 0.0118065 1.500536e-15 -0.00741421 0.0142561 1.500536e-15 -0.00726385 0.0120284 1.500536e-15 -0.007125 0.0143136 1.500536e-15 -0.007125 0.00987467 1.500536e-15 -0.00793185 0.0103923 1.500536e-15 -0.008 0.0109099 1.500536e-15 -0.00793185 0.00987467 1.500536e-15 -0.00406815 0.00939231 1.500536e-15 -0.00426795 0.00912115 1.500536e-15 -0.003075 0.0121244 1.500536e-15 -0.007 0.0123242 1.500536e-15 -0.00651764 0.0152169 1.500536e-15 -0.00494427 0.0118065 1.500536e-15 -0.00458579 0.0113923 1.500536e-15 -0.00426795 0.0156657 1.500536e-15 -0.003075 0.0109099 1.500536e-15 -0.00406815 0.0103923 1.500536e-15 -0.004 0.0123923 1.500536e-15 -0.006 0.0123242 1.500536e-15 -0.00548236 0.0121244 1.500536e-15 -0.005 0.0140767 1.500536e-15 -0.000556461 0.01415 1.500536e-15 -7.105427e-15 0.016 1.500536e-15 -6.994405e-15 0.0140767 1.500536e-15 0.000556461 0.015803 1.500536e-15 0.00250295 0.013862 1.500536e-15 0.001075 0.0152169 1.500536e-15 0.00494427 0.0135203 1.500536e-15 0.00152028 0.013075 1.500536e-15 0.00186195 0.010138 1.500536e-15 0.001075 0.0104797 1.500536e-15 0.00152028 0.010925 1.500536e-15 0.00186195 0.010925 1.500536e-15 -0.00186195 0.0104797 1.500536e-15 -0.00152028 0.010138 1.500536e-15 -0.001075 0.00992326 1.500536e-15 0.000556461 0.00985 1.500536e-15 -7.105427e-15 0.00992326 1.500536e-15 -0.000556461 0.0125565 1.500536e-15 0.00207674 0.012 1.500536e-15 0.00215 0.0114435 1.500536e-15 0.00207674 0.013862 1.500536e-15 -0.001075 0.015803 1.500536e-15 -0.00250295 0.0135203 1.500536e-15 -0.00152028 0.013075 1.500536e-15 -0.00186195 0.0114435 1.500536e-15 -0.00207674 0.012 1.500536e-15 -0.00215 0.0125565 1.500536e-15 -0.00207674 0.00940456 1.500536e-15 0.0129443 0.0113137 1.500536e-15 0.0113137 0.0129443 1.500536e-15 0.00940456 0.0072 1.500536e-15 0.00862627 0.00752028 1.500536e-15 0.00887203 0.00786195 1.500536e-15 0.0093173 0.00807674 1.500536e-15 0.00983584 0.00815 1.500536e-15 0.0103923 0.00912115 1.500536e-15 0.0131179 0.00887114 1.500536e-15 0.0132712 0.0072 1.500536e-15 0.0132712 0.00726385 1.500536e-15 0.0142561 0.0072 1.500536e-15 0.0142826 0.00494427 1.500536e-15 0.0152169 0.002925 1.500536e-15 0.0132712 0.002925 1.500536e-15 0.0157017 1.607211e-15 1.500536e-15 0.016 1.60768e-15 1.500536e-15 0.014 -0.000517638 1.500536e-15 0.0139319 -0.00940456 1.500536e-15 0.0129443 -0.00887114 1.500536e-15 0.0132712 -0.00827115 1.500536e-15 0.0132712 -0.00827115 1.500536e-15 0.0136388 -0.00726385 1.500536e-15 0.0142561 -0.00827115 1.500536e-15 0.00724615 -0.0129443 1.500536e-15 0.00940456 -0.0113137 1.500536e-15 0.0113137 -0.013862 1.500536e-15 0.001075 -0.015803 1.500536e-15 0.00250295 -0.0135203 1.500536e-15 0.00152028 -0.0152169 1.500536e-15 0.00494427 -0.0142634 1.500536e-15 0.00724615 0.0072 1.500536e-15 -0.003075 0.0058111 1.500536e-15 -0.00230078 0.00620072 1.500536e-15 -0.000783333 0.00625 1.500536e-15 -6.994405e-15 0.00620072 1.500536e-15 0.000783333 0.0072 1.500536e-15 0.00724615 0.0058111 1.500536e-15 0.00230078 0.00505636 1.500536e-15 -0.00367366 0.00538547 1.500536e-15 -0.003075 0.00117113 1.500536e-15 -0.0061393 0.002925 1.500536e-15 -0.007125 -0.000392441 1.500536e-15 -0.00623767 -0.002925 1.500536e-15 -0.007125 -0.00193136 1.500536e-15 -0.0059441 0.00266112 1.500536e-15 -0.00565517 0.002925 1.500536e-15 -0.00548771 0.0039839 1.500536e-15 -0.00481571 -0.00827115 1.500536e-15 -0.007125 -0.00334892 1.500536e-15 -0.00527705 -0.002925 1.500536e-15 -0.00547653 -0.00605364 1.500536e-15 -0.00155431 -0.00547692 1.500536e-15 -0.00301096 -0.00827115 1.500536e-15 -0.003075 -0.00543039 1.500536e-15 -0.003075 -0.00455605 1.500536e-15 -0.00427842 -0.002925 1.500536e-15 0.00547653 -0.00334892 1.500536e-15 0.00527705 -0.00455605 1.500536e-15 0.00427842 -0.00547692 1.500536e-15 0.00301096 -0.00605364 1.500536e-15 0.00155431 -0.00625 1.500536e-15 -6.994405e-15 0.00266112 1.500536e-15 0.00565517 0.00117113 1.500536e-15 0.0061393 0.002925 1.500536e-15 0.00724615 0.00505636 1.500536e-15 0.00367366 0.0039839 1.500536e-15 0.00481571 0.002925 1.500536e-15 0.00548771 -0.000392441 1.500536e-15 0.00623767 -0.002925 1.500536e-15 0.00724615 -0.00193136 1.500536e-15 0.0059441 -0.010138 1.500536e-15 0.001075 -0.0104797 1.500536e-15 0.00152028 -0.0125565 1.500536e-15 0.00207674 -0.013075 1.500536e-15 0.00186195 -0.0132712 1.500536e-15 0.00171144 -0.0132712 1.500536e-15 -0.00171144 -0.013075 1.500536e-15 -0.00186195 -0.0125565 1.500536e-15 -0.00207674 -0.010138 1.500536e-15 -0.001075 -0.00992326 1.500536e-15 -0.000556461 -0.00985 1.500536e-15 -6.994405e-15 -0.00992326 1.500536e-15 0.000556461 -0.012 1.500536e-15 -0.00215 -0.0114435 1.500536e-15 -0.00207674 -0.010925 1.500536e-15 -0.00186195 -0.0104797 1.500536e-15 -0.00152028 -0.010925 1.500536e-15 0.00186195 -0.0114435 1.500536e-15 0.00207674 -0.012 1.500536e-15 0.00215 0.00807674 1.500536e-15 0.0109488 0.00786195 1.500536e-15 0.0114673 0.00752028 1.500536e-15 0.0119126 0.0072 1.500536e-15 0.0121583 0.007075 1.500536e-15 0.0122543 0.004925 1.500536e-15 0.0122543 0.00447972 1.500536e-15 0.0119126 0.00413805 1.500536e-15 0.0114673 0.00655646 1.500536e-15 0.012469 0.006 1.500536e-15 0.0125423 0.00544354 1.500536e-15 0.012469 0.00413805 1.500536e-15 0.0093173 0.00447972 1.500536e-15 0.00887203 0.00655646 1.500536e-15 0.00831556 0.007075 1.500536e-15 0.00853035 0.004925 1.500536e-15 0.00853035 0.00544354 1.500536e-15 0.00831556 0.006 1.500536e-15 0.0082423 0.00392326 1.500536e-15 0.0109488 0.00385 1.500536e-15 0.0103923 0.00392326 1.500536e-15 0.00983584 -0.00250295 1.500536e-15 0.015803 -0.001 1.500536e-15 0.0137321 -0.00141421 1.500536e-15 0.0134142 -0.00152399 1.500536e-15 0.0132712 -0.00173205 1.500536e-15 0.013 0.00193185 1.500536e-15 0.0125176 0.00173205 1.500536e-15 0.013 0.00152399 1.500536e-15 0.0132712 0.00141421 1.500536e-15 0.0134142 0.00250295 1.500536e-15 0.015803 0.001 1.500536e-15 0.0137321 0.000517638 1.500536e-15 0.0139319 -0.000517638 1.500536e-15 0.0100681 1.61039e-15 1.500536e-15 0.01 0.000517638 1.500536e-15 0.0100681 0.001 1.500536e-15 0.0102679 0.00141421 1.500536e-15 0.0105858 0.00173205 1.500536e-15 0.011 0.00193185 1.500536e-15 0.0114824 0.002 1.500536e-15 0.012 -0.00193185 1.500536e-15 0.0125176 -0.002 1.500536e-15 0.012 -0.00193185 1.500536e-15 0.0114824 -0.00173205 1.500536e-15 0.011 -0.00141421 1.500536e-15 0.0105858 -0.001 1.500536e-15 0.0102679 0.00897809 1.500536e-15 -0.00741421 0.00912115 1.500536e-15 -0.00447601 0.00897809 1.500536e-15 -0.00458579 0.00846045 1.500536e-15 -0.00651764 0.00866025 1.500536e-15 -0.005 0.00846045 1.500536e-15 -0.00548236 0.00839231 1.500536e-15 -0.006 -0.00897809 1.500536e-15 -0.00741421 -0.00875617 1.500536e-15 -0.007125 -0.00866025 1.500536e-15 -0.007 -0.00846045 1.500536e-15 -0.00651764 -0.00839231 1.500536e-15 -0.006 -0.00846045 1.500536e-15 -0.00548236 -0.00866025 1.500536e-15 -0.005 -0.00987467 1.500536e-15 -0.00406815 -0.0103923 1.500536e-15 -0.004 -0.0109099 1.500536e-15 -0.00406815 -0.0113923 1.500536e-15 -0.00426795 -0.0118065 1.500536e-15 -0.00458579 -0.00897809 1.500536e-15 -0.00458579 -0.00939231 1.500536e-15 -0.00426795 -0.0121244 1.500536e-15 -0.005 -0.0123242 1.500536e-15 -0.00548236 -0.0123923 1.500536e-15 -0.006 -0.0123242 1.500536e-15 -0.00651764 -0.00939231 1.500536e-15 -0.00773205 -0.0121244 1.500536e-15 -0.007 -0.0120284 1.500536e-15 -0.007125 -0.0118065 1.500536e-15 -0.00741421 -0.0113923 1.500536e-15 -0.00773205 -0.0109099 1.500536e-15 -0.00793185 -0.0103923 1.500536e-15 -0.008 -0.00987467 1.500536e-15 -0.00793185 -0.007075 1.500536e-15 0.0122543 -0.00752028 1.500536e-15 0.0119126 -0.00786195 1.500536e-15 0.0114673 -0.00807674 1.500536e-15 0.0109488 -0.00413805 1.500536e-15 0.0114673 -0.00447972 1.500536e-15 0.0119126 -0.004925 1.500536e-15 0.0122543 -0.00815 1.500536e-15 0.0103923 -0.00807674 1.500536e-15 0.00983584 -0.00786195 1.500536e-15 0.0093173 -0.00752028 1.500536e-15 0.00887203 -0.00413805 1.500536e-15 0.0093173 -0.00392326 1.500536e-15 0.00983584 -0.00385 1.500536e-15 0.0103923 -0.00392326 1.500536e-15 0.0109488 -0.006 1.500536e-15 0.0082423 -0.00544354 1.500536e-15 0.00831556 -0.004925 1.500536e-15 0.00853035 -0.00447972 1.500536e-15 0.00887203 -0.00544354 1.500536e-15 0.012469 -0.006 1.500536e-15 0.0125423 -0.00655646 1.500536e-15 0.012469 -0.007075 1.500536e-15 0.00853035 -0.00655646 1.500536e-15 0.00831556 0.0132712 0.0198711 0.072 0.0132712 0.0191212 0.072 0.0137307 0.0191212 0.072 -0.0121244 0.018 0.072 -0.0120284 0.018125 0.072 -0.0143136 0.018125 0.072 -0.0156657 0.014075 0.072 -0.0135203 0.0125203 0.072 -0.013075 0.012862 0.072 -0.0125565 0.0130767 0.072 -0.012 0.01315 0.072 -0.00912115 0.014075 0.072 -0.0114435 0.0130767 0.072 -0.010925 0.012862 0.072 -0.00985 0.011 0.072 -0.00992326 0.0104435 0.072 -0.00912115 0.00375385 0.072 -0.013862 0.012075 0.072 -0.015803 0.013503 0.072 -0.0140767 0.0115565 0.072 -0.016 0.011 0.072 -0.01415 0.011 0.072 -0.0104797 0.0125203 0.072 -0.010138 0.012075 0.072 -0.00992326 0.0115565 0.072 -0.013075 0.009138 0.072 -0.0135203 0.0094797 0.072 -0.016 0.00375385 0.072 -0.013862 0.009925 0.072 -0.0140767 0.0104435 0.072 -0.010138 0.009925 0.072 -0.0104797 0.0094797 0.072 -0.010925 0.009138 0.072 -0.0114435 0.0089233 0.072 -0.012 0.00885 0.072 -0.0125565 0.0089233 0.072 -0.00939231 0.0152679 0.072 -0.00987467 0.0150681 0.072 -0.0103923 0.015 0.072 -0.0109099 0.0150681 0.072 -0.0113923 0.0152679 0.072 -0.0118065 0.0155858 0.072 -0.0121244 0.016 0.072 -0.0152169 0.0159443 0.072 -0.0123242 0.0164824 0.072 -0.0123923 0.017 0.072 -0.0123242 0.0175176 0.072 -0.0118065 0.0184142 0.072 -0.0113923 0.0187321 0.072 -0.0137307 0.0191212 0.072 -0.0109099 0.0189319 0.072 -0.0103923 0.019 0.072 -0.00912115 0.0191212 0.072 -0.00987467 0.0189319 0.072 -0.00939231 0.0187321 0.072 -0.0142561 0.0182638 0.072 -0.00912115 0.0241179 0.072 -0.00940456 0.0239443 0.072 -0.0113137 0.0223137 0.072 -0.0129443 0.0204046 0.072 -0.00752028 0.019872 0.072 -0.00786195 0.0203173 0.072 -0.0072 0.0196263 0.072 -0.00807674 0.0219488 0.072 -0.00815 0.0213923 0.072 -0.00807674 0.0208358 0.072 -0.00786195 0.0224673 0.072 -0.00752028 0.0229126 0.072 -0.00726385 0.0252561 0.072 -0.0072 0.0231583 0.072 -0.0072 0.0252826 0.072 -0.002925 0.0267017 0.072 -0.00494427 0.0262169 0.072 -0.00544354 0.023469 0.072 -0.004925 0.0232543 0.072 -0.00447972 0.0229126 0.072 -0.00413805 0.0224673 0.072 -0.007075 0.0232543 0.072 -0.00655646 0.023469 0.072 -0.006 0.0235423 0.072 -0.00392326 0.0219488 0.072 -0.00385 0.0213923 0.072 -0.002925 0.0191212 0.072 -0.00392326 0.0208358 0.072 -0.00413805 0.0203173 0.072 -0.00447972 0.019872 0.072 -0.004925 0.0195303 0.072 -0.00544354 0.0193156 0.072 -0.006 0.0192423 0.072 -0.0072 0.0191212 0.072 -0.00655646 0.0193156 0.072 -0.007075 0.0195303 0.072 0.002925 0.0267017 0.072 0.00250295 0.026803 0.072 0.002925 0.0191212 0.072 1.591966e-15 0.027 0.072 -0.00250295 0.026803 0.072 0.007075 0.0232543 0.072 0.00827115 0.0246388 0.072 0.00655646 0.023469 0.072 0.00726385 0.0252561 0.072 0.006 0.0235423 0.072 0.00494427 0.0262169 0.072 0.00815 0.0213923 0.072 0.00807674 0.0208358 0.072 0.00827115 0.0191212 0.072 0.00752028 0.0229126 0.072 0.00786195 0.0224673 0.072 0.00807674 0.0219488 0.072 0.00413805 0.0224673 0.072 0.00447972 0.0229126 0.072 0.004925 0.0232543 0.072 0.00544354 0.023469 0.072 0.004925 0.0195303 0.072 0.00447972 0.019872 0.072 0.00413805 0.0203173 0.072 0.00786195 0.0203173 0.072 0.00752028 0.019872 0.072 0.007075 0.0195303 0.072 0.00655646 0.0193156 0.072 0.006 0.0192423 0.072 0.00544354 0.0193156 0.072 0.00392326 0.0208358 0.072 0.00385 0.0213923 0.072 0.00392326 0.0219488 0.072 0.00940456 0.0239443 0.072 0.0113137 0.0223137 0.072 0.0129443 0.0204046 0.072 0.0142561 0.0182638 0.072 0.0132712 0.018125 0.072 0.0143136 0.018125 0.072 0.0152169 0.0159443 0.072 0.0132712 0.014075 0.072 0.0156657 0.014075 0.072 0.01415 0.011 0.072 0.0140767 0.0104435 0.072 0.016 0.011 0.072 0.016 0.00375385 0.072 -0.002925 0.016511 0.072 -0.00155431 0.0170536 0.072 -0.002925 0.018125 0.072 1.609823e-15 0.01725 0.072 0.002925 0.018125 0.072 0.00155431 0.0170536 0.072 -0.0072 0.018125 0.072 -0.00427842 0.0155561 0.072 -0.00301096 0.0164769 0.072 -0.0061393 0.0098289 0.072 -0.00623767 0.0113924 0.072 -0.0072 0.014075 0.072 -0.0059441 0.0129314 0.072 -0.00540595 0.014075 0.072 -0.00527705 0.0143489 0.072 -0.0072 0.00375385 0.072 -0.00481571 0.0070161 0.072 -0.00565517 0.0083389 0.072 -0.000783333 0.00479928 0.072 -0.00230078 0.0051889 0.072 -0.002925 0.00375385 0.072 -0.002925 0.0055321 0.072 -0.00367366 0.0059436 0.072 0.000783333 0.00479928 0.072 0.002925 0.00375385 0.072 0.00230078 0.0051889 0.072 0.00827115 0.00375385 0.072 0.0061393 0.0098289 0.072 0.00565517 0.0083389 0.072 0.00623767 0.0113924 0.072 0.00827115 0.014075 0.072 0.0059441 0.0129314 0.072 0.00481571 0.0070161 0.072 0.00367366 0.0059436 0.072 0.002925 0.0055321 0.072 0.00827115 0.018125 0.072 0.00527705 0.0143489 0.072 0.00540595 0.014075 0.072 0.002925 0.016511 0.072 0.00301096 0.0164769 0.072 0.00427842 0.0155561 0.072 -0.00385 0.0006077 0.072 -0.002925 -0.00227115 0.072 -0.004925 0.00246965 0.072 -0.00447972 0.00212797 0.072 -0.00392326 5.123e-05 0.072 -0.00413805 -0.0004673 0.072 -0.00447972 -0.00091258 0.072 -0.007075 0.00246965 0.072 -0.00655646 0.00268444 0.072 -0.006 0.00275769 0.072 -0.00544354 0.00268444 0.072 -0.00413805 0.0016827 0.072 -0.00392326 0.00116416 0.072 -0.004925 -0.00125426 0.072 -0.00544354 -0.00146905 0.072 -0.0072 -0.00227115 0.072 -0.006 -0.0015423 0.072 -0.00655646 -0.00146905 0.072 -0.00786195 -0.0004673 0.072 -0.00807674 5.123e-05 0.072 -0.00912115 -0.00227115 0.072 -0.00752028 0.00212797 0.072 -0.0072 0.00237373 0.072 -0.007075 -0.00125426 0.072 -0.0072 -0.00115834 0.072 -0.00752028 -0.00091258 0.072 -0.00815 0.0006077 0.072 -0.00807674 0.00116416 0.072 -0.00786195 0.0016827 0.072 0.013862 0.009925 0.072 0.0135203 0.0094797 0.072 0.0132712 0.00375385 0.072 0.0132712 0.0092886 0.072 0.013075 0.009138 0.072 0.0125565 0.0130767 0.072 0.013075 0.012862 0.072 0.0132712 0.0127114 0.072 0.0135203 0.0125203 0.072 0.015803 0.013503 0.072 0.013862 0.012075 0.072 0.0140767 0.0115565 0.072 0.010925 0.009138 0.072 0.0104797 0.0094797 0.072 0.0104797 0.0125203 0.072 0.010138 0.012075 0.072 0.00992326 0.0115565 0.072 0.010925 0.012862 0.072 0.0114435 0.0130767 0.072 0.012 0.01315 0.072 0.010138 0.009925 0.072 0.00992326 0.0104435 0.072 0.00985 0.011 0.072 0.0125565 0.0089233 0.072 0.012 0.00885 0.072 0.0114435 0.0089233 0.072 0.00897809 0.0184142 0.072 0.00939231 0.0187321 0.072 0.00875617 0.018125 0.072 0.0109099 0.0189319 0.072 0.0103923 0.019 0.072 0.00987467 0.0189319 0.072 0.0113923 0.0187321 0.072 0.0118065 0.0184142 0.072 0.0120284 0.018125 0.072 0.0121244 0.018 0.072 0.0121244 0.016 0.072 0.0118065 0.0155858 0.072 0.0113923 0.0152679 0.072 0.00866025 0.016 0.072 0.00897809 0.0155858 0.072 0.00939231 0.0152679 0.072 0.0109099 0.0150681 0.072 0.0103923 0.015 0.072 0.00987467 0.0150681 0.072 0.0123242 0.0175176 0.072 0.0123923 0.017 0.072 0.0123242 0.0164824 0.072 0.00846045 0.0164824 0.072 0.00839231 0.017 0.072 0.00846045 0.0175176 0.072 0.00866025 0.018 0.072 -0.00897809 0.0184142 0.072 -0.00875617 0.018125 0.072 -0.00866025 0.018 0.072 -0.00846045 0.0175176 0.072 -0.00839231 0.017 0.072 -0.00846045 0.0164824 0.072 -0.00866025 0.016 0.072 -0.00897809 0.0155858 0.072 -0.00912115 0.015476 0.072 -0.00912115 0.018524 0.072 -0.00173205 1.500536e-15 0.072 -0.00141421 0.00041421 0.072 1.607864e-15 0.001 0.072 -0.000517638 0.00093185 0.072 -0.001 0.00073205 0.072 0.002925 -0.00227115 0.072 0.00193185 -0.00151764 0.072 0.00173205 -0.002 0.072 -0.00141421 -0.00241421 0.072 -0.00152399 -0.00227115 0.072 -0.00173205 -0.002 0.072 -0.00193185 -0.00151764 0.072 -0.002 -0.001 0.072 -0.00193185 -0.00048236 0.072 0.000517638 0.00093185 0.072 0.001 0.00073205 0.072 0.00141421 0.00041421 0.072 0.00173205 1.500536e-15 0.072 0.00193185 -0.00048236 0.072 0.002 -0.001 0.072 0.00152399 -0.00227115 0.072 0.00141421 -0.00241421 0.072 0.002925 -0.011 0.072 -0.002925 -0.011 0.072 -0.000517638 -0.00293185 0.072 -0.001 -0.00273205 0.072 0.001 -0.00273205 0.072 0.000517638 -0.00293185 0.072 1.606731e-15 -0.003 0.072 -0.016 -0.00227115 0.072 -0.016 -0.011 0.072 -0.00912115 -0.011 0.072 -0.0072 -0.011 0.072 0.00752028 -0.00091258 0.072 0.007075 -0.00125426 0.072 0.00827115 -0.00227115 0.072 0.00413805 0.0016827 0.072 0.00447972 0.00212797 0.072 0.004925 0.00246965 0.072 0.007075 0.00246965 0.072 0.00752028 0.00212797 0.072 0.00786195 0.0016827 0.072 0.00807674 0.00116416 0.072 0.00815 0.0006077 0.072 0.00807674 5.123e-05 0.072 0.00786195 -0.0004673 0.072 0.00544354 0.00268444 0.072 0.006 0.00275769 0.072 0.00655646 0.00268444 0.072 0.00544354 -0.00146905 0.072 0.006 -0.0015423 0.072 0.00655646 -0.00146905 0.072 0.004925 -0.00125426 0.072 0.00447972 -0.00091258 0.072 0.00413805 -0.0004673 0.072 0.00392326 5.123e-05 0.072 0.00385 0.0006077 0.072 0.00392326 0.00116416 0.072 0.0132712 -0.00227115 0.072 0.016 -0.00227115 0.072 0.00827115 -0.011 0.072 0.0132712 -0.011 0.072 0.016 -0.011 0.072 -0.00367366 0.0059436 0.064 -0.002675 0.0053946 0.064 -0.002675 0.00375385 0.064 0.00230078 0.0051889 0.064 0.002675 0.0053946 0.064 0.002675 0.00375385 0.064 0.0059441 0.0129314 0.064 0.0052883 0.014325 0.064 0.00852115 0.014325 0.064 -0.007075 0.0232543 0.064 -0.0072 0.0231583 0.064 -0.0072 0.0252826 0.064 0.013075 0.012862 0.064 0.0130212 0.0128843 0.064 0.0130212 0.014325 0.064 0.013075 0.009138 0.064 0.016 0.00375385 0.064 0.0130212 0.0091157 0.064 0.0130212 0.00375385 0.064 0.0125565 0.0089233 0.064 0.0135203 0.0094797 0.064 0.013862 0.009925 0.064 0.016 0.011 0.064 0.0140767 0.0104435 0.064 0.0135203 0.0125203 0.064 0.0156057 0.014325 0.064 0.013862 0.012075 0.064 0.015803 0.013503 0.064 0.0140767 0.0115565 0.064 0.01415 0.011 0.064 0.0152169 0.0159443 0.064 0.0130212 0.017875 0.064 0.0144172 0.017875 0.064 0.0130212 0.0188712 0.064 0.0138839 0.0188712 0.064 0.0142561 0.0182638 0.064 0.00852115 0.0188712 0.064 0.00852115 0.0244856 0.064 0.00940456 0.0239443 0.064 0.0113137 0.0223137 0.064 0.0129443 0.0204046 0.064 0.0130212 0.0202791 0.064 0.00807674 0.0219488 0.064 0.00786195 0.0224673 0.064 0.00392326 0.0219488 0.064 0.002675 0.0267617 0.064 0.00413805 0.0224673 0.064 0.00447972 0.0229126 0.064 0.00752028 0.0229126 0.064 0.007075 0.0232543 0.064 0.00726385 0.0252561 0.064 0.00655646 0.023469 0.064 0.00494427 0.0262169 0.064 0.00385 0.0213923 0.064 0.00392326 0.0208358 0.064 0.002675 0.0188712 0.064 0.00815 0.0213923 0.064 0.00807674 0.0208358 0.064 0.006 0.0235423 0.064 0.00544354 0.023469 0.064 0.004925 0.0232543 0.064 0.00413805 0.0203173 0.064 0.00447972 0.019872 0.064 0.004925 0.0195303 0.064 0.007075 0.0195303 0.064 0.00752028 0.019872 0.064 0.00786195 0.0203173 0.064 0.00544354 0.0193156 0.064 0.006 0.0192423 0.064 0.00655646 0.0193156 0.064 -0.002675 0.0188712 0.064 -0.002675 0.0267617 0.064 -0.00250295 0.026803 0.064 0.00250295 0.026803 0.064 1.594047e-15 0.027 0.064 -0.00413805 0.0224673 0.064 -0.00447972 0.0229126 0.064 -0.004925 0.0232543 0.064 -0.00494427 0.0262169 0.064 -0.00544354 0.023469 0.064 -0.006 0.0235423 0.064 -0.00655646 0.023469 0.064 -0.00544354 0.0193156 0.064 -0.006 0.0192423 0.064 -0.0072 0.0188712 0.064 -0.00655646 0.0193156 0.064 -0.007075 0.0195303 0.064 -0.004925 0.0195303 0.064 -0.00447972 0.019872 0.064 -0.00413805 0.0203173 0.064 -0.00392326 0.0208358 0.064 -0.00385 0.0213923 0.064 -0.00392326 0.0219488 0.064 -0.00807674 0.0208358 0.064 -0.00786195 0.0203173 0.064 -0.00937115 0.0188712 0.064 -0.00752028 0.019872 0.064 -0.0072 0.0196263 0.064 -0.00752028 0.0229126 0.064 -0.00786195 0.0224673 0.064 -0.00937115 0.0239647 0.064 -0.00807674 0.0219488 0.064 -0.00815 0.0213923 0.064 -0.00726385 0.0252561 0.064 -0.0138839 0.0188712 0.064 -0.0129443 0.0204046 0.064 -0.0113137 0.0223137 0.064 -0.00940456 0.0239443 0.064 -0.00937115 0.018091 0.064 -0.0096423 0.018299 0.064 -0.0107805 0.0184489 0.064 -0.0103923 0.0185 0.064 -0.0100041 0.0184489 0.064 -0.0111423 0.018299 0.064 -0.011453 0.0180607 0.064 -0.0142561 0.0182638 0.064 -0.0115954 0.017875 0.064 -0.0144172 0.017875 0.064 -0.00937115 0.014325 0.064 -0.0100041 0.0155511 0.064 -0.0096423 0.015701 0.064 -0.011453 0.0159393 0.064 -0.0111423 0.015701 0.064 -0.0156057 0.014325 0.064 -0.0107805 0.0155511 0.064 -0.0103923 0.0155 0.064 -0.0116913 0.01775 0.064 -0.0118412 0.0173882 0.064 -0.0152169 0.0159443 0.064 -0.0118923 0.017 0.064 -0.0118412 0.0166118 0.064 -0.0116913 0.01625 0.064 -0.0125565 0.0089233 0.064 -0.012 0.00885 0.064 -0.00937115 0.00375385 0.064 -0.0114435 0.0089233 0.064 -0.010925 0.012862 0.064 -0.0104797 0.0125203 0.064 -0.010138 0.012075 0.064 -0.0125565 0.0130767 0.064 -0.012 0.01315 0.064 -0.0114435 0.0130767 0.064 -0.0140767 0.0115565 0.064 -0.016 0.011 0.064 -0.013862 0.012075 0.064 -0.015803 0.013503 0.064 -0.0135203 0.0125203 0.064 -0.013075 0.012862 0.064 -0.010925 0.009138 0.064 -0.0104797 0.0094797 0.064 -0.010138 0.009925 0.064 -0.016 0.00375385 0.064 -0.0135203 0.0094797 0.064 -0.013075 0.009138 0.064 -0.01415 0.011 0.064 -0.0140767 0.0104435 0.064 -0.013862 0.009925 0.064 -0.00992326 0.0104435 0.064 -0.00985 0.011 0.064 -0.00992326 0.0115565 0.064 -0.00155431 0.0170536 0.064 -0.002675 0.017875 0.064 1.611354e-15 0.01725 0.064 0.002675 0.017875 0.064 0.00155431 0.0170536 0.064 0.002675 0.0166099 0.064 0.00852115 0.017875 0.064 0.00527705 0.0143489 0.064 0.00427842 0.0155561 0.064 0.00301096 0.0164769 0.064 0.00367366 0.0059436 0.064 0.00852115 0.00375385 0.064 0.00481571 0.0070161 0.064 0.00565517 0.0083389 0.064 0.0061393 0.0098289 0.064 0.00623767 0.0113924 0.064 -0.00230078 0.0051889 0.064 -0.000783333 0.00479928 0.064 0.000783333 0.00479928 0.064 -0.0059441 0.0129314 0.064 -0.00623767 0.0113924 0.064 -0.0072 0.014325 0.064 -0.0061393 0.0098289 0.064 -0.0072 0.00375385 0.064 -0.00565517 0.0083389 0.064 -0.00481571 0.0070161 0.064 -0.002675 0.0166099 0.064 -0.00301096 0.0164769 0.064 -0.0072 0.017875 0.064 -0.00427842 0.0155561 0.064 -0.00527705 0.0143489 0.064 -0.0052883 0.014325 0.064 -0.0072 -0.00202115 0.064 -0.0072 -0.00115834 0.064 -0.007075 -0.00125426 0.064 -0.00413805 -0.0004673 0.064 -0.002675 -0.00202115 0.064 -0.00447972 -0.00091258 0.064 -0.004925 -0.00125426 0.064 -0.00447972 0.00212797 0.064 -0.004925 0.00246965 0.064 -0.00413805 0.0016827 0.064 -0.00392326 5.123e-05 0.064 -0.00385 0.0006077 0.064 -0.00392326 0.00116416 0.064 -0.00655646 -0.00146905 0.064 -0.006 -0.0015423 0.064 -0.00544354 -0.00146905 0.064 -0.00544354 0.00268444 0.064 -0.006 0.00275769 0.064 -0.00655646 0.00268444 0.064 -0.007075 0.00246965 0.064 -0.0072 0.00237373 0.064 -0.00752028 0.00212797 0.064 -0.00786195 0.0016827 0.064 -0.00752028 -0.00091258 0.064 -0.00937115 -0.00202115 0.064 -0.00786195 -0.0004673 0.064 -0.00807674 0.00116416 0.064 -0.00815 0.0006077 0.064 -0.00807674 5.123e-05 0.064 0.010925 0.012862 0.064 0.0104797 0.0125203 0.064 0.010138 0.012075 0.064 0.0125565 0.0130767 0.064 0.012 0.01315 0.064 0.0114435 0.0130767 0.064 0.010138 0.009925 0.064 0.0104797 0.0094797 0.064 0.00992326 0.0115565 0.064 0.00985 0.011 0.064 0.00992326 0.0104435 0.064 0.010925 0.009138 0.064 0.0114435 0.0089233 0.064 0.012 0.00885 0.064 0.00918918 0.017875 0.064 0.00909327 0.01775 0.064 0.0111423 0.015701 0.064 0.011453 0.0159393 0.064 0.0116913 0.01625 0.064 0.0118412 0.0166118 0.064 0.0118923 0.017 0.064 0.0118412 0.0173882 0.064 0.00909327 0.01625 0.064 0.00933164 0.0159393 0.064 0.0096423 0.015701 0.064 0.0100041 0.0155511 0.064 0.0103923 0.0155 0.064 0.0107805 0.0155511 0.064 0.00894342 0.0173882 0.064 0.00889231 0.017 0.064 0.00894342 0.0166118 0.064 0.0116913 0.01775 0.064 0.0115954 0.017875 0.064 0.011453 0.0180607 0.064 0.0111423 0.018299 0.064 0.0096423 0.018299 0.064 0.00933164 0.0180607 0.064 0.0107805 0.0184489 0.064 0.0103923 0.0185 0.064 0.0100041 0.0184489 0.064 -0.00933164 0.0180607 0.064 -0.00918918 0.017875 0.064 -0.00937115 0.015909 0.064 -0.00933164 0.0159393 0.064 -0.00889231 0.017 0.064 -0.00894342 0.0166118 0.064 -0.00909327 0.01625 0.064 -0.00894342 0.0173882 0.064 -0.00909327 0.01775 0.064 -0.000388229 -0.00244889 0.064 1.607864e-15 -0.0025 0.064 -0.002675 -0.005 0.064 0.002675 -0.005 0.064 0.000388229 -0.00244889 0.064 0.00075 -0.00229904 0.064 0.00106066 -0.00206066 0.064 -0.00109098 -0.00202115 0.064 -0.00106066 -0.00206066 0.064 -0.00075 -0.00229904 0.064 0.00109098 -0.00202115 0.064 0.002675 -0.00202115 0.064 0.00129904 -0.00175 0.064 0.00144889 -0.00138823 0.064 0.0015 -0.001 0.064 -0.000388229 0.00044889 0.064 -0.00075 0.00029904 0.064 -0.00106066 6.066e-05 0.064 -0.00129904 -0.00175 0.064 -0.00144889 -0.00138823 0.064 0.00144889 -0.00061177 0.064 0.00129904 -0.00025 0.064 0.00106066 6.066e-05 0.064 -0.00129904 -0.00025 0.064 -0.00144889 -0.00061177 0.064 -0.0015 -0.001 0.064 0.00075 0.00029904 0.064 0.000388229 0.00044889 0.064 1.607014e-15 0.0005 0.064 0.00852115 -0.00202115 0.064 0.007075 -0.00125426 0.064 0.00752028 -0.00091258 0.064 0.00786195 -0.0004673 0.064 0.00807674 5.123e-05 0.064 0.00815 0.0006077 0.064 0.0130212 -0.00202115 0.064 0.016 -0.00202115 0.064 0.00544354 0.00268444 0.064 0.004925 0.00246965 0.064 0.00447972 0.00212797 0.064 0.00413805 0.0016827 0.064 0.00807674 0.00116416 0.064 0.00786195 0.0016827 0.064 0.00752028 0.00212797 0.064 0.006 0.00275769 0.064 0.007075 0.00246965 0.064 0.00655646 0.00268444 0.064 0.00413805 -0.0004673 0.064 0.00447972 -0.00091258 0.064 0.004925 -0.00125426 0.064 0.00544354 -0.00146905 0.064 0.006 -0.0015423 0.064 0.00655646 -0.00146905 0.064 0.00392326 0.00116416 0.064 0.00385 0.0006077 0.064 0.00392326 5.123e-05 0.064 0.00852115 -0.005 0.064 0.0130212 -0.005 0.064 0.016 -0.005 0.064 -0.016 -0.00202115 0.064 -0.0072 -0.005 0.064 -0.00937115 -0.005 0.064 -0.016 -0.005 0.064 -0.00193136 1.500536e-15 -0.0059441 -0.001375 -0.015 -0.00605023 -0.000392441 1.500536e-15 -0.00623767 -0.000392441 -0.015 -0.00623767 0.00117113 1.500536e-15 -0.0061393 0.00117113 -0.015 -0.0061393 0.001375 -0.015 -0.00607305 0.00266112 1.500536e-15 -0.00565517 0.00266112 -0.015 -0.00565517 0.002925 1.500536e-15 -0.00548771 0.0039839 -0.015 -0.00481571 0.0039839 1.500536e-15 -0.00481571 0.00505636 1.500536e-15 -0.00367366 0.00505636 -0.015 -0.00367366 0.00538547 1.500536e-15 -0.003075 0.00524803 -0.015 -0.003325 0.0058111 1.500536e-15 -0.00230078 0.0058111 -0.015 -0.00230078 0.00620072 1.500536e-15 -0.000783333 0.00620072 -0.015 -0.000783333 0.00625 1.500536e-15 -6.994405e-15 0.00620072 -0.015 0.000783333 0.00620072 1.500536e-15 0.000783333 0.0058111 1.500536e-15 0.00230078 0.0058111 -0.015 0.00230078 0.00505636 1.500536e-15 0.00367366 0.00505636 -0.015 0.00367366 0.00456209 -0.015 0.0042 0.0039839 1.500536e-15 0.00481571 0.0039839 -0.015 0.00481571 0.002925 1.500536e-15 0.00548771 0.00266112 -0.015 0.00565517 0.00266112 1.500536e-15 0.00565517 0.001375 -0.015 0.00607305 0.00117113 1.500536e-15 0.0061393 0.00117113 -0.015 0.0061393 -0.000392441 1.500536e-15 0.00623767 -0.000392441 -0.015 0.00623767 -0.001375 -0.015 0.00605023 -0.00193136 1.500536e-15 0.0059441 -0.00193136 -0.015 0.0059441 -0.002925 1.500536e-15 0.00547653 -0.002675 -0.015 0.00559417 -0.00334892 1.500536e-15 0.00527705 -0.00334892 -0.015 0.00527705 -0.00455605 1.500536e-15 0.00427842 -0.00455605 -0.015 0.00427842 -0.00461303 -0.015 0.0042 -0.00547692 1.500536e-15 0.00301096 -0.00547692 -0.015 0.00301096 -0.00605364 1.500536e-15 0.00155431 -0.00605364 -0.015 0.00155431 -0.00625 1.500536e-15 -6.994405e-15 -0.00625 -0.015 -6.994405e-15 -0.00605364 1.500536e-15 -0.00155431 -0.00605364 -0.015 -0.00155431 -0.00547692 1.500536e-15 -0.00301096 -0.00547692 -0.015 -0.00301096 -0.00543039 1.500536e-15 -0.003075 -0.00524875 -0.015 -0.003325 -0.00455605 1.500536e-15 -0.00427842 -0.00455605 -0.015 -0.00427842 -0.00334892 1.500536e-15 -0.00527705 -0.00334892 -0.015 -0.00527705 -0.002925 1.500536e-15 -0.00547653 -0.002675 -0.015 -0.00559417 -0.00193136 -0.015 -0.0059441 1.611354e-15 0.01725 0.064 1.611354e-15 0.01725 0.072 -0.00155431 0.0170536 0.064 -0.00155431 0.0170536 0.072 -0.002675 0.0166099 0.064 -0.002925 0.016511 0.072 -0.00301096 0.0164769 0.064 -0.00301096 0.0164769 0.072 -0.00427842 0.0155561 0.064 -0.00427842 0.0155561 0.072 -0.00527705 0.0143489 0.064 -0.00527705 0.0143489 0.072 -0.0052883 0.014325 0.064 -0.00540595 0.014075 0.072 -0.0059441 0.0129314 0.064 -0.0059441 0.0129314 0.072 -0.00623767 0.0113924 0.064 -0.00623767 0.0113924 0.072 -0.0061393 0.0098289 0.064 -0.0061393 0.0098289 0.072 -0.00565517 0.0083389 0.064 -0.00565517 0.0083389 0.072 -0.00481571 0.0070161 0.064 -0.00481571 0.0070161 0.072 -0.00367366 0.0059436 0.064 -0.00367366 0.0059436 0.072 -0.002675 0.0053946 0.064 -0.002925 0.0055321 0.072 -0.00230078 0.0051889 0.064 -0.00230078 0.0051889 0.072 -0.000783333 0.00479928 0.064 -0.000783333 0.00479928 0.072 0.000783333 0.00479928 0.064 0.000783333 0.00479928 0.072 0.00230078 0.0051889 0.064 0.00230078 0.0051889 0.072 0.002675 0.0053946 0.064 0.002925 0.0055321 0.072 0.00367366 0.0059436 0.064 0.00367366 0.0059436 0.072 0.00481571 0.0070161 0.064 0.00481571 0.0070161 0.072 0.00565517 0.0083389 0.064 0.00565517 0.0083389 0.072 0.0061393 0.0098289 0.064 0.0061393 0.0098289 0.072 0.00623767 0.0113924 0.064 0.00623767 0.0113924 0.072 0.0059441 0.0129314 0.064 0.0059441 0.0129314 0.072 0.0052883 0.014325 0.064 0.00540595 0.014075 0.072 0.00527705 0.0143489 0.064 0.00527705 0.0143489 0.072 0.00427842 0.0155561 0.064 0.00427842 0.0155561 0.072 0.00301096 0.0164769 0.064 0.00301096 0.0164769 0.072 0.002675 0.0166099 0.064 0.002925 0.016511 0.072 0.00155431 0.0170536 0.064 0.00155431 0.0170536 0.072 -0.00752028 1.500536e-15 -0.0119126 -0.0072 -0.015 -0.0121583 -0.007075 1.500536e-15 -0.0122543 -0.007075 -0.015 -0.0122543 -0.00655646 1.500536e-15 -0.012469 -0.00655646 -0.015 -0.012469 -0.006 1.500536e-15 -0.0125423 -0.006 -0.015 -0.0125423 -0.00544354 1.500536e-15 -0.012469 -0.00544354 -0.015 -0.012469 -0.004925 1.500536e-15 -0.0122543 -0.004925 -0.015 -0.0122543 -0.00447972 1.500536e-15 -0.0119126 -0.00447972 -0.015 -0.0119126 -0.00413805 1.500536e-15 -0.0114673 -0.00413805 -0.015 -0.0114673 -0.00392326 1.500536e-15 -0.0109488 -0.00392326 -0.015 -0.0109488 -0.00385 1.500536e-15 -0.0103923 -0.00385 -0.015 -0.0103923 -0.00392326 1.500536e-15 -0.00983584 -0.00392326 -0.015 -0.00983584 -0.00413805 1.500536e-15 -0.0093173 -0.00413805 -0.015 -0.0093173 -0.00447972 1.500536e-15 -0.00887203 -0.00447972 -0.015 -0.00887203 -0.004925 1.500536e-15 -0.00853035 -0.004925 -0.015 -0.00853035 -0.00544354 1.500536e-15 -0.00831556 -0.00544354 -0.015 -0.00831556 -0.006 1.500536e-15 -0.0082423 -0.006 -0.015 -0.0082423 -0.00655646 1.500536e-15 -0.00831556 -0.00655646 -0.015 -0.00831556 -0.007075 1.500536e-15 -0.00853035 -0.007075 -0.015 -0.00853035 -0.0072 -0.015 -0.00862627 -0.00752028 1.500536e-15 -0.00887203 -0.00752028 -0.015 -0.00887203 -0.00786195 1.500536e-15 -0.0093173 -0.00786195 -0.015 -0.0093173 -0.00807674 1.500536e-15 -0.00983584 -0.00807674 -0.015 -0.00983584 -0.00815 1.500536e-15 -0.0103923 -0.00815 -0.015 -0.0103923 -0.00807674 1.500536e-15 -0.0109488 -0.00807674 -0.015 -0.0109488 -0.00786195 1.500536e-15 -0.0114673 -0.00786195 -0.015 -0.0114673 -0.00752028 -0.015 -0.0119126 0.00385 1.500536e-15 -0.0103923 0.00385 -0.015 -0.0103923 0.00392326 1.500536e-15 -0.0109488 0.00392326 -0.015 -0.0109488 0.00413805 1.500536e-15 -0.0114673 0.00413805 -0.015 -0.0114673 0.00447972 1.500536e-15 -0.0119126 0.00447972 -0.015 -0.0119126 0.004925 1.500536e-15 -0.0122543 0.004925 -0.015 -0.0122543 0.00544354 1.500536e-15 -0.012469 0.00544354 -0.015 -0.012469 0.006 1.500536e-15 -0.0125423 0.006 -0.015 -0.0125423 0.00655646 1.500536e-15 -0.012469 0.00655646 -0.015 -0.012469 0.007075 1.500536e-15 -0.0122543 0.007075 -0.015 -0.0122543 0.0072 1.500536e-15 -0.0121583 0.0072 -0.015 -0.0121583 0.00752028 1.500536e-15 -0.0119126 0.00752028 -0.015 -0.0119126 0.00786195 1.500536e-15 -0.0114673 0.00786195 -0.015 -0.0114673 0.00807674 1.500536e-15 -0.0109488 0.00807674 -0.015 -0.0109488 0.00815 1.500536e-15 -0.0103923 0.00815 -0.015 -0.0103923 0.00807674 1.500536e-15 -0.00983584 0.00807674 -0.015 -0.00983584 0.00786195 1.500536e-15 -0.0093173 0.00786195 -0.015 -0.0093173 0.00752028 1.500536e-15 -0.00887203 0.00752028 -0.015 -0.00887203 0.0072 1.500536e-15 -0.00862627 0.0072 -0.015 -0.00862627 0.007075 1.500536e-15 -0.00853035 0.007075 -0.015 -0.00853035 0.00655646 1.500536e-15 -0.00831556 0.00655646 -0.015 -0.00831556 0.006 1.500536e-15 -0.0082423 0.006 -0.015 -0.0082423 0.00544354 1.500536e-15 -0.00831556 0.00544354 -0.015 -0.00831556 0.004925 1.500536e-15 -0.00853035 0.004925 -0.015 -0.00853035 0.00447972 1.500536e-15 -0.00887203 0.00447972 -0.015 -0.00887203 0.00413805 1.500536e-15 -0.0093173 0.00413805 -0.015 -0.0093173 0.00392326 1.500536e-15 -0.00983584 0.00392326 -0.015 -0.00983584 0.0125565 1.500536e-15 -0.00207674 0.0130212 -0.015 -0.00188426 0.013075 1.500536e-15 -0.00186195 0.013075 -0.015 -0.00186195 0.0135203 1.500536e-15 -0.00152028 0.0135203 -0.015 -0.00152028 0.013862 1.500536e-15 -0.001075 0.013862 -0.015 -0.001075 0.0140767 1.500536e-15 -0.000556461 0.0140767 -0.015 -0.000556461 0.01415 1.500536e-15 -7.105427e-15 0.01415 -0.015 -7.105427e-15 0.0140767 1.500536e-15 0.000556461 0.0140767 -0.015 0.000556461 0.013862 1.500536e-15 0.001075 0.013862 -0.015 0.001075 0.0135203 1.500536e-15 0.00152028 0.0135203 -0.015 0.00152028 0.013075 1.500536e-15 0.00186195 0.013075 -0.015 0.00186195 0.0125565 1.500536e-15 0.00207674 0.0130212 -0.015 0.00188426 0.0125565 -0.015 0.00207674 0.012 1.500536e-15 0.00215 0.012 -0.015 0.00215 0.0114435 1.500536e-15 0.00207674 0.0114435 -0.015 0.00207674 0.010925 1.500536e-15 0.00186195 0.010925 -0.015 0.00186195 0.0104797 1.500536e-15 0.00152028 0.0104797 -0.015 0.00152028 0.010138 1.500536e-15 0.001075 0.010138 -0.015 0.001075 0.00992326 1.500536e-15 0.000556461 0.00992326 -0.015 0.000556461 0.00985 1.500536e-15 -7.105427e-15 0.00985 -0.015 -7.105427e-15 0.00992326 1.500536e-15 -0.000556461 0.00992326 -0.015 -0.000556461 0.010138 1.500536e-15 -0.001075 0.010138 -0.015 -0.001075 0.0104797 1.500536e-15 -0.00152028 0.0104797 -0.015 -0.00152028 0.010925 1.500536e-15 -0.00186195 0.010925 -0.015 -0.00186195 0.0114435 1.500536e-15 -0.00207674 0.0114435 -0.015 -0.00207674 0.012 1.500536e-15 -0.00215 0.012 -0.015 -0.00215 0.0125565 -0.015 -0.00207674 0.00385 1.500536e-15 0.0103923 0.00385 -0.015 0.0103923 0.00392326 1.500536e-15 0.00983584 0.00392326 -0.015 0.00983584 0.00413805 1.500536e-15 0.0093173 0.00413805 -0.015 0.0093173 0.00447972 1.500536e-15 0.00887203 0.00447972 -0.015 0.00887203 0.004925 1.500536e-15 0.00853035 0.004925 -0.015 0.00853035 0.00544354 1.500536e-15 0.00831556 0.00544354 -0.015 0.00831556 0.006 1.500536e-15 0.0082423 0.006 -0.015 0.0082423 0.00655646 1.500536e-15 0.00831556 0.00655646 -0.015 0.00831556 0.007075 1.500536e-15 0.00853035 0.007075 -0.015 0.00853035 0.0072 1.500536e-15 0.00862627 0.0072 -0.015 0.00862627 0.00752028 1.500536e-15 0.00887203 0.00752028 -0.015 0.00887203 0.00786195 1.500536e-15 0.0093173 0.00786195 -0.015 0.0093173 0.00807674 1.500536e-15 0.00983584 0.00807674 -0.015 0.00983584 0.00815 1.500536e-15 0.0103923 0.00815 -0.015 0.0103923 0.00807674 1.500536e-15 0.0109488 0.00807674 -0.015 0.0109488 0.00786195 1.500536e-15 0.0114673 0.00786195 -0.015 0.0114673 0.00752028 1.500536e-15 0.0119126 0.00752028 -0.015 0.0119126 0.0072 1.500536e-15 0.0121583 0.0072 -0.015 0.0121583 0.007075 1.500536e-15 0.0122543 0.007075 -0.015 0.0122543 0.00655646 1.500536e-15 0.012469 0.00655646 -0.015 0.012469 0.006 1.500536e-15 0.0125423 0.006 -0.015 0.0125423 0.00544354 1.500536e-15 0.012469 0.00544354 -0.015 0.012469 0.004925 1.500536e-15 0.0122543 0.004925 -0.015 0.0122543 0.00447972 1.500536e-15 0.0119126 0.00447972 -0.015 0.0119126 0.00413805 1.500536e-15 0.0114673 0.00413805 -0.015 0.0114673 0.00392326 1.500536e-15 0.0109488 0.00392326 -0.015 0.0109488 -0.00752028 1.500536e-15 0.00887203 -0.0072 -0.015 0.00862627 -0.007075 1.500536e-15 0.00853035 -0.007075 -0.015 0.00853035 -0.00655646 1.500536e-15 0.00831556 -0.00655646 -0.015 0.00831556 -0.006 1.500536e-15 0.0082423 -0.006 -0.015 0.0082423 -0.00544354 1.500536e-15 0.00831556 -0.00544354 -0.015 0.00831556 -0.004925 1.500536e-15 0.00853035 -0.004925 -0.015 0.00853035 -0.00447972 1.500536e-15 0.00887203 -0.00447972 -0.015 0.00887203 -0.00413805 1.500536e-15 0.0093173 -0.00413805 -0.015 0.0093173 -0.00392326 1.500536e-15 0.00983584 -0.00392326 -0.015 0.00983584 -0.00385 1.500536e-15 0.0103923 -0.00385 -0.015 0.0103923 -0.00392326 1.500536e-15 0.0109488 -0.00392326 -0.015 0.0109488 -0.00413805 1.500536e-15 0.0114673 -0.00413805 -0.015 0.0114673 -0.00447972 1.500536e-15 0.0119126 -0.00447972 -0.015 0.0119126 -0.004925 1.500536e-15 0.0122543 -0.004925 -0.015 0.0122543 -0.00544354 1.500536e-15 0.012469 -0.00544354 -0.015 0.012469 -0.006 1.500536e-15 0.0125423 -0.006 -0.015 0.0125423 -0.00655646 1.500536e-15 0.012469 -0.00655646 -0.015 0.012469 -0.007075 1.500536e-15 0.0122543 -0.007075 -0.015 0.0122543 -0.0072 -0.015 0.0121583 -0.00752028 1.500536e-15 0.0119126 -0.00752028 -0.015 0.0119126 -0.00786195 1.500536e-15 0.0114673 -0.00786195 -0.015 0.0114673 -0.00807674 1.500536e-15 0.0109488 -0.00807674 -0.015 0.0109488 -0.00815 1.500536e-15 0.0103923 -0.00815 -0.015 0.0103923 -0.00807674 1.500536e-15 0.00983584 -0.00807674 -0.015 0.00983584 -0.00786195 1.500536e-15 0.0093173 -0.00786195 -0.015 0.0093173 -0.00752028 -0.015 0.00887203 -0.0135203 -0.015 0.00152028 -0.0132712 1.500536e-15 0.00171144 -0.013075 -0.015 0.00186195 -0.013075 1.500536e-15 0.00186195 -0.0125565 -0.015 0.00207674 -0.0125565 1.500536e-15 0.00207674 -0.012 -0.015 0.00215 -0.012 1.500536e-15 0.00215 -0.0114435 -0.015 0.00207674 -0.0114435 1.500536e-15 0.00207674 -0.010925 -0.015 0.00186195 -0.010925 1.500536e-15 0.00186195 -0.0104797 -0.015 0.00152028 -0.0104797 1.500536e-15 0.00152028 -0.010138 -0.015 0.001075 -0.010138 1.500536e-15 0.001075 -0.00992326 -0.015 0.000556461 -0.00992326 1.500536e-15 0.000556461 -0.00985 -0.015 -6.994405e-15 -0.00985 1.500536e-15 -6.994405e-15 -0.00992326 -0.015 -0.000556461 -0.00992326 1.500536e-15 -0.000556461 -0.010138 -0.015 -0.001075 -0.010138 1.500536e-15 -0.001075 -0.0104797 -0.015 -0.00152028 -0.0104797 1.500536e-15 -0.00152028 -0.010925 -0.015 -0.00186195 -0.010925 1.500536e-15 -0.00186195 -0.0114435 -0.015 -0.00207674 -0.0114435 1.500536e-15 -0.00207674 -0.012 -0.015 -0.00215 -0.012 1.500536e-15 -0.00215 -0.0125565 -0.015 -0.00207674 -0.0125565 1.500536e-15 -0.00207674 -0.013075 -0.015 -0.00186195 -0.013075 1.500536e-15 -0.00186195 -0.0132712 1.500536e-15 -0.00171144 -0.0135203 -0.015 -0.00152028 -0.0135203 1.500536e-15 -0.00152028 -0.013862 -0.015 -0.001075 -0.013862 1.500536e-15 -0.001075 -0.0140767 -0.015 -0.000556461 -0.0140767 1.500536e-15 -0.000556461 -0.01415 -0.015 -6.994405e-15 -0.01415 1.500536e-15 -6.994405e-15 -0.0140767 -0.015 0.000556461 -0.0140767 1.500536e-15 0.000556461 -0.013862 -0.015 0.001075 -0.013862 1.500536e-15 0.001075 -0.0135203 1.500536e-15 0.00152028 -0.011453 -0.007 -0.00706066 -0.0118065 -0.007 -0.00741421 -0.0116913 -0.007 -0.00675 -0.0121244 -0.007 -0.007 -0.0118412 -0.007 -0.00638823 -0.0123242 -0.007 -0.00651764 -0.0118923 -0.007 -0.006 -0.0123923 -0.007 -0.006 -0.0118412 -0.007 -0.00561177 -0.0123242 -0.007 -0.00548236 -0.0116913 -0.007 -0.00525 -0.0121244 -0.007 -0.005 -0.011453 -0.007 -0.00493934 -0.0118065 -0.007 -0.00458579 -0.0111423 -0.007 -0.00470096 -0.0113923 -0.007 -0.00426795 -0.0107805 -0.007 -0.00455111 -0.0109099 -0.007 -0.00406815 -0.0103923 -0.007 -0.0045 -0.0103923 -0.007 -0.004 -0.0100041 -0.007 -0.00455111 -0.00987467 -0.007 -0.00406815 -0.0096423 -0.007 -0.00470096 -0.00939231 -0.007 -0.00426795 -0.00933164 -0.007 -0.00493934 -0.00897809 -0.007 -0.00458579 -0.00909327 -0.007 -0.00525 -0.00866025 -0.007 -0.005 -0.00894342 -0.007 -0.00561177 -0.00846045 -0.007 -0.00548236 -0.00889231 -0.007 -0.006 -0.00839231 -0.007 -0.006 -0.00894342 -0.007 -0.00638823 -0.00846045 -0.007 -0.00651764 -0.00909327 -0.007 -0.00675 -0.00866025 -0.007 -0.007 -0.00933164 -0.007 -0.00706066 -0.00897809 -0.007 -0.00741421 -0.0096423 -0.007 -0.00729904 -0.00939231 -0.007 -0.00773205 -0.0100041 -0.007 -0.00744889 -0.00987467 -0.007 -0.00793185 -0.0103923 -0.007 -0.0075 -0.0103923 -0.007 -0.008 -0.0107805 -0.007 -0.00744889 -0.0109099 -0.007 -0.00793185 -0.0111423 -0.007 -0.00729904 -0.0113923 -0.007 -0.00773205 -0.00866025 -0.007 -0.007 -0.00875617 1.500536e-15 -0.007125 -0.00897809 -0.007 -0.00741421 -0.00897809 1.500536e-15 -0.00741421 -0.00939231 -0.007 -0.00773205 -0.00939231 1.500536e-15 -0.00773205 -0.00987467 -0.007 -0.00793185 -0.00987467 1.500536e-15 -0.00793185 -0.0103923 -0.007 -0.008 -0.0103923 1.500536e-15 -0.008 -0.0109099 -0.007 -0.00793185 -0.0109099 1.500536e-15 -0.00793185 -0.0113923 -0.007 -0.00773205 -0.0113923 1.500536e-15 -0.00773205 -0.0118065 -0.007 -0.00741421 -0.0118065 1.500536e-15 -0.00741421 -0.0120284 1.500536e-15 -0.007125 -0.0121244 -0.007 -0.007 -0.0121244 1.500536e-15 -0.007 -0.0123242 -0.007 -0.00651764 -0.0123242 1.500536e-15 -0.00651764 -0.0123923 -0.007 -0.006 -0.0123923 1.500536e-15 -0.006 -0.0123242 -0.007 -0.00548236 -0.0123242 1.500536e-15 -0.00548236 -0.0121244 -0.007 -0.005 -0.0121244 1.500536e-15 -0.005 -0.0118065 -0.007 -0.00458579 -0.0118065 1.500536e-15 -0.00458579 -0.0113923 -0.007 -0.00426795 -0.0113923 1.500536e-15 -0.00426795 -0.0109099 -0.007 -0.00406815 -0.0109099 1.500536e-15 -0.00406815 -0.0103923 -0.007 -0.004 -0.0103923 1.500536e-15 -0.004 -0.00987467 -0.007 -0.00406815 -0.00987467 1.500536e-15 -0.00406815 -0.00939231 -0.007 -0.00426795 -0.00939231 1.500536e-15 -0.00426795 -0.00897809 -0.007 -0.00458579 -0.00897809 1.500536e-15 -0.00458579 -0.00866025 -0.007 -0.005 -0.00866025 1.500536e-15 -0.005 -0.00846045 -0.007 -0.00548236 -0.00846045 1.500536e-15 -0.00548236 -0.00839231 -0.007 -0.006 -0.00839231 1.500536e-15 -0.006 -0.00846045 -0.007 -0.00651764 -0.00846045 1.500536e-15 -0.00651764 -0.00866025 1.500536e-15 -0.007 0.0121244 -0.007 -0.007 0.0120284 1.500536e-15 -0.007125 0.0118065 -0.007 -0.00741421 0.0118065 1.500536e-15 -0.00741421 0.0113923 -0.007 -0.00773205 0.0113923 1.500536e-15 -0.00773205 0.0109099 -0.007 -0.00793185 0.0109099 1.500536e-15 -0.00793185 0.0103923 -0.007 -0.008 0.0103923 1.500536e-15 -0.008 0.00987467 -0.007 -0.00793185 0.00987467 1.500536e-15 -0.00793185 0.00939231 -0.007 -0.00773205 0.00939231 1.500536e-15 -0.00773205 0.00912115 1.500536e-15 -0.00752399 0.00897809 -0.007 -0.00741421 0.00897809 1.500536e-15 -0.00741421 0.00875617 1.500536e-15 -0.007125 0.00866025 -0.007 -0.007 0.00866025 1.500536e-15 -0.007 0.00846045 -0.007 -0.00651764 0.00846045 1.500536e-15 -0.00651764 0.00839231 -0.007 -0.006 0.00839231 1.500536e-15 -0.006 0.00846045 -0.007 -0.00548236 0.00846045 1.500536e-15 -0.00548236 0.00866025 -0.007 -0.005 0.00866025 1.500536e-15 -0.005 0.00897809 -0.007 -0.00458579 0.00897809 1.500536e-15 -0.00458579 0.00912115 1.500536e-15 -0.00447601 0.00939231 -0.007 -0.00426795 0.00939231 1.500536e-15 -0.00426795 0.00987467 -0.007 -0.00406815 0.00987467 1.500536e-15 -0.00406815 0.0103923 -0.007 -0.004 0.0103923 1.500536e-15 -0.004 0.0109099 -0.007 -0.00406815 0.0109099 1.500536e-15 -0.00406815 0.0113923 -0.007 -0.00426795 0.0113923 1.500536e-15 -0.00426795 0.0118065 -0.007 -0.00458579 0.0118065 1.500536e-15 -0.00458579 0.0121244 -0.007 -0.005 0.0121244 1.500536e-15 -0.005 0.0123242 -0.007 -0.00548236 0.0123242 1.500536e-15 -0.00548236 0.0123923 -0.007 -0.006 0.0123923 1.500536e-15 -0.006 0.0123242 -0.007 -0.00651764 0.0123242 1.500536e-15 -0.00651764 0.0121244 1.500536e-15 -0.007 0.011453 -0.007 -0.00493934 0.0118065 -0.007 -0.00458579 0.0116913 -0.007 -0.00525 0.0121244 -0.007 -0.005 0.0118412 -0.007 -0.00561177 0.0123242 -0.007 -0.00548236 0.0118923 -0.007 -0.006 0.0123923 -0.007 -0.006 0.0118412 -0.007 -0.00638823 0.0123242 -0.007 -0.00651764 0.0116913 -0.007 -0.00675 0.0121244 -0.007 -0.007 0.011453 -0.007 -0.00706066 0.0118065 -0.007 -0.00741421 0.0111423 -0.007 -0.00729904 0.0113923 -0.007 -0.00773205 0.0107805 -0.007 -0.00744889 0.0109099 -0.007 -0.00793185 0.0103923 -0.007 -0.0075 0.0103923 -0.007 -0.008 0.0100041 -0.007 -0.00744889 0.00987467 -0.007 -0.00793185 0.0096423 -0.007 -0.00729904 0.00939231 -0.007 -0.00773205 0.00933164 -0.007 -0.00706066 0.00897809 -0.007 -0.00741421 0.00909327 -0.007 -0.00675 0.00866025 -0.007 -0.007 0.00894342 -0.007 -0.00638823 0.00846045 -0.007 -0.00651764 0.00889231 -0.007 -0.006 0.00839231 -0.007 -0.006 0.00894342 -0.007 -0.00561177 0.00846045 -0.007 -0.00548236 0.00909327 -0.007 -0.00525 0.00866025 -0.007 -0.005 0.00933164 -0.007 -0.00493934 0.00897809 -0.007 -0.00458579 0.0096423 -0.007 -0.00470096 0.00939231 -0.007 -0.00426795 0.0100041 -0.007 -0.00455111 0.00987467 -0.007 -0.00406815 0.0103923 -0.007 -0.0045 0.0103923 -0.007 -0.004 0.0107805 -0.007 -0.00455111 0.0109099 -0.007 -0.00406815 0.0111423 -0.007 -0.00470096 0.0113923 -0.007 -0.00426795 -0.00173205 -0.007 0.013 -0.00152399 1.500536e-15 0.0132712 -0.00141421 -0.007 0.0134142 -0.00141421 1.500536e-15 0.0134142 -0.001 -0.007 0.0137321 -0.001 1.500536e-15 0.0137321 -0.000517638 -0.007 0.0139319 -0.000517638 1.500536e-15 0.0139319 1.60768e-15 -0.007 0.014 1.60768e-15 1.500536e-15 0.014 0.000517638 -0.007 0.0139319 0.000517638 1.500536e-15 0.0139319 0.001 -0.007 0.0137321 0.001 1.500536e-15 0.0137321 0.00141421 -0.007 0.0134142 0.00141421 1.500536e-15 0.0134142 0.00152399 1.500536e-15 0.0132712 0.00173205 -0.007 0.013 0.00173205 1.500536e-15 0.013 0.00193185 -0.007 0.0125176 0.00193185 1.500536e-15 0.0125176 0.002 -0.007 0.012 0.002 1.500536e-15 0.012 0.00193185 -0.007 0.0114824 0.00193185 1.500536e-15 0.0114824 0.00173205 -0.007 0.011 0.00173205 1.500536e-15 0.011 0.00141421 -0.007 0.0105858 0.00141421 1.500536e-15 0.0105858 0.001 -0.007 0.0102679 0.001 1.500536e-15 0.0102679 0.000517638 -0.007 0.0100681 0.000517638 1.500536e-15 0.0100681 1.61039e-15 -0.007 0.01 1.61039e-15 1.500536e-15 0.01 -0.000517638 -0.007 0.0100681 -0.000517638 1.500536e-15 0.0100681 -0.001 -0.007 0.0102679 -0.001 1.500536e-15 0.0102679 -0.00141421 -0.007 0.0105858 -0.00141421 1.500536e-15 0.0105858 -0.00173205 -0.007 0.011 -0.00173205 1.500536e-15 0.011 -0.00193185 -0.007 0.0114824 -0.00193185 1.500536e-15 0.0114824 -0.002 -0.007 0.012 -0.002 1.500536e-15 0.012 -0.00193185 -0.007 0.0125176 -0.00193185 1.500536e-15 0.0125176 -0.00173205 1.500536e-15 0.013 -0.000388229 -0.007 0.0105511 -0.000517638 -0.007 0.0100681 -0.00075 -0.007 0.010701 -0.001 -0.007 0.0102679 -0.00106066 -0.007 0.0109393 -0.00141421 -0.007 0.0105858 -0.00129904 -0.007 0.01125 -0.00173205 -0.007 0.011 -0.00144889 -0.007 0.0116118 -0.00193185 -0.007 0.0114824 -0.0015 -0.007 0.012 -0.002 -0.007 0.012 -0.00144889 -0.007 0.0123882 -0.00193185 -0.007 0.0125176 -0.00129904 -0.007 0.01275 -0.00173205 -0.007 0.013 -0.00106066 -0.007 0.0130607 -0.00141421 -0.007 0.0134142 -0.00075 -0.007 0.013299 -0.001 -0.007 0.0137321 -0.000388229 -0.007 0.0134489 -0.000517638 -0.007 0.0139319 1.611431e-15 -0.007 0.0135 1.60768e-15 -0.007 0.014 0.000388229 -0.007 0.0134489 0.000517638 -0.007 0.0139319 0.00075 -0.007 0.013299 0.001 -0.007 0.0137321 0.00106066 -0.007 0.0130607 0.00141421 -0.007 0.0134142 0.00129904 -0.007 0.01275 0.00173205 -0.007 0.013 0.00144889 -0.007 0.0123882 0.00193185 -0.007 0.0125176 0.0015 -0.007 0.012 0.002 -0.007 0.012 0.00144889 -0.007 0.0116118 0.00193185 -0.007 0.0114824 0.00129904 -0.007 0.01125 0.00173205 -0.007 0.011 0.00106066 -0.007 0.0109393 0.00141421 -0.007 0.0105858 0.00075 -0.007 0.010701 0.001 -0.007 0.0102679 0.000388229 -0.007 0.0105511 0.000517638 -0.007 0.0100681 1.609398e-15 -0.007 0.0105 1.61039e-15 -0.007 0.01 -0.006 0.0235423 0.064 -0.006 0.0235423 0.072 -0.00655646 0.023469 0.064 -0.00655646 0.023469 0.072 -0.007075 0.0232543 0.064 -0.007075 0.0232543 0.072 -0.0072 0.0231583 0.064 -0.0072 0.0231583 0.072 -0.00752028 0.0229126 0.064 -0.00752028 0.0229126 0.072 -0.00786195 0.0224673 0.064 -0.00786195 0.0224673 0.072 -0.00807674 0.0219488 0.064 -0.00807674 0.0219488 0.072 -0.00815 0.0213923 0.064 -0.00815 0.0213923 0.072 -0.00807674 0.0208358 0.064 -0.00807674 0.0208358 0.072 -0.00786195 0.0203173 0.064 -0.00786195 0.0203173 0.072 -0.00752028 0.019872 0.064 -0.00752028 0.019872 0.072 -0.0072 0.0196263 0.064 -0.0072 0.0196263 0.072 -0.007075 0.0195303 0.064 -0.007075 0.0195303 0.072 -0.00655646 0.0193156 0.064 -0.00655646 0.0193156 0.072 -0.006 0.0192423 0.064 -0.006 0.0192423 0.072 -0.00544354 0.0193156 0.064 -0.00544354 0.0193156 0.072 -0.004925 0.0195303 0.064 -0.004925 0.0195303 0.072 -0.00447972 0.019872 0.064 -0.00447972 0.019872 0.072 -0.00413805 0.0203173 0.064 -0.00413805 0.0203173 0.072 -0.00392326 0.0208358 0.064 -0.00392326 0.0208358 0.072 -0.00385 0.0213923 0.064 -0.00385 0.0213923 0.072 -0.00392326 0.0219488 0.064 -0.00392326 0.0219488 0.072 -0.00413805 0.0224673 0.064 -0.00413805 0.0224673 0.072 -0.00447972 0.0229126 0.064 -0.00447972 0.0229126 0.072 -0.004925 0.0232543 0.064 -0.004925 0.0232543 0.072 -0.00544354 0.023469 0.064 -0.00544354 0.023469 0.072 0.006 0.0235423 0.064 0.006 0.0235423 0.072 0.00544354 0.023469 0.064 0.00544354 0.023469 0.072 0.004925 0.0232543 0.064 0.004925 0.0232543 0.072 0.00447972 0.0229126 0.064 0.00447972 0.0229126 0.072 0.00413805 0.0224673 0.064 0.00413805 0.0224673 0.072 0.00392326 0.0219488 0.064 0.00392326 0.0219488 0.072 0.00385 0.0213923 0.064 0.00385 0.0213923 0.072 0.00392326 0.0208358 0.064 0.00392326 0.0208358 0.072 0.00413805 0.0203173 0.064 0.00413805 0.0203173 0.072 0.00447972 0.019872 0.064 0.00447972 0.019872 0.072 0.004925 0.0195303 0.064 0.004925 0.0195303 0.072 0.00544354 0.0193156 0.064 0.00544354 0.0193156 0.072 0.006 0.0192423 0.064 0.006 0.0192423 0.072 0.00655646 0.0193156 0.064 0.00655646 0.0193156 0.072 0.007075 0.0195303 0.064 0.007075 0.0195303 0.072 0.00752028 0.019872 0.064 0.00752028 0.019872 0.072 0.00786195 0.0203173 0.064 0.00786195 0.0203173 0.072 0.00807674 0.0208358 0.064 0.00807674 0.0208358 0.072 0.00815 0.0213923 0.064 0.00815 0.0213923 0.072 0.00807674 0.0219488 0.064 0.00807674 0.0219488 0.072 0.00786195 0.0224673 0.064 0.00786195 0.0224673 0.072 0.00752028 0.0229126 0.064 0.00752028 0.0229126 0.072 0.007075 0.0232543 0.064 0.007075 0.0232543 0.072 0.00655646 0.023469 0.064 0.00655646 0.023469 0.072 0.0135203 0.0125203 0.064 0.0132712 0.0127114 0.072 0.013075 0.012862 0.064 0.013075 0.012862 0.072 0.0130212 0.0128843 0.064 0.0125565 0.0130767 0.072 0.0125565 0.0130767 0.064 0.012 0.01315 0.064 0.012 0.01315 0.072 0.0114435 0.0130767 0.064 0.0114435 0.0130767 0.072 0.010925 0.012862 0.064 0.010925 0.012862 0.072 0.0104797 0.0125203 0.064 0.0104797 0.0125203 0.072 0.010138 0.012075 0.064 0.010138 0.012075 0.072 0.00992326 0.0115565 0.064 0.00992326 0.0115565 0.072 0.00985 0.011 0.064 0.00985 0.011 0.072 0.00992326 0.0104435 0.064 0.00992326 0.0104435 0.072 0.010138 0.009925 0.064 0.010138 0.009925 0.072 0.0104797 0.0094797 0.064 0.0104797 0.0094797 0.072 0.010925 0.009138 0.064 0.010925 0.009138 0.072 0.0114435 0.0089233 0.064 0.0114435 0.0089233 0.072 0.012 0.00885 0.064 0.012 0.00885 0.072 0.0125565 0.0089233 0.064 0.0125565 0.0089233 0.072 0.0130212 0.0091157 0.064 0.013075 0.009138 0.072 0.013075 0.009138 0.064 0.0132712 0.0092886 0.072 0.0135203 0.0094797 0.064 0.0135203 0.0094797 0.072 0.013862 0.009925 0.064 0.013862 0.009925 0.072 0.0140767 0.0104435 0.064 0.0140767 0.0104435 0.072 0.01415 0.011 0.064 0.01415 0.011 0.072 0.0140767 0.0115565 0.064 0.0140767 0.0115565 0.072 0.013862 0.012075 0.064 0.013862 0.012075 0.072 0.0135203 0.0125203 0.072 0.006 0.00275769 0.064 0.006 0.00275769 0.072 0.00544354 0.00268444 0.064 0.00544354 0.00268444 0.072 0.004925 0.00246965 0.064 0.004925 0.00246965 0.072 0.00447972 0.00212797 0.064 0.00447972 0.00212797 0.072 0.00413805 0.0016827 0.064 0.00413805 0.0016827 0.072 0.00392326 0.00116416 0.064 0.00392326 0.00116416 0.072 0.00385 0.0006077 0.064 0.00385 0.0006077 0.072 0.00392326 5.123e-05 0.064 0.00392326 5.123e-05 0.072 0.00413805 -0.0004673 0.064 0.00413805 -0.0004673 0.072 0.00447972 -0.00091258 0.064 0.00447972 -0.00091258 0.072 0.004925 -0.00125426 0.064 0.004925 -0.00125426 0.072 0.00544354 -0.00146905 0.064 0.00544354 -0.00146905 0.072 0.006 -0.0015423 0.064 0.006 -0.0015423 0.072 0.00655646 -0.00146905 0.064 0.00655646 -0.00146905 0.072 0.007075 -0.00125426 0.064 0.007075 -0.00125426 0.072 0.00752028 -0.00091258 0.064 0.00752028 -0.00091258 0.072 0.00786195 -0.0004673 0.064 0.00786195 -0.0004673 0.072 0.00807674 5.123e-05 0.064 0.00807674 5.123e-05 0.072 0.00815 0.0006077 0.064 0.00815 0.0006077 0.072 0.00807674 0.00116416 0.064 0.00807674 0.00116416 0.072 0.00786195 0.0016827 0.064 0.00786195 0.0016827 0.072 0.00752028 0.00212797 0.064 0.00752028 0.00212797 0.072 0.007075 0.00246965 0.064 0.007075 0.00246965 0.072 0.00655646 0.00268444 0.064 0.00655646 0.00268444 0.072 -0.006 0.00275769 0.064 -0.006 0.00275769 0.072 -0.00655646 0.00268444 0.064 -0.00655646 0.00268444 0.072 -0.007075 0.00246965 0.064 -0.007075 0.00246965 0.072 -0.0072 0.00237373 0.064 -0.0072 0.00237373 0.072 -0.00752028 0.00212797 0.064 -0.00752028 0.00212797 0.072 -0.00786195 0.0016827 0.064 -0.00786195 0.0016827 0.072 -0.00807674 0.00116416 0.064 -0.00807674 0.00116416 0.072 -0.00815 0.0006077 0.064 -0.00815 0.0006077 0.072 -0.00807674 5.123e-05 0.064 -0.00807674 5.123e-05 0.072 -0.00786195 -0.0004673 0.064 -0.00786195 -0.0004673 0.072 -0.00752028 -0.00091258 0.064 -0.00752028 -0.00091258 0.072 -0.0072 -0.00115834 0.064 -0.0072 -0.00115834 0.072 -0.007075 -0.00125426 0.064 -0.007075 -0.00125426 0.072 -0.00655646 -0.00146905 0.064 -0.00655646 -0.00146905 0.072 -0.006 -0.0015423 0.064 -0.006 -0.0015423 0.072 -0.00544354 -0.00146905 0.064 -0.00544354 -0.00146905 0.072 -0.004925 -0.00125426 0.064 -0.004925 -0.00125426 0.072 -0.00447972 -0.00091258 0.064 -0.00447972 -0.00091258 0.072 -0.00413805 -0.0004673 0.064 -0.00413805 -0.0004673 0.072 -0.00392326 5.123e-05 0.064 -0.00392326 5.123e-05 0.072 -0.00385 0.0006077 0.064 -0.00385 0.0006077 0.072 -0.00392326 0.00116416 0.064 -0.00392326 0.00116416 0.072 -0.00413805 0.0016827 0.064 -0.00413805 0.0016827 0.072 -0.00447972 0.00212797 0.064 -0.00447972 0.00212797 0.072 -0.004925 0.00246965 0.064 -0.004925 0.00246965 0.072 -0.00544354 0.00268444 0.064 -0.00544354 0.00268444 0.072 -0.012 0.01315 0.064 -0.012 0.01315 0.072 -0.0125565 0.0130767 0.064 -0.0125565 0.0130767 0.072 -0.013075 0.012862 0.064 -0.013075 0.012862 0.072 -0.0135203 0.0125203 0.064 -0.0135203 0.0125203 0.072 -0.013862 0.012075 0.064 -0.013862 0.012075 0.072 -0.0140767 0.0115565 0.064 -0.0140767 0.0115565 0.072 -0.01415 0.011 0.064 -0.01415 0.011 0.072 -0.0140767 0.0104435 0.064 -0.0140767 0.0104435 0.072 -0.013862 0.009925 0.064 -0.013862 0.009925 0.072 -0.0135203 0.0094797 0.064 -0.0135203 0.0094797 0.072 -0.013075 0.009138 0.064 -0.013075 0.009138 0.072 -0.0125565 0.0089233 0.064 -0.0125565 0.0089233 0.072 -0.012 0.00885 0.064 -0.012 0.00885 0.072 -0.0114435 0.0089233 0.064 -0.0114435 0.0089233 0.072 -0.010925 0.009138 0.064 -0.010925 0.009138 0.072 -0.0104797 0.0094797 0.064 -0.0104797 0.0094797 0.072 -0.010138 0.009925 0.064 -0.010138 0.009925 0.072 -0.00992326 0.0104435 0.064 -0.00992326 0.0104435 0.072 -0.00985 0.011 0.064 -0.00985 0.011 0.072 -0.00992326 0.0115565 0.064 -0.00992326 0.0115565 0.072 -0.010138 0.012075 0.064 -0.010138 0.012075 0.072 -0.0104797 0.0125203 0.064 -0.0104797 0.0125203 0.072 -0.010925 0.012862 0.064 -0.010925 0.012862 0.072 -0.0114435 0.0130767 0.064 -0.0114435 0.0130767 0.072 -0.0116913 0.01775 0.065 -0.0121244 0.018 0.065 -0.0118412 0.0173882 0.065 -0.0123242 0.0175176 0.065 -0.0118923 0.017 0.065 -0.0123923 0.017 0.065 -0.0118412 0.0166118 0.065 -0.0123242 0.0164824 0.065 -0.0116913 0.01625 0.065 -0.0121244 0.016 0.065 -0.011453 0.0159393 0.065 -0.0118065 0.0155858 0.065 -0.0111423 0.015701 0.065 -0.0113923 0.0152679 0.065 -0.0107805 0.0155511 0.065 -0.0109099 0.0150681 0.065 -0.0103923 0.0155 0.065 -0.0103923 0.015 0.065 -0.0100041 0.0155511 0.065 -0.00987467 0.0150681 0.065 -0.0096423 0.015701 0.065 -0.00939231 0.0152679 0.065 -0.00933164 0.0159393 0.065 -0.00897809 0.0155858 0.065 -0.00909327 0.01625 0.065 -0.00866025 0.016 0.065 -0.00894342 0.0166118 0.065 -0.00846045 0.0164824 0.065 -0.00889231 0.017 0.065 -0.00839231 0.017 0.065 -0.00894342 0.0173882 0.065 -0.00846045 0.0175176 0.065 -0.00909327 0.01775 0.065 -0.00866025 0.018 0.065 -0.00933164 0.0180607 0.065 -0.00897809 0.0184142 0.065 -0.0096423 0.018299 0.065 -0.00939231 0.0187321 0.065 -0.0100041 0.0184489 0.065 -0.00987467 0.0189319 0.065 -0.0103923 0.0185 0.065 -0.0103923 0.019 0.065 -0.0107805 0.0184489 0.065 -0.0109099 0.0189319 0.065 -0.0111423 0.018299 0.065 -0.0113923 0.0187321 0.065 -0.011453 0.0180607 0.065 -0.0118065 0.0184142 0.065 -0.0118065 0.0184142 0.065 -0.0120284 0.018125 0.072 -0.0121244 0.018 0.065 -0.0121244 0.018 0.072 -0.0123242 0.0175176 0.065 -0.0123242 0.0175176 0.072 -0.0123923 0.017 0.065 -0.0123923 0.017 0.072 -0.0123242 0.0164824 0.065 -0.0123242 0.0164824 0.072 -0.0121244 0.016 0.065 -0.0121244 0.016 0.072 -0.0118065 0.0155858 0.065 -0.0118065 0.0155858 0.072 -0.0113923 0.0152679 0.065 -0.0113923 0.0152679 0.072 -0.0109099 0.0150681 0.065 -0.0109099 0.0150681 0.072 -0.0103923 0.015 0.065 -0.0103923 0.015 0.072 -0.00987467 0.0150681 0.065 -0.00987467 0.0150681 0.072 -0.00939231 0.0152679 0.065 -0.00939231 0.0152679 0.072 -0.00912115 0.015476 0.072 -0.00897809 0.0155858 0.065 -0.00897809 0.0155858 0.072 -0.00866025 0.016 0.065 -0.00866025 0.016 0.072 -0.00846045 0.0164824 0.065 -0.00846045 0.0164824 0.072 -0.00839231 0.017 0.065 -0.00839231 0.017 0.072 -0.00846045 0.0175176 0.065 -0.00846045 0.0175176 0.072 -0.00866025 0.018 0.065 -0.00866025 0.018 0.072 -0.00875617 0.018125 0.072 -0.00897809 0.0184142 0.065 -0.00897809 0.0184142 0.072 -0.00912115 0.018524 0.072 -0.00939231 0.0187321 0.065 -0.00939231 0.0187321 0.072 -0.00987467 0.0189319 0.065 -0.00987467 0.0189319 0.072 -0.0103923 0.019 0.065 -0.0103923 0.019 0.072 -0.0109099 0.0189319 0.065 -0.0109099 0.0189319 0.072 -0.0113923 0.0187321 0.065 -0.0113923 0.0187321 0.072 -0.0118065 0.0184142 0.072 -0.00173205 -0.002 0.065 -0.00152399 -0.00227115 0.072 -0.00141421 -0.00241421 0.065 -0.00141421 -0.00241421 0.072 -0.001 -0.00273205 0.065 -0.001 -0.00273205 0.072 -0.000517638 -0.00293185 0.065 -0.000517638 -0.00293185 0.072 1.606731e-15 -0.003 0.065 1.606731e-15 -0.003 0.072 0.000517638 -0.00293185 0.065 0.000517638 -0.00293185 0.072 0.001 -0.00273205 0.065 0.001 -0.00273205 0.072 0.00141421 -0.00241421 0.065 0.00141421 -0.00241421 0.072 0.00152399 -0.00227115 0.072 0.00173205 -0.002 0.065 0.00173205 -0.002 0.072 0.00193185 -0.00151764 0.065 0.00193185 -0.00151764 0.072 0.002 -0.001 0.065 0.002 -0.001 0.072 0.00193185 -0.00048236 0.065 0.00193185 -0.00048236 0.072 0.00173205 1.500536e-15 0.065 0.00173205 1.500536e-15 0.072 0.00141421 0.00041421 0.065 0.00141421 0.00041421 0.072 0.001 0.00073205 0.065 0.001 0.00073205 0.072 0.000517638 0.00093185 0.065 0.000517638 0.00093185 0.072 1.608354e-15 0.001 0.065 1.608354e-15 0.001 0.072 -0.000517638 0.00093185 0.065 -0.000517638 0.00093185 0.072 -0.001 0.00073205 0.065 -0.001 0.00073205 0.072 -0.00141421 0.00041421 0.065 -0.00141421 0.00041421 0.072 -0.00173205 1.500536e-15 0.065 -0.00173205 1.500536e-15 0.072 -0.00193185 -0.00048236 0.065 -0.00193185 -0.00048236 0.072 -0.002 -0.001 0.065 -0.002 -0.001 0.072 -0.00193185 -0.00151764 0.065 -0.00193185 -0.00151764 0.072 -0.00173205 -0.002 0.072 0.00897809 0.0184142 0.065 0.00875617 0.018125 0.072 0.00866025 0.018 0.065 0.00866025 0.018 0.072 0.00846045 0.0175176 0.065 0.00846045 0.0175176 0.072 0.00839231 0.017 0.065 0.00839231 0.017 0.072 0.00846045 0.0164824 0.065 0.00846045 0.0164824 0.072 0.00866025 0.016 0.065 0.00866025 0.016 0.072 0.00897809 0.0155858 0.065 0.00897809 0.0155858 0.072 0.00939231 0.0152679 0.065 0.00939231 0.0152679 0.072 0.00987467 0.0150681 0.065 0.00987467 0.0150681 0.072 0.0103923 0.015 0.065 0.0103923 0.015 0.072 0.0109099 0.0150681 0.065 0.0109099 0.0150681 0.072 0.0113923 0.0152679 0.065 0.0113923 0.0152679 0.072 0.0118065 0.0155858 0.065 0.0118065 0.0155858 0.072 0.0121244 0.016 0.065 0.0121244 0.016 0.072 0.0123242 0.0164824 0.065 0.0123242 0.0164824 0.072 0.0123923 0.017 0.065 0.0123923 0.017 0.072 0.0123242 0.0175176 0.065 0.0123242 0.0175176 0.072 0.0121244 0.018 0.065 0.0121244 0.018 0.072 0.0120284 0.018125 0.072 0.0118065 0.0184142 0.065 0.0118065 0.0184142 0.072 0.0113923 0.0187321 0.065 0.0113923 0.0187321 0.072 0.0109099 0.0189319 0.065 0.0109099 0.0189319 0.072 0.0103923 0.019 0.065 0.0103923 0.019 0.072 0.00987467 0.0189319 0.065 0.00987467 0.0189319 0.072 0.00939231 0.0187321 0.065 0.00939231 0.0187321 0.072 0.00897809 0.0184142 0.072 0.00909327 0.01775 0.065 0.00866025 0.018 0.065 0.00894342 0.0173882 0.065 0.00846045 0.0175176 0.065 0.00889231 0.017 0.065 0.00839231 0.017 0.065 0.00894342 0.0166118 0.065 0.00846045 0.0164824 0.065 0.00909327 0.01625 0.065 0.00866025 0.016 0.065 0.00933164 0.0159393 0.065 0.00897809 0.0155858 0.065 0.0096423 0.015701 0.065 0.00939231 0.0152679 0.065 0.0100041 0.0155511 0.065 0.00987467 0.0150681 0.065 0.0103923 0.0155 0.065 0.0103923 0.015 0.065 0.0107805 0.0155511 0.065 0.0109099 0.0150681 0.065 0.0111423 0.015701 0.065 0.0113923 0.0152679 0.065 0.011453 0.0159393 0.065 0.0118065 0.0155858 0.065 0.0116913 0.01625 0.065 0.0121244 0.016 0.065 0.0118412 0.0166118 0.065 0.0123242 0.0164824 0.065 0.0118923 0.017 0.065 0.0123923 0.017 0.065 0.0118412 0.0173882 0.065 0.0123242 0.0175176 0.065 0.0116913 0.01775 0.065 0.0121244 0.018 0.065 0.011453 0.0180607 0.065 0.0118065 0.0184142 0.065 0.0111423 0.018299 0.065 0.0113923 0.0187321 0.065 0.0107805 0.0184489 0.065 0.0109099 0.0189319 0.065 0.0103923 0.0185 0.065 0.0103923 0.019 0.065 0.0100041 0.0184489 0.065 0.00987467 0.0189319 0.065 0.0096423 0.018299 0.065 0.00939231 0.0187321 0.065 0.00933164 0.0180607 0.065 0.00897809 0.0184142 0.065 0.00106066 -0.00206066 0.065 0.00141421 -0.00241421 0.065 0.00129904 -0.00175 0.065 0.00173205 -0.002 0.065 0.00144889 -0.00138823 0.065 0.00193185 -0.00151764 0.065 0.0015 -0.001 0.065 0.002 -0.001 0.065 0.00144889 -0.00061177 0.065 0.00193185 -0.00048236 0.065 0.00129904 -0.00025 0.065 0.00173205 1.500536e-15 0.065 0.00106066 6.066e-05 0.065 0.00141421 0.00041421 0.065 0.00075 0.00029904 0.065 0.001 0.00073205 0.065 0.000388229 0.00044889 0.065 0.000517638 0.00093185 0.065 1.607313e-15 0.0005 0.065 1.608354e-15 0.001 0.065 -0.000388229 0.00044889 0.065 -0.000517638 0.00093185 0.065 -0.00075 0.00029904 0.065 -0.001 0.00073205 0.065 -0.00106066 6.066e-05 0.065 -0.00141421 0.00041421 0.065 -0.00129904 -0.00025 0.065 -0.00173205 1.500536e-15 0.065 -0.00144889 -0.00061177 0.065 -0.00193185 -0.00048236 0.065 -0.0015 -0.001 0.065 -0.002 -0.001 0.065 -0.00144889 -0.00138823 0.065 -0.00193185 -0.00151764 0.065 -0.00129904 -0.00175 0.065 -0.00173205 -0.002 0.065 -0.00106066 -0.00206066 0.065 -0.00141421 -0.00241421 0.065 -0.00075 -0.00229904 0.065 -0.001 -0.00273205 0.065 -0.000388229 -0.00244889 0.065 -0.000517638 -0.00293185 0.065 1.608231e-15 -0.0025 0.065 1.606731e-15 -0.003 0.065 0.000388229 -0.00244889 0.065 0.000517638 -0.00293185 0.065 0.00075 -0.00229904 0.065 0.001 -0.00273205 0.065 -0.00125 -0.005 0.055 -0.00125 -0.015 0.055 -0.00120741 -0.005 0.0546765 -0.00120741 -0.015 0.0546765 -0.00108253 -0.005 0.054375 -0.00108253 -0.015 0.054375 -0.000883883 -0.005 0.0541161 -0.000883883 -0.015 0.0541161 -0.000625 -0.005 0.0539175 -0.000625 -0.015 0.0539175 -0.000323524 -0.005 0.0537926 -0.000323524 -0.015 0.0537926 1.602734e-15 -0.005 0.05375 1.602734e-15 -0.015 0.05375 0.000323524 -0.005 0.0537926 0.000323524 -0.015 0.0537926 0.000625 -0.005 0.0539175 0.000625 -0.015 0.0539175 0.000883883 -0.005 0.0541161 0.000883883 -0.015 0.0541161 0.00108253 -0.005 0.054375 0.00108253 -0.015 0.054375 0.00120741 -0.005 0.0546765 0.00120741 -0.015 0.0546765 0.00125 -0.005 0.055 0.00125 -0.015 0.055 0.00120741 -0.005 0.0553235 0.00120741 -0.015 0.0553235 0.00108253 -0.005 0.055625 0.00108253 -0.015 0.055625 0.000883883 -0.005 0.0558839 0.000883883 -0.015 0.0558839 0.000625 -0.005 0.0560825 0.000625 -0.015 0.0560825 0.000323524 -0.005 0.0562074 0.000323524 -0.015 0.0562074 1.604428e-15 -0.005 0.05625 1.604428e-15 -0.015 0.05625 -0.000323524 -0.005 0.0562074 -0.000323524 -0.015 0.0562074 -0.000625 -0.005 0.0560825 -0.000625 -0.015 0.0560825 -0.000883883 -0.005 0.0558839 -0.000883883 -0.015 0.0558839 -0.00108253 -0.005 0.055625 -0.00108253 -0.015 0.055625 -0.00120741 -0.005 0.0553235 -0.00120741 -0.015 0.0553235 -0.00125 -0.005 0.04 -0.00125 -0.015 0.04 -0.00120741 -0.005 0.0396765 -0.00120741 -0.015 0.0396765 -0.00108253 -0.005 0.039375 -0.00108253 -0.015 0.039375 -0.000883883 -0.005 0.0391161 -0.000883883 -0.015 0.0391161 -0.000625 -0.005 0.0389175 -0.000625 -0.015 0.0389175 -0.000323524 -0.005 0.0387926 -0.000323524 -0.015 0.0387926 1.604571e-15 -0.005 0.03875 1.604571e-15 -0.015 0.03875 0.000323524 -0.005 0.0387926 0.000323524 -0.015 0.0387926 0.000625 -0.005 0.0389175 0.000625 -0.015 0.0389175 0.000883883 -0.005 0.0391161 0.000883883 -0.015 0.0391161 0.00108253 -0.005 0.039375 0.00108253 -0.015 0.039375 0.00120741 -0.005 0.0396765 0.00120741 -0.015 0.0396765 0.00125 -0.005 0.04 0.00125 -0.015 0.04 0.00120741 -0.005 0.0403235 0.00120741 -0.015 0.0403235 0.00108253 -0.005 0.040625 0.00108253 -0.015 0.040625 0.000883883 -0.005 0.0408839 0.000883883 -0.015 0.0408839 0.000625 -0.005 0.0410825 0.000625 -0.015 0.0410825 0.000323524 -0.005 0.0412074 0.000323524 -0.015 0.0412074 1.606265e-15 -0.005 0.04125 1.606265e-15 -0.015 0.04125 -0.000323524 -0.005 0.0412074 -0.000323524 -0.015 0.0412074 -0.000625 -0.005 0.0410825 -0.000625 -0.015 0.0410825 -0.000883883 -0.005 0.0408839 -0.000883883 -0.015 0.0408839 -0.00108253 -0.005 0.040625 -0.00108253 -0.015 0.040625 -0.00120741 -0.005 0.0403235 -0.00120741 -0.015 0.0403235 -0.00125 -0.005 0.025 -0.00125 -0.015 0.025 -0.00120741 -0.005 0.0246765 -0.00120741 -0.015 0.0246765 -0.00108253 -0.005 0.024375 -0.00108253 -0.015 0.024375 -0.000883883 -0.005 0.0241161 -0.000883883 -0.015 0.0241161 -0.000625 -0.005 0.0239175 -0.000625 -0.015 0.0239175 -0.000323524 -0.005 0.0237926 -0.000323524 -0.015 0.0237926 1.606408e-15 -0.005 0.02375 1.606408e-15 -0.015 0.02375 0.000323524 -0.005 0.0237926 0.000323524 -0.015 0.0237926 0.000625 -0.005 0.0239175 0.000625 -0.015 0.0239175 0.000883883 -0.005 0.0241161 0.000883883 -0.015 0.0241161 0.00108253 -0.005 0.024375 0.00108253 -0.015 0.024375 0.00120741 -0.005 0.0246765 0.00120741 -0.015 0.0246765 0.00125 -0.005 0.025 0.00125 -0.015 0.025 0.00120741 -0.005 0.0253235 0.00120741 -0.015 0.0253235 0.00108253 -0.005 0.025625 0.00108253 -0.015 0.025625 0.000883883 -0.005 0.0258839 0.000883883 -0.015 0.0258839 0.000625 -0.005 0.0260825 0.000625 -0.015 0.0260825 0.000323524 -0.005 0.0262074 0.000323524 -0.015 0.0262074 1.608102e-15 -0.005 0.02625 1.608102e-15 -0.015 0.02625 -0.000323524 -0.005 0.0262074 -0.000323524 -0.015 0.0262074 -0.000625 -0.005 0.0260825 -0.000625 -0.015 0.0260825 -0.000883883 -0.005 0.0258839 -0.000883883 -0.015 0.0258839 -0.00108253 -0.005 0.025625 -0.00108253 -0.015 0.025625 -0.00120741 -0.005 0.0253235 -0.00120741 -0.015 0.0253235 1.591966e-15 0.027 0.064 -0.00250295 0.026803 0.064 1.591966e-15 0.027 0.072 -0.00250295 0.026803 0.072 -0.002925 0.0267017 0.072 -0.002675 0.0267617 0.064 -0.00494427 0.0262169 0.072 -0.00494427 0.0262169 0.064 -0.0072 0.0252826 0.072 -0.0072 0.0252826 0.064 -0.00726385 0.0252561 0.072 -0.00726385 0.0252561 0.064 -0.00912115 0.0241179 0.072 -0.00937115 0.0239647 0.064 -0.00940456 0.0239443 0.072 -0.00940456 0.0239443 0.064 -0.0113137 0.0223137 0.064 -0.0113137 0.0223137 0.072 -0.0129443 0.0204046 0.064 -0.0129443 0.0204046 0.072 -0.0137307 0.0191212 0.072 -0.0138839 0.0188712 0.064 -0.0142561 0.0182638 0.072 -0.0142561 0.0182638 0.064 -0.0143136 0.018125 0.072 -0.0144172 0.017875 0.064 -0.0152169 0.0159443 0.072 -0.0152169 0.0159443 0.064 -0.0156657 0.014075 0.072 -0.0156057 0.014325 0.064 -0.015803 0.013503 0.072 -0.015803 0.013503 0.064 0.015803 0.013503 0.064 0.015803 0.013503 0.072 0.0156657 0.014075 0.072 0.0156057 0.014325 0.064 0.0152169 0.0159443 0.072 0.0152169 0.0159443 0.064 0.0144172 0.017875 0.064 0.0143136 0.018125 0.072 0.0142561 0.0182638 0.064 0.0142561 0.0182638 0.072 0.0137307 0.0191212 0.072 0.0138839 0.0188712 0.064 0.0132712 0.0198711 0.072 0.0130212 0.0202791 0.064 0.0129443 0.0204046 0.072 0.0129443 0.0204046 0.064 0.0113137 0.0223137 0.064 0.0113137 0.0223137 0.072 0.00940456 0.0239443 0.064 0.00940456 0.0239443 0.072 0.00827115 0.0246388 0.072 0.00852115 0.0244856 0.064 0.00726385 0.0252561 0.072 0.00726385 0.0252561 0.064 0.00494427 0.0262169 0.064 0.00494427 0.0262169 0.072 0.002925 0.0267017 0.072 0.002675 0.0267617 0.064 0.00250295 0.026803 0.072 0.00250295 0.026803 0.064 -0.015803 -0.015 -0.00250295 -0.015803 1.500536e-15 -0.00250295 -0.016 1.500536e-15 -6.994405e-15 -0.0132712 1.500536e-15 -0.00887114 -0.0129443 -0.015 -0.00940456 -0.0138839 -0.015 -0.00787115 -0.0156057 -0.015 -0.003325 -0.0156657 1.500536e-15 -0.003075 -0.0152169 -0.015 -0.00494427 -0.0152169 1.500536e-15 -0.00494427 -0.0144172 -0.015 -0.006875 -0.0143136 1.500536e-15 -0.007125 -0.0142561 -0.015 -0.00726385 -0.0142561 1.500536e-15 -0.00726385 -0.0137307 1.500536e-15 -0.00812115 -0.00940456 1.500536e-15 -0.0129443 -0.0113137 -0.015 -0.0113137 -0.0113137 1.500536e-15 -0.0113137 -0.0129443 1.500536e-15 -0.00940456 -0.00827115 1.500536e-15 -0.0136388 -0.00937115 -0.015 -0.0129647 -0.00940456 -0.015 -0.0129443 -0.00250295 1.500536e-15 -0.015803 -0.00250295 -0.015 -0.015803 -0.002675 -0.015 -0.0157617 -0.002925 1.500536e-15 -0.0157017 -0.00494427 -0.015 -0.0152169 -0.00494427 1.500536e-15 -0.0152169 -0.0072 -0.015 -0.0142826 -0.00726385 1.500536e-15 -0.0142561 -0.00726385 -0.015 -0.0142561 -0.00852115 -0.015 -0.0134856 -0.001375 -0.015 -0.0158918 1.603864e-15 1.500536e-15 -0.016 1.603864e-15 -0.015 -0.016 -0.0142634 1.500536e-15 0.00724615 -0.0152169 1.500536e-15 0.00494427 -0.0152169 -0.005 0.00494427 -0.015803 1.500536e-15 0.00250295 -0.015803 -0.005 0.00250295 -0.0142561 1.500536e-15 0.00726385 -0.0142561 -0.005 0.00726385 -0.0132712 1.500536e-15 0.00887114 -0.0129443 -0.005 0.00940456 -0.0129443 1.500536e-15 0.00940456 -0.0113137 -0.005 0.0113137 -0.0113137 1.500536e-15 0.0113137 -0.00940456 -0.005 0.0129443 -0.00940456 1.500536e-15 0.0129443 -0.00887114 1.500536e-15 0.0132712 -0.00726385 -0.005 0.0142561 -0.00827115 1.500536e-15 0.0136388 -0.00726385 1.500536e-15 0.0142561 -0.00494427 -0.005 0.0152169 -0.00494427 1.500536e-15 0.0152169 -0.002925 1.500536e-15 0.0157017 -0.00250295 -0.005 0.015803 -0.00250295 1.500536e-15 0.015803 1.605824e-15 -0.005 0.016 1.605824e-15 1.500536e-15 0.016 0.015803 -0.015 -0.00250295 0.001375 -0.015 -0.0158918 0.00250295 1.500536e-15 -0.015803 0.00250295 -0.015 -0.015803 0.002925 1.500536e-15 -0.0157017 0.00494427 -0.015 -0.0152169 0.00494427 1.500536e-15 -0.0152169 0.0072 -0.015 -0.0142826 0.0072 1.500536e-15 -0.0142826 0.00726385 -0.015 -0.0142561 0.00726385 1.500536e-15 -0.0142561 0.00852115 -0.015 -0.0134856 0.00912115 1.500536e-15 -0.0131179 0.00940456 -0.015 -0.0129443 0.0129443 1.500536e-15 -0.00940456 0.0113137 -0.015 -0.0113137 0.0113137 1.500536e-15 -0.0113137 0.00940456 1.500536e-15 -0.0129443 0.0137307 1.500536e-15 -0.00812115 0.0130212 -0.015 -0.00927911 0.0129443 -0.015 -0.00940456 0.016 1.500536e-15 -6.994405e-15 0.015803 1.500536e-15 -0.00250295 0.0156657 1.500536e-15 -0.003075 0.0156057 -0.015 -0.003325 0.0152169 1.500536e-15 -0.00494427 0.0152169 -0.015 -0.00494427 0.0143136 1.500536e-15 -0.007125 0.0144172 -0.015 -0.006875 0.0142561 1.500536e-15 -0.00726385 0.0142561 -0.015 -0.00726385 0.0138839 -0.015 -0.00787115 0.00250295 -0.005 0.015803 0.00250295 1.500536e-15 0.015803 0.002925 1.500536e-15 0.0157017 0.00494427 -0.005 0.0152169 0.00494427 1.500536e-15 0.0152169 0.0072 1.500536e-15 0.0142826 0.00726385 -0.005 0.0142561 0.00726385 1.500536e-15 0.0142561 0.00887114 1.500536e-15 0.0132712 0.00940456 -0.005 0.0129443 0.00912115 1.500536e-15 0.0131179 0.00940456 1.500536e-15 0.0129443 0.0113137 -0.005 0.0113137 0.0113137 1.500536e-15 0.0113137 0.0129443 -0.005 0.00940456 0.0129443 1.500536e-15 0.00940456 0.0142561 -0.005 0.00726385 0.0142561 1.500536e-15 0.00726385 0.0142634 1.500536e-15 0.00724615 0.0152169 -0.005 0.00494427 0.0152169 1.500536e-15 0.00494427 0.015803 -0.005 0.00250295 0.015803 1.500536e-15 0.00250295 -0.016 -0.0148637 0.0690353 0.016 -0.0148637 0.0690353 0.016 -0.01203528 0.0718637 0.016 -0.0144641 0.07 -0.016 -0.0144641 0.07 0.016 -0.01382843 0.0708284 -0.016 -0.01382843 0.0708284 0.016 -0.013 0.0714641 -0.016 -0.013 0.0714641 -0.016 -0.01203528 0.0718637</float_array>
          <technique_common>
            <accessor count="3615" source="#verts-array-array" stride="3">
              <param type="float" name="X"/>
              <param type="float" name="Y"/>
              <param type="float" name="Z"/>
            </accessor>
          </technique_common>
        </source>
        <source id="normals-array">
          <float_array count="10845" id="normals-array-array">0.866051 -0.4999556 3.463998e-06 0.793396 -0.6087058 9.376246e-07 0.7070803 -0.7071333 3.283723e-06 0.7070901 -0.7071234 0 0.4999701 -0.8660427 0 0.4999701 -0.8660427 0 0.2588526 -0.9659168 0 0.2588526 -0.9659168 0 8.911088e-18 -1 0 -8.911088e-18 -1 0 -0.2588526 -0.9659168 0 -0.2588526 -0.9659168 0 -0.4999432 -0.8660582 0 -0.4999432 -0.8660582 0 -0.7071117 -0.7071019 9.4887e-06 -0.7071401 -0.7070735 0 -0.7934733 -0.6086051 2.708983e-06 -0.8660547 -0.4999492 1.00091e-05 -0.8660233 -0.5000037 0 -0.9659168 -0.2588526 0 -0.9659168 -0.2588526 0 -1 -8.911088e-18 0 -1 8.911088e-18 0 -0.9659168 0.2588526 0 -0.9659168 0.2588526 0 -0.8660582 0.4999432 0 -0.8660582 0.4999432 0 -0.7071068 0.7071068 0 -0.7071068 0.7071068 0 -0.4999432 0.8660582 0 -0.4999432 0.8660582 0 -0.2588526 0.9659168 0 -0.2588526 0.9659168 0 0 1 0 -8.911088e-18 1 0 0.2588526 0.9659168 0 0.2588526 0.9659168 0 0.4999701 0.8660427 0 0.4999701 0.8660427 0 0.7070786 0.7071349 0 0.7070786 0.7071349 0 0.8660523 0.4999535 0 0.8660523 0.4999535 0 0.9659288 0.2588079 0 0.9659288 0.2588079 0 1 8.911117e-18 0 1 -8.911117e-18 0 0.9659288 -0.2588079 0 0.9659288 -0.2588079 0 0.8660402 -0.4999745 0 0.8660547 -0.4999492 1.00091e-05 0.7934733 -0.6086051 2.708983e-06 0.7071117 -0.7071019 9.4887e-06 0.7071401 -0.7070735 0 0.4999432 -0.8660582 0 0.4999432 -0.8660582 0 0.2588526 -0.9659168 0 0.2588526 -0.9659168 0 8.911088e-18 -1 0 -8.911088e-18 -1 0 -0.2588526 -0.9659168 0 -0.2588526 -0.9659168 0 -0.4999716 -0.8660418 2.275267e-06 -0.4999773 -0.8660385 0 -0.6085975 -0.7934791 6.887393e-07 -0.707079 -0.7071345 6.071401e-06 -0.7070496 -0.707164 0 -0.793396 -0.6087058 9.376246e-07 -0.866051 -0.4999556 3.463998e-06 -0.8660402 -0.4999745 0 -0.9659288 -0.2588079 0 -0.9659288 -0.2588079 0 -1 -8.911117e-18 0 -1 8.911117e-18 0 -0.9659288 0.2588079 0 -0.9659288 0.2588079 0 -0.8660523 0.4999535 0 -0.8660523 0.4999535 0 -0.7070773 0.7071362 2.787676e-06 -0.7070381 0.7071755 0 -0.6085975 0.7934791 6.887393e-07 -0.4999716 0.8660418 2.275267e-06 -0.4999773 0.8660385 0 -0.2588526 0.9659168 0 -0.2588526 0.9659168 0 0 1 0 -8.911088e-18 1 0 0.2588526 0.9659168 0 0.2588526 0.9659168 0 0.4999432 0.8660582 0 0.4999432 0.8660582 0 0.7071068 0.7071068 0 0.7071068 0.7071068 0 0.8660582 0.4999432 0 0.8660582 0.4999432 0 0.9659168 0.2588526 0 0.9659168 0.2588526 0 1 8.911088e-18 0 1 -8.911088e-18 0 0.9659168 -0.2588526 0 0.9659168 -0.2588526 0 0.8660233 -0.5000037 0 0.7071063 0.7071073 -1.019377e-06 0.7933397 0.6087791 -2.518891e-07 0.8660246 0.5000013 -8.320147e-07 0.8660258 0.4999992 0 0.9659263 0.2588172 0 0.9659263 0.2588172 0 1 0 0 1 0 0 0.9659263 -0.2588172 0 0.9659263 -0.2588172 0 0.8660243 -0.5000019 0 0.8660243 -0.5000019 0 0.7071068 -0.7071068 0 0.7071068 -0.7071068 0 0.5000015 -0.8660246 0 0.5000015 -0.8660246 0 0.2588169 -0.9659264 0 0.2588169 -0.9659264 0 9.356661e-16 -1 0 9.356661e-16 -1 0 -0.2588169 -0.9659264 0 -0.2588169 -0.9659264 0 -0.5000015 -0.8660246 0 -0.5000015 -0.8660246 0 -0.7071068 -0.7071068 0 -0.7071068 -0.7071068 0 -0.8660243 -0.5000019 0 -0.8660243 -0.5000019 0 -0.9659263 -0.2588172 0 -0.9659263 -0.2588172 0 -1 0 0 -1 0 0 -0.9659263 0.2588172 0 -0.9659263 0.2588172 0 -0.8660246 0.5000013 -8.320147e-07 -0.8660258 0.4999992 0 -0.7933397 0.6087791 -2.518891e-07 -0.7071063 0.7071073 -1.019377e-06 -0.707092 0.7071216 0 -0.5000015 0.8660246 0 -0.5000015 0.8660246 0 -0.2588169 0.9659264 0 -0.2588169 0.9659264 0 5.346664e-16 1 0 5.257553e-16 1 0 0.2588169 0.9659264 0 0.2588169 0.9659264 0 0.5000015 0.8660246 0 0.5000015 0.8660246 0 0.707092 0.7071216 0 0.9659288 2.567755e-08 0.2588079 0.9238908 8.05561e-10 0.3826563 0.8660472 2.566634e-08 0.4999623 0.8660477 0 0.4999614 0.7070715 0 0.7071421 0.7070715 0 0.7071421 0.4999824 0 0.8660356 0.4999824 0 0.8660356 0.2588617 0 0.9659144 0.2588617 0 0.9659144 1.514883e-16 0 1 1.514883e-16 0 1 -0.2588617 0 0.9659144 -0.2588617 0 0.9659144 -0.4999824 0 0.8660356 -0.4999824 0 0.8660356 -0.7070715 0 0.7071421 -0.7070715 0 0.7071421 -0.8660472 2.566634e-08 0.4999623 -0.8660477 0 0.4999614 -0.9238908 8.05561e-10 0.3826563 -0.9659288 2.567755e-08 0.2588079 -0.9659285 0 0.2588089 -1 0 -1.852621e-14 -1 0 -1.84371e-14 -0.9659288 2.567755e-08 -0.2588079 -0.9659285 0 -0.2588089 -0.9238908 8.05561e-10 -0.3826563 -0.8660474 -6.655566e-07 -0.4999619 -0.866056 0 -0.4999471 -0.7933296 -2.194175e-08 -0.6087923 -0.7070711 -7.077343e-07 -0.7071424 -0.7069914 0 -0.7072221 -0.4999824 0 -0.8660356 -0.4999824 0 -0.8660356 -0.2588617 0 -0.9659144 -0.2588617 0 -0.9659144 -5.346646e-16 0 -1 -5.435757e-16 0 -1 0.2588617 0 -0.9659144 0.2588617 0 -0.9659144 0.4999824 0 -0.8660356 0.4999824 0 -0.8660356 0.7070711 -7.077343e-07 -0.7071424 0.7069914 0 -0.7072221 0.7933296 -2.194175e-08 -0.6087923 0.8660474 -6.655566e-07 -0.4999619 0.866056 0 -0.4999471 0.9238908 8.05561e-10 -0.3826563 0.9659288 2.567755e-08 -0.2588079 0.9659285 0 -0.2588089 1 0 -1.85173e-14 1 0 -1.852621e-14 0.9659285 0 0.2588089 0.8660294 -1.350302e-07 0.499993 0.7933643 -4.223629e-09 0.6087471 0.7071139 -1.341989e-07 0.7070997 0.7071107 0 0.7071029 0.4999892 0 0.8660316 0.4999892 0 0.8660316 0.2588079 0 0.9659288 0.2588079 0 0.9659288 -8.911117e-18 0 1 8.911117e-18 0 1 -0.2588079 0 0.9659288 -0.2588079 0 0.9659288 -0.4999623 0 0.8660472 -0.4999623 0 0.8660472 -0.7071425 7.575115e-07 0.7070711 -0.7071606 0 0.707053 -0.7934416 2.38381e-08 0.6086464 -0.8660351 7.621788e-07 0.4999832 -0.8660159 0 0.5000164 -0.9659143 0 0.258862 -0.9659143 0 0.258862 -1 0 0 -1 0 0 -0.9659143 0 -0.258862 -0.9659143 0 -0.258862 -0.8660353 0 -0.4999828 -0.8660353 0 -0.4999828 -0.7071421 0 -0.7070715 -0.7071421 0 -0.7070715 -0.4999623 0 -0.8660472 -0.4999623 0 -0.8660472 -0.2588079 0 -0.9659288 -0.2588079 0 -0.9659288 0 0 -1 0 0 -1 0.2588079 0 -0.9659288 0.2588079 0 -0.9659288 0.4999892 0 -0.8660316 0.4999892 0 -0.8660316 0.7071139 0 -0.7070996 0.7071139 0 -0.7070996 0.8660294 0 -0.4999931 0.8660294 0 -0.4999931 0.9659263 0 -0.2588172 0.9659263 0 -0.2588172 1 0 0 1 0 0 0.9659263 0 0.2588172 0.9659263 0 0.2588172 0.8660328 0 0.4999872 0.8660351 7.621788e-07 0.4999832 0.7934416 2.38381e-08 0.6086464 0.7071425 7.575115e-07 0.7070711 0.7071606 0 0.707053 0.4999623 0 0.8660472 0.4999623 0 0.8660472 0.2588079 0 0.9659288 0.2588079 0 0.9659288 -8.911117e-18 0 1 8.911117e-18 0 1 -0.2588079 0 0.9659288 -0.2588079 0 0.9659288 -0.4999891 -1.280144e-07 0.8660317 -0.4999865 0 0.8660332 -0.6087792 -4.063251e-09 0.7933397 -0.7071139 -2.652684e-07 0.7070996 -0.7071255 0 0.7070881 -0.7933643 -4.223629e-09 0.6087471 -0.8660294 -1.350302e-07 0.499993 -0.8660328 0 0.4999872 -0.9659263 0 0.2588172 -0.9659263 0 0.2588172 -1 0 0 -1 0 0 -0.9659263 0 -0.2588172 -0.9659263 0 -0.2588172 -0.8660294 0 -0.4999931 -0.8660294 0 -0.4999931 -0.707114 -1.310695e-07 -0.7070996 -0.7071288 0 -0.7070848 -0.6087792 -4.063251e-09 -0.7933397 -0.4999891 -1.280144e-07 -0.8660317 -0.4999865 0 -0.8660332 -0.2588079 0 -0.9659288 -0.2588079 0 -0.9659288 0 0 -1 0 0 -1 0.2588079 0 -0.9659288 0.2588079 0 -0.9659288 0.4999623 0 -0.8660472 0.4999623 0 -0.8660472 0.7071421 0 -0.7070715 0.7071421 0 -0.7070715 0.8660353 0 -0.4999828 0.8660353 0 -0.4999828 0.9659143 0 -0.258862 0.9659143 0 -0.258862 1 0 0 1 0 0 0.9659143 0 0.258862 0.9659143 0 0.258862 0.8660159 0 0.5000164 0 -1 0 0 -1 0 0 -1 0 0 -1 0 0 -1 0 0 -1 0 0 -1 0 0 -1 0 0 -1 0 0 -1 0 0 -1 0 0 -1 0 0 -1 0 0 -1 0 0 -1 0 0 -1 0 0 -1 0 0 -1 0 0 -1 0 0 -1 0 0 -1 0 0 -1 0 0 -1 0 0 -1 0 0 -1 0 0 -1 0 0 -1 0 0 -1 0 0 -1 0 0 -1 0 0 -1 0 0 -1 0 0 -1 0 0 -1 0 0 -1 0 0 -1 0 0 -1 0 0 -1 0 0 -1 0 0 -1 0 0 -1 0 0 -1 0 0 -1 0 0 -1 0 0 -1 0 0 -1 0 0 -1 0 0 -1 0 0 -1 0 0 -1 0 0 -1 0 0 -1 0 0 -1 0 0 -1 0 0 -1 0 0 -1 0 0 -1 0 0 -1 0 0 -1 0 0 -1 0 0 -1 0 0 -1 0 0 -1 0 0 -1 0 0 -1 0 0 -1 0 0 -1 0 0 -1 0 0 -1 0 0 -1 0 0 -1 0 0 -1 0 0 -1 0 0 -1 0 0 -1 0 0 -1 0 0 -1 0 0 -1 0 0 -1 0 0 -1 0 0 -1 0 0 -1 0 0 -1 0 0 -1 0 0 -1 0 0 -1 0 0 -1 0 0 -1 0 0 -1 0 0 -1 0 0 -1 0 0 -1 0 0 -1 0 0 -1 0 0 -1 0 0 -1 0 0 -1 0 0 -1 0 0 -1 0 0 -1 0 0 -1 0 0 -1 0 0 -1 0 0 -1 0 0 -1 0 0 -1 0 0 -1 0 0 -1 0 0 -1 0 0 -1 0 0 -1 0 0 -1 0 0 -1 0 0 -1 0 0 -1 0 0 -1 0 0 -1 0 0 -1 0 0 -1 0 0 -1 0 0 -1 0 0 -1 0 0 -1 0 0 -1 0 0 -1 0 0 -1 0 0 -1 0 0 -1 0 0 -1 0 0 -1 0 0 -1 0 0 -1 0 0 -1 0 0 -1 0 0 -1 0 0 -1 0 0 -1 0 0 -1 0 0 -1 0 0 -1 0 0 -1 0 0 -1 0 0 -1 0 0 -1 0 0 -1 0 0 -1 0 0 -1 0 0 -1 0 0 -1 0 0 -1 0 0 -1 0 0 -1 0 0 -1 0 0 -1 0 0 -1 0 0 -1 0 0 -1 0 0 -1 0 0 -1 0 0 -1 0 0 -1 0 0 -1 0 0 -1 0 0 -1 0 0 -1 0 0 -1 0 0 -1 0 0 -1 0 0 -1 0 0 -1 0 0 -1 0 0 -1 0 0 -1 0 0 -1 0 0 -1 0 0 -1 0 0 -1 0 0 -1 0 0 -1 0 0 -1 0 0 -1 0 0 -1 0 0 -1 0 0 -1 0 0 -1 0 0 -1 0 0 -1 0 0 -1 0 0 -1 0 0 -1 0 0 -1 0 0 -1 0 0 -1 0 0 -1 0 0 -1 0 0 -1 0 0 -1 0 0 -1 0 0 -1 0 0 -1 0 0 -1 0 0 -1 0 0 -1 0 0 -1 0 0 -1 0 0 -1 0 0 -1 0 0 -1 0 0 -1 0 0 -1 0 0 -1 0 0 -1 0 0 -1 0 0 -1 0 0 -1 0 0 -1 0 0 -1 0 0 -1 0 0 -1 0 0 -1 0 0 -1 0 0 -1 0 0 -1 0 0 -1 0 0 -1 0 0 -1 0 0 -1 0 0 -1 0 0 -1 0 0 -1 0 0 -1 0 0 -1 0 0 -1 0 0 -1 0 0 -1 0 0 -1 0 0 -1 0 0 -1 0 0 -1 0 0 -1 0 0 -1 0 0 -1 0 0 -1 0 0 -1 0 0 -1 0 0 -1 0 0 -1 0 0 -1 0 0 -1 0 0 -1 0 0 -1 0 0 -1 0 0 -1 0 0 -1 0 0 -1 0 0 -1 0 0 -1 0 0 -1 0 0 -1 0 0 -1 0 0 -1 0 0 -1 0 0 -1 0 0 -1 0 0 -1 0 0 -1 0 0 -1 0 0 -1 0 0 -1 0 0 -1 0 0 -1 0 0 -1 0 0 -1 0 0 -1 0 0 -1 0 0 -1 0 0 -1 0 0 -1 0 0 -1 0 0 -1 0 0 -1 0 0 -1 0 0 -1 0 0 -1 0 0 -1 0 0 -1 0 0 -1 0 0 -1 0 0 -1 0 0 -1 0 0 -1 0 0 -1 0 0 -1 0 0 -1 0 0 -1 0 0 -1 0 0 -1 0 0 -1 0 0 -1 0 0 -1 0 0 -1 0 0 -1 0 0 -1 0 0 -1 0 0 -1 0 0 -1 0 0 -1 0 0 -1 0 0 -1 0 0 -1 0 0 -1 0 0 -1 0 0 -1 0 0 -1 0 0 -1 0 0 -1 0 0 -1 0 0 -1 0 0 -1 0 0 -1 0 0 -1 0 0 -1 0 0 -1 0 0 -1 0 0 -1 0 0 -1 0 0 -1 0 0 -1 0 0 -1 0 0 -1 0 0 -1 0 0 -1 0 0 -1 0 0 -1 0 0 -1 0 0 -1 0 0 -1 0 0 -1 0 0 -1 0 0 -1 0 0 -1 0 0 -1 0 0 -1 0 0 -1 0 0 -1 0 0 -1 0 0 -1 0 0 -1 0 0 -1 0 0 -1 0 0 -1 0 0 -1 0 0 -1 0 0 -1 0 0 -1 0 0 -1 0 0 -1 0 0 -1 0 0 -1 0 0 -1 0 0 -1 0 0 -1 0 0 -1 0 0 -1 0 0 -1 0 0 -1 0 0 -1 0 0 -1 0 0 -1 0 0 -1 0 0 -1 0 0 -1 0 0 -1 0 0 -1 0 0 -1 0 0 -1 0 0 -1 0 0 -1 0 0 -1 0 0 -1 0 0 -1 0 0 -1 0 0 -1 0 0 -1 0 0 -1 0 0 -1 0 0 -1 0 0 -1 0 0 -1 0 0 -1 0 0 -1 0 0 -1 0 0 -1 0 0 -1 0 0 -1 0 0 -1 0 0 -1 0 0 -1 0 0 -1 0 0 -1 0 0 -1 0 0 -1 0 0 -1 0 0 -1 0 0 -1 0 0 -1 0 0 -1 0 0 -1 0 0 -1 0 0 -1 0 0 -1 0 0 -1 0 0 -1 0 0 -1 0 0 -1 0 0 -1 0 0 -1 0 0 -1 0 0 -1 0 0 -1 0 0 -0.9978589 0.06540321 0 -1 0 0 -1 0 0 -1 0 0 -1 0 0 -1 0 0 -1 0 0 -1 0 0 -1 0 0 -1 0 0 -1 0 0 -1 0 0 -1 0 0 -1 0 0 -1 0 0 -1 0 0 -1 0 0 -1 0 0 -1 0 0 -1 0 0 -1 0 0 -1 0 0 -1 0 0 -1 0 0 -1 0 0 -1 0 0 -1 0 0 -1 0 0 -1 0 0 -1 0 0 -1 0 0 -1 0 0 -1 0 0 -1 0 0 -1 0 0 -1 0 0 -1 0 0 -1 0 0 -1 0 0 -1 0 0 -1 0 0 -1 0 0 -1 0 0 -1 0 0 -1 0 0 -1 0 0 -1 0 0 -1 0 0 -1 0 0 -1 0 0 -1 0 0 -1 0 0 -1 0 0 -1 0 0 -1 0 0 -1 0 0 -1 0 0 -1 0 0 -1 0 0 -0.9978589 0.06540321 0 -0.9978589 0.06540321 0 -0.9978589 0.06540321 0 -0.9978589 0.06540321 0 -0.9978589 0.06540321 0 -0.9978589 0.06540321 0 -0.9978589 0.06540321 0 -0.9978589 0.06540321 0 -0.9978589 0.06540321 0 -0.9978589 0.06540321 1 0 0 1 0 0 1 0 0 1 0 0 1 0 0 1 0 0 0.999229 0.03926173 0 0.999229 0.03926173 0 1 0 0 1 0 0 1 0 0 1 0 0 1 0 0 1 0 0 1 0 0 1 0 0 1 0 0 0.9998068 0 -0.01965778 1 0 0 1 0 0 1 0 0 1 0 0 0.9992289 0 -0.03926251 -0.999229 0.03926173 0 -0.999229 0.03926173 0 -1 0 0 -1 0 0 -1 0 0 -1 0 0 -1 0 0 -1 0 0 -1 0 0 -1 0 0 -0.9992289 0 -0.03926251 -1 0 0 -0.9998068 0 -0.01965778 -1 0 0 -1 0 0 -1 0 0 -1 0 0 -1 0 0 -1 0 0 -1 0 0 -1 0 0 -1 0 0 -1 0 0 0 1 0 0 1 0 0 1 0 0 1 0 0 1 0 0 1 0 0 1 0 0 1 0 0 1 0 0 1 0 0 1 0 0 1 0 0 1 0 0 1 0 0 1 0 0 1 0 0 1 0 0 1 0 0 1 0 0 1 0 0 1 0 0 1 0 0 1 0 0 1 0 0 1 0 0 1 0 0 1 0 0 1 0 0 1 0 0 1 0 0 1 0 0 1 0 0 1 0 0 1 0 0 1 0 0 1 0 0 1 0 0 1 0 0 1 0 0 1 0 0 1 0 0 1 0 0 1 0 0 1 0 0 1 0 0 1 0 0 1 0 0 1 0 0 1 0 0 1 0 0 1 0 0 1 0 0 1 0 0 1 0 0 1 0 0 1 0 0 1 0 0 1 0 0 1 0 0 1 0 0 1 0 0 1 0 0 1 0 0 1 0 0 1 0 0 1 0 0 1 0 0 1 0 0 1 0 0 1 0 0 1 0 0 1 0 0 1 0 0 1 0 0 1 0 0 1 0 0 1 0 0 1 0 0 1 0 0 1 0 0 1 0 0 1 0 0 1 0 0 1 0 0 1 0 0 1 0 0 1 0 0 1 0 0 1 0 0 1 0 0 1 0 0 1 0 0 1 0 0 1 0 0 1 0 0 1 0 0 1 0 0 1 0 0 1 0 0 1 0 0 1 0 0 1 0 0 1 0 0 1 0 0 1 0 0 1 0 0 1 0 0 1 0 0 1 0 0 1 0 0 1 0 0 1 0 0 1 0 0 1 0 0 1 0 0 1 0 0 1 0 0 1 0 0 1 0 0 1 0 0 1 0 0 1 0 0 1 0 0 1 0 0 1 0 0 1 0 0 1 0 0 1 0 0 1 0 0 1 0 0 1 0 0 1 0 0 1 0 0 1 0 0 1 0 0 1 0 0 1 0 0 1 0 0 1 0 0 1 0 0 1 0 0 1 0 0 1 0 0 1 0 0 1 0 0 1 0 0 1 0 0 1 0 0 1 0 0 1 0 0 1 0 0 1 0 0 1 0 0 1 0 0 1 0 0 1 0 0 1 0 0 1 0 0 1 0 0 1 0 0 1 0 0 1 0 0 1 0 0 1 0 0 1 0 0 1 0 0 1 0 0 1 0 0 1 0 0 1 0 0 1 0 0 1 0 0 1 0 0 1 0 0 1 0 0 1 0 0 1 0 0 1 0 0 1 0 0 1 0 0 1 0 0 1 0 0 1 0 0 1 0 0 1 0 0 1 0 0 1 0 0 1 0 0 1 0 0 1 0 0 1 0 0 1 0 0 1 0 0 1 0 0 1 0 0 1 0 0 1 0 0 1 0 0 1 0 0 1 0 0 1 0 0 1 0 0 1 0 0 1 0 0 1 0 0 1 0 0 1 0 0 1 0 0 1 0 0 1 0 0 1 0 0 1 0 0 1 0 0 1 0 0 1 0 0 1 0 0 1 0 0 1 0 0 1 0 0 1 0 0 1 0 0 1 0 0 1 0 0 1 0 0 1 0 0 1 0 0 1 0 0 1 0 0 1 0 0 1 0 0 1 0 0 1 0 0 1 0 0 1 0 0 1 0 0 1 0 0 1 0 0 1 0 0 1 0 0 1 0 0 1 0 0 1 0 0 1 0 0 1 0 0 1 0 0 1 0 0 1 0 0 1 0 0 1 0 0 1 0 0 1 0 0 1 0 0 1 0 0 1 0 0 1 0 0 1 0 0 1 0 0 1 0 0 1 0 0 1 0 0 1 0 0 1 0 0 1 0 0 1 0 0 1 0 0 1 0 0 1 0 0 1 0 0 1 0 0 1 0 0 1 0 0 1 0 0 1 0 0 1 0 0 1 0 0 1 0 0 1 0 0 1 0 0 1 0 0 1 0 0 1 0 0 1 0 0 1 0 0 1 0 0 1 0 0 1 0 0 1 0 0 1 0 0 1 0 0 1 0 0 1 0 0 1 0 0 1 0 0 1 0 0 1 0 0 1 0 0 1 0 0 1 0 0 1 0 0 1 0 0 1 0 0 1 0 0 1 0 0 1 0 0 1 0 0 1 0 0 1 0 0 1 0 0 1 0 0 1 0 0 1 0 0 1 0 0 1 0 0 1 0 0 1 0 0 1 0 0 1 0 0 1 0 0 1 0 0 1 0 0 1 0 0 1 0 0 1 0 0 1 0 0 1 0 0 1 0 0 1 0 0 1 0 0 1 0 0 1 0 0 1 0 0 1 0 0 1 0 0 1 0 0 1 0 0 1 0 0 1 0 0 1 0 0 1 0 0 1 0 0 1 0 0 1 0 0 1 0 0 1 0 0 1 0 0 1 0 0 1 0 0 1 0 0 1 0 0 1 0 0 1 0 0 1 0 0 1 0 0 1 0 0 1 0 0 1 0 0 1 0 0 1 0 0 1 0 0 1 0 0 1 0 0 1 0 0 1 0 0 1 0 0 1 0 0 1 0 0 1 0 0 1 0 0 1 0 0 1 0 0 1 0 0 1 0 0 1 0 0 1 0 0 1 0 0 1 0 0 1 0 0 1 0 0 1 0 0 1 0 0 1 0 0 1 0 0 1 0 0 1 0 0 1 0 0 1 0 0 1 0 0 1 0 0 1 0 0 1 0 0 1 0 0 1 0 0 1 0 0 1 0 0 1 0 0 1 0 0 1 0 0 1 0 0 1 0 0 1 0 0 1 0 0 1 0 0 1 0 0 1 0 0 1 0 0 1 0 0 1 0 0 1 0 0 1 0 0 1 0 0 1 0 0 1 0 0 1 0 0 1 0 0 1 0 0 1 0 0 1 0 0 1 0 0 1 0 0 1 0 0 1 0 0 1 0 0 1 0 0 1 0 0 1 0 0 1 0 0 1 0 0 1 0 0 1 0 0 1 0 0 1 0 0 1 0 0 1 0 0 1 0 0 1 0 0 1 0 0 1 0 0 1 0 0 1 0 0 1 0 0 1 0 0 1 0 0 1 0 0 1 0 0 1 0 0 1 0 0 1 0 0 1 0 0 1 0 0 1 0 0 0 1 0 0 1 0 0 1 0 0 1 0 0 1 0 0 1 0 0 1 0 0 1 0 0 1 0 0 1 0 0 1 0 0 1 0 0 1 0 0 1 0 0 1 0 0 1 0 0 1 0 0 1 0 0 1 0 0 1 0 0 1 0 0 1 0 0 1 0 0 1 0 0 1 0 0 1 0 0 1 0 0 1 0 0 1 0 0 1 0 0 1 0 0 1 0 0 1 0 0 1 0 0 1 0 0 1 0 0 1 0 0 1 0 0 1 0 0 1 0 0 1 0 0 1 0 0 1 0 0 1 0 0 1 0 0 1 0 0 1 0 0 1 0 0 1 0 0 1 0 0 1 0 0 1 0 0 1 0 0 1 0 0 1 0 0 1 0 0 1 0 0 1 0 0 1 0 0 1 0 0 1 0 0 1 0 0 1 0 0 1 0 0 1 0 0 1 0 0 1 0 0 1 0 0 1 0 0 1 0 0 1 0 0 1 0 0 1 0 0 1 0 0 1 0 0 1 0 0 1 0 0 1 0 0 1 0 0 1 0 0 1 0 0 1 0 0 1 0 0 1 0 0 1 0 0 1 0 0 1 0 0 1 0 0 1 0 0 1 0 0 1 0 0 1 0 0 1 0 0 1 0 0 1 0 0 1 0 0 1 0 0 1 0 0 1 0 0 1 0 0 1 0 0 1 0 0 1 0 0 1 0 0 1 0 0 1 0 0 1 0 0 1 0 0 1 0 0 1 0 0 1 0 0 1 0 0 1 0 0 1 0 0 1 0 0 1 0 0 1 0 0 1 0 0 1 0 0 1 0 0 1 0 0 1 0 0 1 0 0 1 0 0 1 0 0 1 0 0 1 0 0 1 0 0 1 0 0 1 0 0 1 0 0 1 0 0 1 0 0 1 0 0 1 0 0 1 0 0 1 0 0 1 0 0 1 0 0 1 0 0 1 0 0 1 0 0 1 0 0 1 0 0 1 0 0 1 0 0 1 0 0 1 0 0 1 0 0 1 0 0 1 0 0 1 0 0 1 0 0 1 0 0 1 0 0 1 0 0 1 0 0 1 0 0 1 0 0 1 0 0 1 0 0 1 0 0 1 0 0 1 0 0 1 0 0 1 0 0 1 0 0 1 0 0 1 0 0 1 0 0 1 0 0 1 0 0 1 0 0 1 0 0 1 0 0 1 0 0 1 0 0 1 0 0 1 0 0 1 0 0 1 0 0 1 0 0 1 0 0 1 0 0 1 0 0 1 0 0 1 0 0 1 0 0 1 0 0 1 0 0 1 0 0 1 0 0 1 0 0 1 0 0 1 0 0 1 0 0 1 0 0 1 0 0 1 0 0 1 0 0 1 0 0 1 0 0 1 0 0 1 0 0 1 0 0 1 0 0 1 0 0 1 0 0 1 0 0 1 0 0 1 0 0 1 0 0 1 0 0 1 0 0 1 0 0 1 0 0 1 0 0 1 0 0 1 0 0 1 0 0 1 0 0 1 0 0 1 0 0 1 0 0 1 0 0 1 0 0 1 0 0 1 0 0 1 0 0 1 0 0 1 0 0 1 0 0 1 0 0 1 0 0 1 0 0 1 0 0 1 0 0 1 0 0 1 0 0 1 0 0 1 0 0 1 0 0 1 0 0 1 0 0 1 0 0 1 0 0 1 0 0 1 0 0 1 0 0 1 0 0 1 0 0 1 0 0 1 0 0 1 0 0 1 0 0 1 0 0 1 0 0 1 0 0 1 0 0 1 0 0 1 0 0 1 0 0 1 0 0 1 0 0 1 0 0 1 0 0 1 0 0 1 0 0 1 0 0 1 0 0 1 0 0 1 0 0 1 0 0 1 0 0 1 0 0 1 0 0 1 0 0 1 0 0 1 0 0 1 0 0 1 0 0 1 0 0 1 0 0 1 0 0 1 0 0 1 0 0 1 0 0 1 0 0 1 0 0 1 0 0 1 0 0 1 0 -0.06540446 0.9978588 0 -0.06540446 0.9978588 0 0 1 0 0 1 0 0 1 0 0 1 0 0 1 0 0 1 0 -0.06540446 0.9978588 0 -0.06540446 0.9978588 0 -0.06540446 0.9978588 0 0 1 0 0 1 0 0 1 0 0 1 0 0 1 0 0 1 0 0 1 0 0 1 0 0 1 0 0 1 0 0 1 0 0 1 0 0 1 0 0 1 0 0 1 0 0 1 0 0 1 0 0 1 0 0 1 0 0 1 0 0 1 0 0 1 0 0 1 0 0 1 0 0 1 0 0 1 0 0 1 0 -0.06540446 0.9978588 0 -0.06540446 0.9978588 0 -0.06540446 0.9978588 0 0 -1 0 0 -1 0 0 -1 0 0 -1 0 0 -1 0 0 -1 0 0 -1 0 0 -1 0 0 -1 0 0 -1 0 0 -1 0 0 -1 0 0 -1 0 0 -1 0 0 -1 0 0 -1 0 0 -1 0 0 -1 0 0 -1 0 0 -1 0 0 -1 0 0 -1 0 0 -1 0 0 -1 0 0 -1 0 0 -1 0 0 -1 0 0 -1 0 0 -1 0 0 -1 0 0 -1 0 0 -1 0 0 -1 0 0 -1 0 0 -1 0 0 -1 0 0 -1 0 0 -1 0 0 -1 0 0 -1 0 0 -1 0 0 -1 0 0 -1 0 0 -1 0 0 -1 0 0 -1 0 0 -1 0 0 -1 0 0 -1 0 0 -1 0 0 -1 0 0 -1 0 0 -1 0 0 -1 0 0 -1 0 0 -1 0 0 -1 0 0 -1 0 0 -1 0 0 -1 0 0 -1 0 0 -1 0 0 -1 0 0 -1 0 0 -1 0 0 -1 0 0 -1 0 0 -1 0 0 -1 0 0 -1 0 0 -1 0 0 -1 0 0 -1 0 0 -1 0 0 -1 0 0 -1 0 0 -1 0 0 -1 0 0 -1 0 0 -1 0 0 -1 0 0 -1 0 0 -1 0 0 -1 0 0 -1 0 0 -1 0 0 -1 0 0 -1 0 0 -1 0 0 -1 0 0 -1 0 0 -1 0 0 -1 0 0 -1 0 0 -1 0 0 -1 0 0 -1 0 0 -1 0 0 -1 0 0 -1 0 0 -1 0 0 -1 0 0 -1 0 0 -1 0 0 -1 0 0 -1 0 0 -1 0 0 -1 0 0 -1 0 0 -1 0 0 -1 0 0 -1 0 0 -1 0 0 -1 0 0 -1 0 0 -1 0 0 -1 0 0 -1 0 0 -1 0 0 -1 0 0 -1 0 0 -1 0 0 -1 0 0 -1 0 0 -1 0 0 -1 0 0 -1 0 0 -1 0 0 -1 0 0 -1 0 0 -1 0 0 -1 0 0 -1 0 0 -1 0 0 -1 0 0 -1 0 0 -1 0 0 -1 0 0 -1 0 0 -1 0 0 -1 0 0 -1 0 0 -1 0 0 -1 0 0 -1 0 0 -1 0 0 -1 0 0 -1 0 0 -1 0 0 -1 0 0 -1 0 0 -1 0 0 -1 0 0 -1 0 0 -1 0 0 -1 0 0 -1 0 0 -1 0 0 -1 0 0 -1 0 0 -1 0 0 -1 0 0 -1 0 0 -1 0 0 -1 0 0 -1 0 0 -1 0 0 -1 0 0 -1 0 0 -1 0 0 -1 0 0 -1 0 0 -1 0 0 -1 0 0 -1 0 0 -1 0 0 -1 0 0 -1 0 0 -1 0 0 -1 0 0 -1 0 0 -1 0 0 -1 0 0 -1 0 0 -1 0 0 -1 0 0 -1 0 0 -1 0 0 -1 0 0 -1 0 0 -1 0 0 -1 0 0 -1 0 0 -1 0 0 -1 0 0 -1 0 0 -1 0 0 -1 0 0 -1 0 0 -1 0 0 -1 0 0 -1 0 0 -1 0 0 -1 0 0 -1 0 0 -1 0 0 -1 0 0 -1 0 0 -1 0 0 -1 0 0 -1 0 0 -1 0 0 -1 0 0 -1 0 0 -1 0 0 -1 0 0 -1 0 0 -1 0 0 -1 0 0 -1 0 0 -1 0 0 -1 0 0 -1 0 0 -1 0 0 -1 0 0 -1 0 0 -1 0 0 -1 0 0 -1 0 0 -1 0 0 -1 0 0 -1 0 0 -1 0 0 -1 0 0 -1 0 0 -1 0 0 -1 0 0 -1 0 0 -1 0 0 -1 0 0 -1 0 0 -1 0 0 -1 0 0 -1 0 0 -1 0 0 -1 0 0 -1 0 0 -1 0 0 -1 0 0 -1 0 0 -1 0 0 -1 0 0 -1 0 0 -1 0 0 -1 0 0 -1 0 0 -1 0 0 -1 0 0 -1 0 0 -1 0 0 -1 0 0 -1 0 0 -1 0 0 -1 0 0 -1 0 0 -1 0 0 -1 0 0 -1 0 0 -1 0 0 -1 0 0 -1 0 0 -1 0 0 -1 0 0 -1 0 0 -1 0 0 -1 0 0 -1 0 0 -1 0 0 -1 0 0 -1 0 0 -1 0 0 -1 0 0 -1 0 0 -1 0 0 -1 0 0 -1 0 0 -1 0 0 -1 0 0 -1 0 0 -1 0 0 -1 0 0 -1 0 0 -1 0 0 -1 0 0 -1 0 0 -1 0 0 -1 0 0 -1 0 0 -1 0 0 -1 0 0 -1 0 0 -1 0 0 -1 0 0 -1 0 0 -1 0 0 -1 0 0 -1 0 0 -1 0 0 -1 0 0 -1 0 0 -1 0 0 -1 0 0 -1 0 0 -1 0 0 -1 0 0 -1 0 0 -1 0 0 -1 0 0 -1 0 0 -1 0 0 -1 0 0 -1 0 0 -1 0 0 -1 0 0 -1 0 0 -1 0 0 -1 0 0 -1 0 0 -1 0 0 -1 0 0 -1 0 0 -1 0 0 -1 0.309018 1.277959e-07 0.9510562 0.1873835 7.251814e-09 0.9822868 0.0627928 1.053881e-07 0.9980266 0.06279437 0 0.9980265 -0.1873819 2.60413e-07 0.9822871 -0.1873996 0 0.9822838 -0.3090333 1.729592e-08 0.9510512 -0.4257759 2.47761e-07 0.9048287 -0.425777 8.392574e-08 0.9048281 -0.5358234 5.600158e-09 0.84433 -0.637423 8.053706e-08 0.770514 -0.6374238 0 0.7705134 -0.8090188 0 0.5877828 -0.8090212 1.910894e-07 0.5877794 -0.8763088 5.2812e-08 0.4817498 -0.8763106 1.994327e-07 0.4817465 -0.929776 4.687395e-08 0.3681258 -0.9297758 0 0.3681263 -0.9876884 0 0.1564343 -0.9919817 0.001600509 0.1263715 -1 0.0001093386 -1.327851e-17 -0.9919817 0.001600509 -0.1263715 -0.9876884 0 -0.1564343 -0.9297766 0 -0.3681244 -0.9297766 0 -0.3681244 -0.8090177 5.108068e-08 -0.5877843 -0.809017 0 -0.5877852 -0.7289674 3.472873e-09 -0.6845485 -0.6374238 5.080723e-08 -0.7705134 -0.6374237 8.053707e-08 -0.7705135 -0.5358234 5.600158e-09 -0.84433 -0.425777 8.392574e-08 -0.9048281 -0.4257759 2.47761e-07 -0.9048287 -0.3090333 1.729592e-08 -0.9510512 -0.1873819 2.60413e-07 -0.9822871 -0.1873996 0 -0.9822838 0.0627928 1.053881e-07 -0.9980266 0.06279437 0 -0.9980265 0.1873835 7.251814e-09 -0.9822868 0.309018 1.07409e-07 -0.9510562 0.3090156 2.691103e-08 -0.951057 0.4257773 4.659908e-09 -0.904828 0.4257776 2.840224e-08 -0.9048278 0.5358266 3.555751e-09 -0.8443281 0.5358265 0 -0.8443281 0.7289683 -1.120282e-07 -0.6845474 0.7289566 0 -0.68456 0.8090056 -7.398566e-09 -0.587801 0.8763071 -1.054965e-07 -0.4817528 0.8763077 0 -0.4817519 0.9685834 0 -0.248689 0.9685834 0 -0.248689 1 0 0 1 0 0 0.9685834 0 0.248689 0.9685834 0 0.248689 0.8763024 0 0.4817614 0.8763046 -2.367055e-08 0.4817575 0.8090096 9.26892e-08 0.5877954 0.809013 -1.730965e-08 0.5877907 0.7289688 9.031867e-08 0.684547 0.7289695 0 0.6845461 0.5358266 0 0.8443281 0.5358265 2.263735e-09 0.8443281 0.4257773 2.078308e-08 0.904828 0.4257776 3.240523e-09 0.9048278 0.3090157 0 0.9510569 -1.358032e-16 -1 0 -1.246718e-16 -1 0 0.248699 -0.9685808 0 0.2486771 -0.9685864 3.431863e-06 0.3680985 -0.9297868 4.426136e-06 0.3684032 -0.9296661 3.799713e-06 0.4817235 -0.8763232 4.076713e-06 0.4820301 -0.8761546 0 0.6845446 -0.728971 0 0.6845446 -0.728971 0 0.8443026 -0.5358667 0 0.8443249 -0.5358316 -1.380989e-07 0.9047986 -0.4258397 2.760935e-07 0.9048172 -0.4258001 -9.950539e-08 0.9510556 -0.3090199 2.592256e-07 0.9510561 -0.3090183 0 0.998027 -0.06278648 0 0.998027 -0.06278648 0 0.9822871 0.1873821 0 0.9822871 0.1873821 0 0.9048288 0.4257757 0 0.9048288 0.4257757 0 0.7705222 0.6374132 0 0.7705222 0.6374132 0 0.5877879 0.8090151 0 0.587763 0.8090331 -4.41174e-06 0.4817189 0.8763258 -4.852026e-06 0.4817327 0.8763182 -5.069243e-06 0.368101 0.9297858 -4.21027e-06 0.3681446 0.9297685 0 0.125335 0.9921145 0 0.125335 0.9921145 0 -0.125335 0.9921145 0 -0.125335 0.9921145 0 -0.3680984 0.9297868 0 -0.368143 0.9297692 -2.584361e-06 -0.4817234 0.8763233 -3.674435e-06 -0.4817368 0.8763159 -2.919901e-06 -0.587786 0.8090164 -3.388443e-06 -0.5877606 0.8090349 0 -0.7705222 0.6374132 0 -0.7705222 0.6374132 0 -0.9048288 0.4257757 0 -0.9048288 0.4257757 0 -0.9822871 0.1873821 0 -0.9822871 0.1873821 0 -0.998027 -0.06278648 0 -0.998027 -0.06278648 0 -0.9510555 -0.3090201 0 -0.951056 -0.3090186 3.084101e-07 -0.9047983 -0.4258404 -1.5735e-06 -0.9048173 -0.4258 3.524789e-07 -0.8443032 -0.5358658 -1.547726e-06 -0.8443249 -0.5358316 0 -0.6845446 -0.728971 0 -0.6845446 -0.728971 0 -0.4817213 -0.8763245 0 -0.4820213 -0.8761595 1.558501e-05 -0.3681037 -0.9297848 4.817834e-06 -0.3684148 -0.9296615 1.669621e-05 -0.2486962 -0.9685815 4.100826e-06 -0.2486748 -0.968587 0 0.7071285 2.024113e-06 0.707085 0.608883 4.862881e-08 0.79326 0.4999547 2.045636e-06 0.8660516 0.5001218 0 0.865955 0.2587851 0 0.9659349 0.2587851 0 0.9659349 -8.911194e-18 0 1 8.911194e-18 0 1 -0.2587851 0 0.9659349 -0.2587851 0 0.9659349 -0.4999536 0 0.8660522 -0.4999536 0 0.8660522 -0.7071294 0 0.7070841 -0.7071294 0 0.7070841 -0.8660244 0 0.5000018 -0.8660244 0 0.5000018 -0.9659226 0 0.2588312 -0.9659226 0 0.2588312 -1 0 -4.650882e-06 -1 0 -4.650882e-06 -0.9659249 0 -0.2588225 -0.9659249 0 -0.2588225 -0.8660231 0 -0.5000041 -0.8660231 0 -0.5000041 -0.7071079 0 -0.7071056 -0.7071079 0 -0.7071056 -0.5000055 0 -0.8660222 -0.5000055 0 -0.8660222 -0.2588225 0 -0.9659249 -0.2588225 0 -0.9659249 0 0 -1 0 0 -1 0.2588225 0 -0.9659249 0.2588225 0 -0.9659249 0.5000055 7.482904e-08 -0.8660222 0.5000116 0 -0.8660187 0.6087701 1.778813e-09 -0.7933467 0.7071079 7.404231e-08 -0.7071057 0.707106 0 -0.7071076 0.8660231 0 -0.5000041 0.8660231 0 -0.5000041 0.9659249 0 -0.2588225 0.9659249 0 -0.2588225 1 0 -4.650882e-06 1 0 -4.650882e-06 0.9659226 0 0.2588312 0.9659226 0 0.2588312 0.8660244 0 0.5000018 0.8660244 0 0.5000018 0.7070758 0 0.7071378 1 0 -4.650882e-06 1 0 -4.650882e-06 0.9659226 0 0.2588312 0.9659226 0 0.2588312 0.8660244 0 0.5000018 0.8660244 0 0.5000018 0.7071294 0 0.7070841 0.7071294 0 0.7070841 0.4999536 0 0.8660522 0.4999536 0 0.8660522 0.2587851 0 0.9659349 0.2587851 0 0.9659349 -8.911194e-18 0 1 8.911194e-18 0 1 -0.2587851 0 0.9659349 -0.2587851 0 0.9659349 -0.5001218 0 0.865955 -0.5001218 0 0.865955 -0.608883 0 0.79326 -0.608883 0 0.79326 -0.7070758 0 0.7071378 -0.7070758 0 0.7071378 -0.8660244 0 0.5000018 -0.8660244 0 0.5000018 -0.9659226 0 0.2588312 -0.9659226 0 0.2588312 -1 0 -4.650882e-06 -1 0 -4.650882e-06 -0.9659249 0 -0.2588225 -0.9659249 0 -0.2588225 -0.8660231 0 -0.5000041 -0.8660231 0 -0.5000041 -0.707106 0 -0.7071076 -0.707106 0 -0.7071076 -0.6087701 0 -0.7933467 -0.6087701 0 -0.7933467 -0.5000116 0 -0.8660187 -0.5000116 0 -0.8660187 -0.2588225 0 -0.9659249 -0.2588225 0 -0.9659249 0 0 -1 0 0 -1 0.2588225 0 -0.9659249 0.2588225 0 -0.9659249 0.5000055 0 -0.8660222 0.5000055 0 -0.8660222 0.7071079 0 -0.7071056 0.7071079 0 -0.7071056 0.8660231 0 -0.5000041 0.8660231 0 -0.5000041 0.9659249 0 -0.2588225 0.9659249 0 -0.2588225 -0.2588308 -7.05469e-07 0.9659227 -0.3828646 -1.701749e-08 0.9238045 -0.5000022 -7.190648e-07 0.8660242 -0.5001612 0 0.8659323 -0.7070841 0 0.7071294 -0.7070841 0 0.7071294 -0.866052 0 0.4999539 -0.866052 0 0.4999539 -0.9659349 0 0.2587853 -0.9659349 0 0.2587853 -1 0 2.584246e-14 -1 0 2.584246e-14 -0.9659349 0 -0.2587853 -0.9659349 0 -0.2587853 -0.866052 0 -0.4999539 -0.866052 0 -0.4999539 -0.7070841 0 -0.7071294 -0.7070841 0 -0.7071294 -0.5000018 0 -0.8660244 -0.5001574 -6.780598e-06 -0.8659345 -0.2588312 -1.714855e-08 -0.9659226 -0.3828687 -7.033695e-06 -0.9238028 -0.2588106 0 -0.9659281 8.9111e-18 0 -1 -8.9111e-18 0 -1 0.2588312 0 -0.9659226 0.2588312 0 -0.9659226 0.5000018 0 -0.8660244 0.5000018 0 -0.8660244 0.7070841 0 -0.7071294 0.7070841 0 -0.7071294 0.8660356 0 -0.4999824 0.8660356 0 -0.4999824 0.9659355 0 -0.258783 0.9659355 0 -0.258783 1 0 2.581549e-14 1 0 2.581549e-14 0.9659355 0 0.258783 0.9659355 0 0.258783 0.8660356 0 0.4999824 0.8660356 0 0.4999824 0.7070841 0 0.7071294 0.7070841 0 0.7071294 0.5000018 0 0.8660244 0.5000018 0 0.8660244 0.2588312 0 0.9659226 0.2588312 0 0.9659226 -8.9111e-18 0 1 8.9111e-18 0 1 -0.2588106 0 0.9659281 1 0 4.650882e-06 1 0 4.650882e-06 0.9659249 0 0.2588225 0.9659249 0 0.2588225 0.8660231 0 0.5000041 0.8660231 0 0.5000041 0.7071079 0 0.7071056 0.7071079 0 0.7071056 0.5000055 0 0.8660222 0.5000055 0 0.8660222 0.2588225 0 0.9659249 0.2588225 0 0.9659249 0 0 1 0 0 1 -0.2588225 0 0.9659249 -0.2588225 0 0.9659249 -0.5000116 0 0.8660187 -0.5000116 0 0.8660187 -0.6087701 0 0.7933467 -0.6087701 0 0.7933467 -0.707106 0 0.7071076 -0.707106 0 0.7071076 -0.8660231 0 0.5000041 -0.8660231 0 0.5000041 -0.9659249 0 0.2588225 -0.9659249 0 0.2588225 -1 0 4.650882e-06 -1 0 4.650882e-06 -0.9659226 0 -0.2588312 -0.9659226 0 -0.2588312 -0.8660244 0 -0.5000018 -0.8660244 0 -0.5000018 -0.7070758 0 -0.7071378 -0.7070758 0 -0.7071378 -0.608883 0 -0.79326 -0.608883 0 -0.79326 -0.5001218 0 -0.865955 -0.5001218 0 -0.865955 -0.2587851 0 -0.9659349 -0.2587851 0 -0.9659349 8.911194e-18 0 -1 -8.911194e-18 0 -1 0.2587851 0 -0.9659349 0.2587851 0 -0.9659349 0.4999536 0 -0.8660522 0.4999536 0 -0.8660522 0.7071294 0 -0.7070841 0.7071294 0 -0.7070841 0.8660244 0 -0.5000018 0.8660244 0 -0.5000018 0.9659226 0 -0.2588312 0.9659226 0 -0.2588312 0.7071079 7.404231e-08 0.7071057 0.6087701 1.778813e-09 0.7933467 0.5000055 7.482904e-08 0.8660222 0.5000116 0 0.8660187 0.2588225 0 0.9659249 0.2588225 0 0.9659249 0 0 1 0 0 1 -0.2588225 0 0.9659249 -0.2588225 0 0.9659249 -0.5000055 0 0.8660222 -0.5000055 0 0.8660222 -0.7071079 0 0.7071056 -0.7071079 0 0.7071056 -0.8660231 0 0.5000041 -0.8660231 0 0.5000041 -0.9659249 0 0.2588225 -0.9659249 0 0.2588225 -1 0 4.650882e-06 -1 0 4.650882e-06 -0.9659226 0 -0.2588312 -0.9659226 0 -0.2588312 -0.8660244 0 -0.5000018 -0.8660244 0 -0.5000018 -0.7071294 0 -0.7070841 -0.7071294 0 -0.7070841 -0.4999536 0 -0.8660522 -0.4999536 0 -0.8660522 -0.2587851 0 -0.9659349 -0.2587851 0 -0.9659349 8.911194e-18 0 -1 -8.911194e-18 0 -1 0.2587851 0 -0.9659349 0.2587851 0 -0.9659349 0.4999547 2.045636e-06 -0.8660516 0.5001218 0 -0.865955 0.608883 4.862881e-08 -0.79326 0.7071285 2.024113e-06 -0.707085 0.7070758 0 -0.7071378 0.8660244 0 -0.5000018 0.8660244 0 -0.5000018 0.9659226 0 -0.2588312 0.9659226 0 -0.2588312 1 0 4.650882e-06 1 0 4.650882e-06 0.9659249 0 0.2588225 0.9659249 0 0.2588225 0.8660231 0 0.5000041 0.8660231 0 0.5000041 0.707106 0 0.7071076 0.7070845 8.009021e-07 -0.7071291 0.60873 1.916841e-08 -0.7933775 0.5000013 8.031966e-07 -0.8660246 0.4999595 0 -0.8660488 0.2588312 0 -0.9659226 0.2588312 0 -0.9659226 -8.9111e-18 0 -1 8.9111e-18 0 -1 -0.2588312 0 -0.9659226 -0.2588312 0 -0.9659226 -0.5000018 0 -0.8660244 -0.5000018 0 -0.8660244 -0.7070841 0 -0.7071294 -0.7070841 0 -0.7071294 -0.8660356 0 -0.4999824 -0.8660356 0 -0.4999824 -0.9659355 0 -0.258783 -0.9659355 0 -0.258783 -1 0 -8.911111e-18 -1 0 8.911111e-18 -0.9659355 0 0.258783 -0.9659355 0 0.258783 -0.8660356 0 0.4999824 -0.8660356 0 0.4999824 -0.7070841 0 0.7071294 -0.7070841 0 0.7071294 -0.5000018 0 0.8660244 -0.5000018 0 0.8660244 -0.2588312 0 0.9659226 -0.2588312 0 0.9659226 8.9111e-18 0 1 -8.9111e-18 0 1 0.2588312 0 0.9659226 0.2588312 0 0.9659226 0.5000013 8.031966e-07 0.8660246 0.4999595 0 0.8660488 0.60873 1.916841e-08 0.7933775 0.7070845 8.009021e-07 0.7071291 0.7071113 0 0.7071023 0.866052 0 0.4999539 0.866052 0 0.4999539 0.9659349 0 0.2587853 0.9659349 0 0.2587853 1 0 0 1 0 0 0.9659349 0 -0.2587853 0.9659349 0 -0.2587853 0.866052 0 -0.4999539 0.866052 0 -0.4999539 0.7071113 0 -0.7071023 0 1 0 0 1 0 0 1 0 0 1 0 0 1 0 0 1 0 0 1 0 0 1 0 0 1 0 0 1 0 0 1 0 0 1 0 0 1 0 0 1 0 0 1 0 0 1 0 0 1 0 0 1 0 0 1 0 0 1 0 0 1 0 0 1 0 0 1 0 0 1 0 0 1 0 0 1 0 0 1 0 0 1 0 0 1 0 0 1 0 0 1 0 0 1 0 0 1 0 0 1 0 0 1 0 0 1 0 0 1 0 0 1 0 0 1 0 0 1 0 0 1 0 0 1 0 0 1 0 0 1 0 0 1 0 0 1 0 0 1 0 0 1 0 -0.8660233 -1.391683e-07 0.5000036 -0.7933461 -6.642303e-09 0.6087708 -0.7071027 -1.365143e-07 0.7071108 -0.7071046 0 0.707109 -0.4999985 0 0.8660263 -0.4999985 0 0.8660263 -0.2588215 0 0.9659252 -0.2588215 0 0.9659252 3.750417e-06 0 1 3.750417e-06 0 1 0.258811 0 0.965928 0.258811 0 0.965928 0.4999959 0 0.8660278 0.4999959 0 0.8660278 0.7070803 -3.556679e-06 0.7071332 0.7071282 0 0.7070854 0.7932368 -1.730686e-07 0.6089133 0.8659994 -3.625854e-06 0.5000451 0.8659195 0 0.5001833 0.9659378 0 0.2587744 0.9659378 0 0.2587744 1 0 0 1 0 0 0.9659378 0 -0.2587744 0.9659378 0 -0.2587744 0.8660006 0 -0.500043 0.8660006 0 -0.500043 0.7070787 0 -0.7071349 0.7070787 0 -0.7071349 0.4999959 0 -0.8660278 0.4999959 0 -0.8660278 0.258811 0 -0.965928 0.258811 0 -0.965928 3.750417e-06 0 -1 3.750417e-06 0 -1 -0.2588215 0 -0.9659252 -0.2588215 0 -0.9659252 -0.4999985 0 -0.8660263 -0.4999985 0 -0.8660263 -0.7071027 0 -0.7071109 -0.7071027 0 -0.7071109 -0.8660233 0 -0.5000036 -0.8660233 0 -0.5000036 -0.965928 0 -0.2588111 -0.965928 0 -0.2588111 -1 0 -8.911091e-18 -1 0 8.911091e-18 -0.965928 0 0.2588111 -0.965928 0 0.2588111 -0.8660202 0 0.500009 -0.8659994 -3.625854e-06 0.5000451 -0.7932368 -1.730686e-07 0.6089133 -0.7070803 -3.556679e-06 0.7071332 -0.7071282 0 0.7070854 -0.4999959 0 0.8660278 -0.4999959 0 0.8660278 -0.258811 0 0.965928 -0.258811 0 0.965928 -3.750417e-06 0 1 -3.750417e-06 0 1 0.2588215 0 0.9659252 0.2588215 0 0.9659252 0.4999983 3.852216e-07 0.8660264 0.4999915 0 0.8660303 0.6087645 1.870547e-08 0.793351 0.7071029 2.545368e-07 0.7071107 0.7071154 0 0.7070982 0.7933461 -6.642303e-09 0.6087708 0.8660233 -1.391683e-07 0.5000036 0.8660202 0 0.500009 0.965928 0 0.2588111 0.965928 0 0.2588111 1 0 8.911091e-18 1 0 -8.911091e-18 0.965928 0 -0.2588111 0.965928 0 -0.2588111 0.8660233 0 -0.5000036 0.8660233 0 -0.5000036 0.7071028 3.910511e-07 -0.7071107 0.7071135 0 -0.7071001 0.6087645 1.870547e-08 -0.793351 0.4999983 3.852216e-07 -0.8660264 0.4999915 0 -0.8660303 0.2588215 0 -0.9659252 0.2588215 0 -0.9659252 -3.750417e-06 0 -1 -3.750417e-06 0 -1 -0.258811 0 -0.965928 -0.258811 0 -0.965928 -0.4999959 0 -0.8660278 -0.4999959 0 -0.8660278 -0.7070787 0 -0.7071349 -0.7070787 0 -0.7071349 -0.8660006 0 -0.500043 -0.8660006 0 -0.500043 -0.9659378 0 -0.2587744 -0.9659378 0 -0.2587744 -1 0 0 -1 0 0 -0.9659378 0 0.2587744 -0.9659378 0 0.2587744 -0.8659195 0 0.5001833 0 1 0 0 1 0 0 1 0 0 1 0 0 1 0 0 1 0 0 1 0 0 1 0 0 1 0 0 1 0 0 1 0 0 1 0 0 1 0 0 1 0 0 1 0 0 1 0 0 1 0 0 1 0 0 1 0 0 1 0 0 1 0 0 1 0 0 1 0 0 1 0 0 1 0 0 1 0 0 1 0 0 1 0 0 1 0 0 1 0 0 1 0 0 1 0 0 1 0 0 1 0 0 1 0 0 1 0 0 1 0 0 1 0 0 1 0 0 1 0 0 1 0 0 1 0 0 1 0 0 1 0 0 1 0 0 1 0 0 1 0 0 1 0 0.8660286 2.641494e-06 -0.4999944 0.793311 1.282609e-07 -0.6088166 0.7071337 2.681457e-06 -0.7070799 0.7070607 0 -0.7071529 0.5000424 0 -0.8660009 0.5000424 0 -0.8660009 0.258774 0 -0.9659379 0.258774 0 -0.9659379 5.524821e-16 0 -1 5.524821e-16 0 -1 -0.258774 0 -0.9659379 -0.258774 0 -0.9659379 -0.5000424 0 -0.8660009 -0.5000424 0 -0.8660009 -0.7071337 2.681457e-06 -0.7070799 -0.7070607 0 -0.7071529 -0.793311 1.282609e-07 -0.6088166 -0.8660286 2.641494e-06 -0.4999944 -0.8660554 0 -0.499948 -0.965928 0 -0.258811 -0.965928 0 -0.258811 -1 0 0 -1 0 0 -0.965928 0 0.258811 -0.965928 0 0.258811 -0.8660278 0 0.4999959 -0.8660278 0 0.4999959 -0.7071349 0 0.7070787 -0.7071349 0 0.7070787 -0.5000424 0 0.8660009 -0.5000424 0 0.8660009 -0.258774 0 0.9659379 -0.258774 0 0.9659379 -1.42576e-16 0 1 -1.33665e-16 0 1 0.258774 0 0.9659379 0.258774 0 0.9659379 0.5000424 0 0.8660009 0.5000424 0 0.8660009 0.7071349 0 0.7070787 0.7071349 0 0.7070787 0.8660278 0 0.4999959 0.8660278 0 0.4999959 0.965928 0 0.258811 0.965928 0 0.258811 1 0 0 1 0 0 0.965928 0 -0.258811 0.965928 0 -0.258811 0.8660554 0 -0.499948 0 1 0 0 1 0 0 1 0 0 1 0 0 1 0 0 1 0 0 1 0 0 1 0 0 1 0 0 1 0 0 1 0 0 1 0 0 1 0 0 1 0 0 1 0 0 1 0 0 1 0 0 1 0 0 1 0 0 1 0 0 1 0 0 1 0 0 1 0 0 1 0 0 1 0 0 1 0 0 1 0 0 1 0 0 1 0 0 1 0 0 1 0 0 1 0 0 1 0 0 1 0 0 1 0 0 1 0 0 1 0 0 1 0 0 1 0 0 1 0 0 1 0 0 1 0 0 1 0 0 1 0 0 1 0 0 1 0 0 1 0 0 1 0 -3.898647e-18 -1 0 0 -1 0 0.2587851 -0.9659349 0 0.2587851 -0.9659349 0 0.5001218 -0.865955 0 0.5001218 -0.865955 0 0.608883 -0.79326 0 0.608883 -0.79326 0 0.7070758 -0.7071378 0 0.7070758 -0.7071378 0 0.8660244 -0.5000018 0 0.8660244 -0.5000018 0 0.9659226 -0.2588312 0 0.9659226 -0.2588312 0 1 -8.109101e-16 0 1 -8.109101e-16 0 0.9659226 0.2588312 0 0.9659226 0.2588312 0 0.8660244 0.5000018 0 0.8660244 0.5000018 0 0.7070758 0.7071378 0 0.7070758 0.7071378 0 0.608883 0.79326 0 0.608883 0.79326 0 0.5001218 0.865955 0 0.5001218 0.865955 0 0.2587851 0.9659349 0 0.2587851 0.9659349 0 0 1 0 0 1 0 -0.2587851 0.9659349 0 -0.2587851 0.9659349 0 -0.4999536 0.8660522 0 -0.4999536 0.8660522 0 -0.7071294 0.7070841 0 -0.7071294 0.7070841 0 -0.8660244 0.5000018 0 -0.8660244 0.5000018 0 -0.9659226 0.2588312 0 -0.9659226 0.2588312 0 -1 -8.109101e-16 0 -1 -8.198212e-16 0 -0.9659226 -0.2588312 0 -0.9659226 -0.2588312 0 -0.8660244 -0.5000018 0 -0.8660244 -0.5000018 0 -0.7071294 -0.7070841 0 -0.7071294 -0.7070841 0 -0.4999536 -0.8660522 0 -0.4999536 -0.8660522 0 -0.2587851 -0.9659349 0 -0.2587851 -0.9659349 0 -3.898647e-18 -1 0 0 -1 0 0.2587851 -0.9659349 0 0.2587851 -0.9659349 0 0.4999536 -0.8660522 0 0.4999536 -0.8660522 0 0.7071294 -0.7070841 0 0.7071294 -0.7070841 0 0.8660244 -0.5000018 0 0.8660244 -0.5000018 0 0.9659226 -0.2588312 0 0.9659226 -0.2588312 0 1 -8.109101e-16 0 1 -8.109101e-16 0 0.9659226 0.2588312 0 0.9659226 0.2588312 0 0.8660244 0.5000018 0 0.8660244 0.5000018 0 0.7071294 0.7070841 0 0.7071294 0.7070841 0 0.4999536 0.8660522 0 0.4999536 0.8660522 0 0.2587851 0.9659349 0 0.2587851 0.9659349 0 0 1 0 0 1 0 -0.2587851 0.9659349 0 -0.2587851 0.9659349 0 -0.4999536 0.8660522 0 -0.4999536 0.8660522 0 -0.7071294 0.7070841 0 -0.7071294 0.7070841 0 -0.8660244 0.5000018 0 -0.8660244 0.5000018 0 -0.9659226 0.2588312 0 -0.9659226 0.2588312 0 -1 -8.109101e-16 0 -1 -8.109101e-16 0 -0.9659226 -0.2588312 0 -0.9659226 -0.2588312 0 -0.8660244 -0.5000018 0 -0.8660244 -0.5000018 0 -0.7071294 -0.7070841 0 -0.7071294 -0.7070841 0 -0.4999536 -0.8660522 0 -0.4999536 -0.8660522 0 -0.2587851 -0.9659349 0 -0.2587851 -0.9659349 0 -0.7071057 -0.7071078 -2.260203e-06 -0.6087844 -0.7933357 -1.026111e-07 -0.5001121 -0.8659607 -2.272447e-06 -0.5000211 -0.8660132 -1.307085e-06 -0.3827235 -0.9238629 -5.807269e-08 -0.258793 -0.9659328 -1.260644e-06 -0.2587738 -0.965938 0 0 -1 0 0 -1 0 0.2587938 -0.9659326 0 0.2587938 -0.9659326 0 0.499956 -0.8660508 0 0.499956 -0.8660508 0 0.7071068 -0.7071068 0 0.7071068 -0.7071068 0 0.8660344 -0.4999845 0 0.8660344 -0.4999845 0 0.9659332 -0.2587915 0 0.9659332 -0.2587915 0 1 1.960442e-16 0 1 1.960442e-16 0 0.9659332 0.2587915 0 0.9659332 0.2587915 0 0.8660344 0.4999845 0 0.8660344 0.4999845 0 0.7071068 0.7071068 0 0.7071068 0.7071068 0 0.499956 0.8660508 0 0.499956 0.8660508 0 0.2587938 0.9659326 0 0.2587938 0.9659326 0 8.911183e-18 1 0 -8.911183e-18 1 0 -0.2587738 0.965938 0 -0.258793 0.9659328 -1.260644e-06 -0.3827235 0.9238629 -5.807269e-08 -0.5000211 0.8660132 -1.307085e-06 -0.5001121 0.8659607 -2.272447e-06 -0.6087844 0.7933357 -1.026111e-07 -0.7071057 0.7071078 -2.260203e-06 -0.7070654 0.7071482 0 -0.8660508 0.499956 0 -0.8660508 0.499956 0 -0.9659326 0.2587938 0 -0.9659326 0.2587938 0 -1 2.049572e-16 0 -1 1.871348e-16 0 -0.9659326 -0.2587938 0 -0.9659326 -0.2587938 0 -0.8660508 -0.499956 0 -0.8660508 -0.499956 0 -0.7070654 -0.7071482 0 -2.784716e-18 -1 0 0 -1 0 0.258814 -0.9659272 0 0.258814 -0.9659272 0 0.5000055 -0.8660222 0 0.5000055 -0.8660222 0 0.7071079 -0.7071056 0 0.7071079 -0.7071056 0 0.8660231 -0.5000041 0 0.8660231 -0.5000041 0 0.9659249 -0.2588225 0 0.9659249 -0.2588225 0 1 -1.162782e-06 0 1 -1.162782e-06 0 0.9659243 0.2588247 0 0.9659243 0.2588247 0 0.8660241 0.5000023 0 0.8660241 0.5000023 0 0.7071118 0.7071018 0 0.7071118 0.7071018 0 0.5000055 0.8660222 0 0.5000055 0.8660222 0 0.258814 0.9659272 0 0.258814 0.9659272 0 8.911091e-18 1 0 -8.911091e-18 1 0 -0.258814 0.9659272 0 -0.258814 0.9659272 0 -0.5000055 0.8660222 0 -0.5000055 0.8660222 0 -0.7071118 0.7071018 0 -0.7071118 0.7071018 0 -0.8660241 0.5000023 0 -0.8660241 0.5000023 0 -0.9659243 0.2588247 0 -0.9659243 0.2588247 0 -1 -1.162782e-06 0 -1 -1.162782e-06 0 -0.9659249 -0.2588225 0 -0.9659249 -0.2588225 0 -0.8660231 -0.5000041 0 -0.8660231 -0.5000041 0 -0.7071079 -0.7071056 0 -0.7071079 -0.7071056 0 -0.5000055 -0.8660222 0 -0.5000055 -0.8660222 0 -0.258814 -0.9659272 0 -0.258814 -0.9659272 0 -2.784716e-18 -1 0 0 -1 0 0.258814 -0.9659272 0 0.258814 -0.9659272 0 0.5000116 -0.8660187 0 0.5000116 -0.8660187 0 0.6087701 -0.7933467 0 0.6087701 -0.7933467 0 0.707106 -0.7071076 0 0.707106 -0.7071076 0 0.8660231 -0.5000041 0 0.8660231 -0.5000041 0 0.9659249 -0.2588225 0 0.9659249 -0.2588225 0 1 -1.162782e-06 0 1 -1.162782e-06 0 0.9659243 0.2588247 0 0.9659243 0.2588247 0 0.8660241 0.5000023 0 0.8660241 0.5000023 0 0.7071098 0.7071037 0 0.7071098 0.7071037 0 0.6087701 0.7933467 0 0.6087701 0.7933467 0 0.5000116 0.8660187 0 0.5000116 0.8660187 0 0.258814 0.9659272 0 0.258814 0.9659272 0 8.911091e-18 1 0 -8.911091e-18 1 0 -0.258814 0.9659272 0 -0.258814 0.9659272 0 -0.5000055 0.8660222 0 -0.5000055 0.8660222 0 -0.7071118 0.7071018 0 -0.7071118 0.7071018 0 -0.8660241 0.5000023 0 -0.8660241 0.5000023 0 -0.9659243 0.2588247 0 -0.9659243 0.2588247 0 -1 -1.162782e-06 0 -1 -1.162782e-06 0 -0.9659249 -0.2588225 0 -0.9659249 -0.2588225 0 -0.8660231 -0.5000041 0 -0.8660231 -0.5000041 0 -0.7071079 -0.7071056 0 -0.7071079 -0.7071056 0 -0.5000055 -0.8660222 0 -0.5000055 -0.8660222 0 -0.258814 -0.9659272 0 -0.258814 -0.9659272 0 1.113898e-18 -1 0 0 -1 0 0.2587938 -0.9659326 0 0.2587938 -0.9659326 0 0.499956 -0.8660508 0 0.499956 -0.8660508 0 0.7071068 -0.7071068 0 0.7071068 -0.7071068 0 0.8660508 -0.499956 0 0.8660508 -0.499956 0 0.9659326 -0.2587938 0 0.9659326 -0.2587938 0 1 1.871348e-16 0 1 2.049572e-16 0 0.9659326 0.2587938 0 0.9659326 0.2587938 0 0.8660508 0.499956 0 0.8660508 0.499956 0 0.7071068 0.7071068 0 0.7071068 0.7071068 0 0.499956 0.8660508 0 0.499956 0.8660508 0 0.2587938 0.9659326 0 0.2587938 0.9659326 0 8.911183e-18 1 0 -8.911183e-18 1 0 -0.2587938 0.9659326 0 -0.2587938 0.9659326 0 -0.499956 0.8660508 0 -0.499956 0.8660508 0 -0.7071068 0.7071068 0 -0.7071068 0.7071068 0 -0.8660344 0.4999845 0 -0.8660344 0.4999845 0 -0.9659332 0.2587915 0 -0.9659332 0.2587915 0 -1 1.960442e-16 0 -1 1.960442e-16 0 -0.9659332 -0.2587915 0 -0.9659332 -0.2587915 0 -0.8660344 -0.4999845 0 -0.8660344 -0.4999845 0 -0.7071068 -0.7071068 0 -0.7071068 -0.7071068 0 -0.499956 -0.8660508 0 -0.499956 -0.8660508 0 -0.2587938 -0.9659326 0 -0.2587938 -0.9659326 0 0 0 1 0 0 1 0 0 1 0 0 1 0 0 1 0 0 1 0 0 1 0 0 1 0 0 1 0 0 1 0 0 1 0 0 1 0 0 1 0 0 1 0 0 1 0 0 1 0 0 1 0 0 1 0 0 1 0 0 1 0 0 1 0 0 1 0 0 1 0 0 1 0 0 1 0 0 1 0 0 1 0 0 1 0 0 1 0 0 1 0 0 1 0 0 1 0 0 1 0 0 1 0 0 1 0 0 1 0 0 1 0 0 1 0 0 1 0 0 1 0 0 1 0 0 1 0 0 1 0 0 1 0 0 1 0 0 1 0 0 1 0 0 1 0.7071084 -0.7071052 -3.428638e-06 0.7932317 -0.6089199 -1.668366e-07 0.8660038 -0.5000373 -3.495353e-06 0.8659269 -0.5001706 0 0.9659403 -0.2587651 0 0.9659403 -0.2587651 0 1 8.911013e-18 0 1 -8.911013e-18 0 0.9659403 0.2587651 0 0.9659403 0.2587651 0 0.866005 0.5000354 0 0.866005 0.5000354 0 0.7071068 0.7071068 0 0.7071068 0.7071068 0 0.5000354 0.866005 0 0.5000354 0.866005 0 0.2587651 0.9659403 0 0.2587651 0.9659403 0 3.747759e-06 1 0 3.747759e-06 1 0 -0.2587756 0.9659375 0 -0.2587756 0.9659375 0 -0.5000378 0.8660036 3.451952e-07 -0.5000317 0.8660071 0 -0.6088363 0.7932959 1.676299e-08 -0.7071309 0.7070826 3.504149e-07 -0.7071405 0.7070731 0 -0.8660278 0.4999959 0 -0.8660278 0.4999959 0 -0.9659305 0.2588018 0 -0.9659305 0.2588018 0 -1 0 0 -1 0 0 -0.9659305 -0.2588018 0 -0.9659305 -0.2588018 0 -0.8660278 -0.4999959 -8.704974e-09 -0.8660276 -0.4999963 0 -0.793341 -0.6087775 -4.154685e-10 -0.7071309 -0.7070826 3.41876e-07 -0.7071406 -0.707073 0 -0.6088363 -0.7932959 1.676299e-08 -0.5000378 -0.8660036 3.451952e-07 -0.5000317 -0.8660071 0 -0.2587756 -0.9659375 0 -0.2587756 -0.9659375 0 3.747759e-06 -1 0 3.747759e-06 -1 0 0.2587651 -0.9659403 0 0.2587651 -0.9659403 0 0.5000354 -0.866005 0 0.5000354 -0.866005 0 0.7071545 -0.707059 0 0.8660234 0.5000034 2.384478e-07 0.7933455 0.6087716 1.157828e-08 0.7071067 0.7071069 2.420556e-07 0.7071001 0.7071135 0 0.5000029 0.8660237 0 0.5000029 0.8660237 0 0.2588198 0.9659256 0 0.2588198 0.9659256 0 7.663558e-16 1 0 7.663558e-16 1 0 -0.2588198 0.9659256 0 -0.2588198 0.9659256 0 -0.5000029 0.8660237 0 -0.5000029 0.8660237 0 -0.7071067 0.7071069 2.420556e-07 -0.7071001 0.7071135 0 -0.7933455 0.6087716 1.157828e-08 -0.8660234 0.5000034 2.384478e-07 -0.8660258 0.4999992 0 -0.9659255 0.2588203 0 -0.9659255 0.2588203 0 -1 0 0 -1 0 0 -0.9659255 -0.2588203 0 -0.9659255 -0.2588203 0 -0.8660233 -0.5000036 0 -0.8660233 -0.5000036 0 -0.7071068 -0.7071068 0 -0.7071068 -0.7071068 0 -0.5000029 -0.8660237 0 -0.5000029 -0.8660237 0 -0.2588198 -0.9659256 0 -0.2588198 -0.9659256 0 3.742668e-16 -1 0 3.742668e-16 -1 0 0.2588198 -0.9659256 0 0.2588198 -0.9659256 0 0.5000029 -0.8660237 0 0.5000029 -0.8660237 0 0.7071068 -0.7071068 0 0.7071068 -0.7071068 0 0.8660233 -0.5000036 0 0.8660233 -0.5000036 0 0.9659255 -0.2588203 0 0.9659255 -0.2588203 0 1 0 0 1 0 0 0.9659255 0.2588203 0 0.9659255 0.2588203 0 0.8660258 0.4999992 0 0.7071308 -0.7070828 -8.538891e-09 0.793341 -0.6087775 -4.154685e-10 0.8660278 -0.4999959 -8.704974e-09 0.8660276 -0.4999963 0 0.9659305 -0.2588018 0 0.9659305 -0.2588018 0 1 0 0 1 0 0 0.9659305 0.2588018 0 0.9659305 0.2588018 0 0.8660278 0.4999959 0 0.8660278 0.4999959 0 0.7071308 0.7070828 0 0.7071308 0.7070828 0 0.500038 0.8660035 0 0.500038 0.8660035 0 0.2587756 0.9659375 0 0.2587756 0.9659375 0 -3.747759e-06 1 0 -3.747759e-06 1 0 -0.2587651 0.9659403 0 -0.2587651 0.9659403 0 -0.5000354 0.866005 0 -0.5000354 0.866005 0 -0.7071068 0.7071068 0 -0.7071068 0.7071068 0 -0.866005 0.5000354 0 -0.866005 0.5000354 0 -0.9659403 0.2587651 0 -0.9659403 0.2587651 0 -1 -8.911013e-18 0 -1 8.911013e-18 0 -0.9659403 -0.2587651 0 -0.9659403 -0.2587651 0 -0.8660038 -0.5000373 -3.495353e-06 -0.8659269 -0.5001706 0 -0.7932317 -0.6089199 -1.668366e-07 -0.7071084 -0.7071052 -3.428638e-06 -0.7071545 -0.707059 0 -0.5000354 -0.866005 0 -0.5000354 -0.866005 0 -0.2587651 -0.9659403 0 -0.2587651 -0.9659403 0 -3.747759e-06 -1 0 -3.747759e-06 -1 0 0.2587756 -0.9659375 0 0.2587756 -0.9659375 0 0.500038 -0.8660035 0 0.500038 -0.8660035 0 0.7071309 -0.7070827 0 0 0 1 0 0 1 0 0 1 0 0 1 0 0 1 0 0 1 0 0 1 0 0 1 0 0 1 0 0 1 0 0 1 0 0 1 0 0 1 0 0 1 0 0 1 0 0 1 0 0 1 0 0 1 0 0 1 0 0 1 0 0 1 0 0 1 0 0 1 0 0 1 0 0 1 0 0 1 0 0 1 0 0 1 0 0 1 0 0 1 0 0 1 0 0 1 0 0 1 0 0 1 0 0 1 0 0 1 0 0 1 0 0 1 0 0 1 0 0 1 0 0 1 0 0 1 0 0 1 0 0 1 0 0 1 0 0 1 0 0 1 0 0 1 0 0 1 0 0 1 0 0 1 0 0 1 0 0 1 0 0 1 0 0 1 0 0 1 0 0 1 0 0 1 0 0 1 0 0 1 0 0 1 0 0 1 0 0 1 0 0 1 0 0 1 0 0 1 0 0 1 0 0 1 0 0 1 0 0 1 0 0 1 0 0 1 0 0 1 0 0 1 0 0 1 0 0 1 0 0 1 0 0 1 0 0 1 0 0 1 0 0 1 0 0 1 0 0 1 0 0 1 0 0 1 0 0 1 0 0 1 0 0 1 0 0 1 0 0 1 0 0 1 0 0 1 0 0 1 0 0 1 0 0 1 0 0 1 1 0 -2.218755e-14 1 0 -2.218867e-14 0.9659276 0 0.2588123 0.9659276 0 0.2588123 0.8660377 0 0.4999787 0.8660377 0 0.4999787 0.7070776 0 0.707136 0.7070776 0 0.707136 0.4999797 0 0.8660372 0.4999797 0 0.8660372 0.2588633 0 0.965914 0.2588633 0 0.965914 2.842652e-15 0 1 2.833741e-15 0 1 -0.2588633 0 0.965914 -0.2588633 0 0.965914 -0.4999797 0 0.8660372 -0.4999797 0 0.8660372 -0.7070776 0 0.707136 -0.7070776 0 0.707136 -0.8660377 0 0.4999787 -0.8660377 0 0.4999787 -0.9659276 0 0.2588123 -0.9659276 0 0.2588123 -1 0 -2.218867e-14 -1 0 -2.218867e-14 -0.9659276 0 -0.2588123 -0.9659276 0 -0.2588123 -0.8660377 0 -0.4999787 -0.8660377 0 -0.4999787 -0.7070776 0 -0.707136 -0.7070776 0 -0.707136 -0.4999797 0 -0.8660372 -0.4999797 0 -0.8660372 -0.2588633 0 -0.965914 -0.2588633 0 -0.965914 2.147584e-15 0 -1 2.165406e-15 0 -1 0.2588633 0 -0.965914 0.2588633 0 -0.965914 0.4999797 0 -0.8660372 0.4999797 0 -0.8660372 0.7070776 0 -0.707136 0.7070776 0 -0.707136 0.8660377 0 -0.4999787 0.8660377 0 -0.4999787 0.9659276 0 -0.2588123 0.9659276 0 -0.2588123 1 0 -2.218755e-14 1 0 -2.218867e-14 0.9659276 0 0.2588123 0.9659276 0 0.2588123 0.8660377 0 0.4999787 0.8660377 0 0.4999787 0.7070776 0 0.707136 0.7070776 0 0.707136 0.4999797 0 0.8660372 0.4999797 0 0.8660372 0.2588633 0 0.965914 0.2588633 0 0.965914 2.103028e-15 0 1 2.094117e-15 0 1 -0.2588633 0 0.965914 -0.2588633 0 0.965914 -0.4999797 0 0.8660372 -0.4999797 0 0.8660372 -0.7070776 0 0.707136 -0.7070776 0 0.707136 -0.8660377 0 0.4999787 -0.8660377 0 0.4999787 -0.9659276 0 0.2588123 -0.9659276 0 0.2588123 -1 0 -2.218867e-14 -1 0 -2.218867e-14 -0.9659276 0 -0.2588123 -0.9659276 0 -0.2588123 -0.8660377 0 -0.4999787 -0.8660377 0 -0.4999787 -0.7070776 0 -0.707136 -0.7070776 0 -0.707136 -0.4999797 0 -0.8660372 -0.4999797 0 -0.8660372 -0.2588633 0 -0.965914 -0.2588633 0 -0.965914 1.407959e-15 0 -1 1.416871e-15 0 -1 0.2588633 0 -0.965914 0.2588633 0 -0.965914 0.4999797 0 -0.8660372 0.4999797 0 -0.8660372 0.7070776 0 -0.707136 0.7070776 0 -0.707136 0.8660377 0 -0.4999787 0.8660377 0 -0.4999787 0.9659276 0 -0.2588123 0.9659276 0 -0.2588123 1 0 -2.218755e-14 1 0 -2.218867e-14 0.9659276 0 0.2588123 0.9659276 0 0.2588123 0.8660377 0 0.4999787 0.8660377 0 0.4999787 0.7070776 0 0.707136 0.7070776 0 0.707136 0.4999797 0 0.8660372 0.4999797 0 0.8660372 0.2588633 0 0.965914 0.2588633 0 0.965914 1.390137e-15 0 1 1.390137e-15 0 1 -0.2588633 0 0.965914 -0.2588633 0 0.965914 -0.4999797 0 0.8660372 -0.4999797 0 0.8660372 -0.7070776 0 0.707136 -0.7070776 0 0.707136 -0.8660377 0 0.4999787 -0.8660377 0 0.4999787 -0.9659276 0 0.2588123 -0.9659276 0 0.2588123 -1 0 -2.218867e-14 -1 0 -2.218867e-14 -0.9659276 0 -0.2588123 -0.9659276 0 -0.2588123 -0.8660377 0 -0.4999787 -0.8660377 0 -0.4999787 -0.7070776 0 -0.707136 -0.7070776 0 -0.707136 -0.4999797 0 -0.8660372 -0.4999797 0 -0.8660372 -0.2588633 0 -0.965914 -0.2588633 0 -0.965914 7.039797e-16 0 -1 7.039797e-16 0 -1 0.2588633 0 -0.965914 0.2588633 0 -0.965914 0.4999797 0 -0.8660372 0.4999797 0 -0.8660372 0.7070776 0 -0.707136 0.7070776 0 -0.707136 0.8660377 0 -0.4999787 0.8660377 0 -0.4999787 0.9659276 0 -0.2588123 0.9659276 0 -0.2588123 -5.361629e-16 1 0 -0.1564216 0.9876904 -6.841951e-07 -5.804739e-16 1 0 -0.1564092 0.9876923 0 -0.2334224 0.9723754 -1.355117e-06 -0.2334302 0.9723736 -9.321552e-07 -0.3090101 0.9510588 -1.083363e-06 -0.3090066 0.9510599 0 -0.3829979 0.9237492 0 -0.3829979 0.9237492 0 -0.4543107 0.8908433 0 -0.4543099 0.8908437 2.452856e-07 -0.5224272 0.8526839 -3.325005e-06 -0.5218207 0.8530552 1.959504e-07 -0.5877118 0.8090704 -3.462354e-06 -0.5871409 0.8094848 0 -0.7071031 0.7071104 0 -0.7071031 0.7071104 0 -0.8090202 0.5877809 5.187857e-07 -0.8090218 0.5877787 0 -0.8526536 0.5224766 3.065268e-07 -0.8526532 0.5224772 5.912243e-07 -0.8909996 0.4540042 2.164598e-07 -0.8909841 0.4540346 6.888257e-07 -0.9238687 0.3827097 2.498075e-06 -0.9238587 0.3827338 1.145916e-06 -0.9510539 0.3090251 2.124383e-06 -0.9510547 0.3090226 1.343759e-06 -0.9723735 0.2334307 7.465187e-07 -0.9723729 0.2334328 1.633249e-06 -0.9876913 0.1564156 4.971659e-07 -0.9876921 0.1564109 0 0.987692 0.1564112 3.53486e-07 0.9876913 0.1564159 0 0.9723737 0.2334295 1.362373e-06 0.9723732 0.2334316 5.684436e-07 0.9510536 0.3090259 3.315112e-06 0.9510544 0.3090236 0 0.9238587 0.3827338 1.145916e-06 0.9238687 0.3827097 2.498075e-06 0.890984 0.4540348 9.869087e-07 0.8909995 0.4540043 0 0.8526538 0.5224764 7.22119e-07 0.8526533 0.5224771 6.047659e-07 0.8526603 0.5224657 6.760308e-07 0.8526585 0.5224687 2.413121e-07 0.8090221 0.5877783 1.980513e-08 0.8090214 0.5877792 0 0.7071031 0.7071104 0 0.7071031 0.7071104 0 0.5877725 0.8090262 -7.265076e-07 0.5877761 0.8090237 0 0.5224918 0.8526443 2.935304e-07 0.5224854 0.8526483 -7.95374e-07 0.4539983 0.8910025 3.114744e-07 0.4539968 0.8910033 0 0.3090167 0.9510566 -9.863865e-07 0.3090203 0.9510554 0 0.2334214 0.9723757 -4.957531e-07 0.2334291 0.9723738 -1.158958e-06 0.1564094 0.9876923 -2.84817e-07 0.1564221 0.9876903 0 -0.987693 0 -0.1564049 -0.9876927 1.095975e-07 -0.1564068 -1 0 -1.107775e-17 -0.8526567 7.459081e-07 -0.5224715 -0.8090233 -1.272312e-06 -0.5877765 -0.8526355 -1.221588e-06 -0.5225062 -0.9723742 8.891134e-07 -0.2334277 -0.9723754 1.761354e-07 -0.2334225 -0.9510547 8.080693e-07 -0.3090224 -0.9510539 1.273993e-06 -0.3090251 -0.9238684 9.106356e-07 -0.3827103 -0.9238942 1.390762e-06 -0.3826479 -0.8909778 7.782831e-07 -0.454047 -0.8910165 -3.753843e-07 -0.4539709 -0.8526543 5.193701e-07 -0.5224754 -0.587775 -2.051197e-06 -0.8090244 -0.7071068 0 -0.7071068 -0.7071068 0 -0.7071068 -0.8090055 0 -0.5878011 -0.5224927 -1.919967e-06 -0.8526438 -0.5218212 4.27715e-08 -0.8530549 -0.5871409 0 -0.8094848 -0.1564098 5.547162e-07 -0.9876923 -0.1564318 0 -0.9876888 -0.2334294 -6.216059e-07 -0.9723737 -0.2334215 -2.135364e-07 -0.9723757 -0.309007 -5.725772e-07 -0.9510598 -0.3090194 1.455338e-06 -0.9510557 -0.3829979 1.708409e-07 -0.9237492 -0.4539995 1.617192e-06 -0.891002 -0.4543095 1.430229e-07 -0.8908439 -0.5225119 3.174915e-07 -0.852632 -0.07846622 7.876612e-08 -0.9969168 -1.37364e-16 1.39974e-06 -1 -3.367631e-16 0 -1 -0.9242549 0.0004950144 0.3817757 -0.9510553 0 0.3090206 -0.9510571 7.48046e-07 0.3090153 -0.9876882 0 0.1564354 -0.9876882 0 0.1564354 -0.8912548 0.0002699944 0.4535028 -0.8910095 -1.777506e-06 0.4539847 -0.8526389 -7.101326e-07 0.5225007 -0.8090154 -2.1242e-06 0.5877874 -0.8090055 0 0.5878011 -0.7071068 0 0.7071068 -0.7071068 0 0.7071068 -0.5877874 -2.1242e-06 0.8090154 -0.5878011 0 0.8090055 -0.5224783 9.182685e-06 0.8526526 -0.4539848 -7.238356e-07 0.8910094 -0.5224612 1.473643e-05 0.852663 -0.4539985 0 0.8910024 -0.3090164 -1.730227e-06 0.9510567 -0.3090203 0 0.9510554 -0.2334216 -7.037085e-07 0.9723756 -0.1564339 -2.181561e-06 0.9876884 -0.1564092 0 0.9876923 -1.196397e-16 0 1 -1.152086e-16 0 1 0.987693 7.712817e-08 -0.1564049 0.07846622 7.876612e-08 -0.9969168 0.1564097 7.076307e-07 -0.9876923 0.1564446 -7.554382e-07 -0.9876867 0.2334216 -8.132365e-08 -0.9723756 0.3090061 -7.022097e-07 -0.9510601 0.3090109 0 -0.9510585 0.3829979 0 -0.9237492 0.3829979 0 -0.9237492 0.4543094 0 -0.890844 0.4543106 1.325475e-07 -0.8908433 0.5224867 1.569185e-06 -0.8526475 0.5224254 2.072229e-07 -0.852685 0.5877713 1.58633e-06 -0.8090271 0.8090255 8.907264e-07 -0.5877736 0.7071068 0 -0.7071068 0.7071068 0 -0.7071068 0.5877135 0 -0.8090691 0.8526413 8.603062e-07 -0.5224966 0.8526171 5.225579e-07 -0.5225361 0.8089723 0 -0.5878468 1 0 4.431099e-18 0.9876927 0 -0.1564069 0.9723755 7.540125e-07 -0.233422 0.9723743 1.397428e-07 -0.2334271 0.9510535 7.081949e-07 -0.3090264 0.9510543 1.421232e-06 -0.3090239 0.9238951 2.350322e-06 -0.3826458 0.923869 1.605177e-06 -0.382709 0.891016 2.154552e-06 -0.453972 0.8909777 -5.231289e-07 -0.4540471 0.8526388 -6.364057e-08 -0.5225009 0.1564339 -2.181561e-06 0.9876884 0.1564092 0 0.9876923 0.2334216 -7.037085e-07 0.9723756 0.3090136 -5.188933e-06 0.9510576 0.3090109 0 0.9510585 0.3829977 -1.445498e-06 0.9237493 0.4539874 -6.600524e-06 0.8910081 0.454293 0 0.8908523 0.522597 1.34236e-05 0.8525799 0.5877874 -1.554637e-06 0.8090154 0.5225422 1.599875e-05 0.8526134 0.5877135 0 0.8090691 0.7071068 0 0.7071068 0.7071068 0 0.7071068 0.8090163 0 0.5877862 0.8090163 0 0.5877862 0.8910097 2.918449e-06 0.4539842 0.8913544 0 0.4533071 0.9241687 8.654716e-07 0.3819847 0.9510566 2.064567e-06 0.3090167 0.9510553 0 0.3090206 0.9876882 0 0.1564354 0.9876882 0 0.1564354 0 -0.9659249 0.2588226 0 -0.9659249 0.2588226 0 -0.2588203 0.9659255 0 -0.8660205 0.5000085 0 -0.8660205 0.5000085 0 -0.7071087 0.7071049 0 -0.7071087 0.7071049 0 -0.5000076 0.866021 0 -0.5000076 0.866021 0 -0.2588203 0.9659255</float_array>
          <technique_common>
            <accessor count="3615" source="#normals-array-array" stride="3">
              <param type="float" name="X"/>
              <param type="float" name="Y"/>
              <param type="float" name="Z"/>
            </accessor>
          </technique_common>
        </source>
        <source id="colors-array">
          <float_array count="10845" id="colors-array-array">0.7882353 0.06666667 0 0.7882353 0.06666667 0 0.7882353 0.06666667 0 0.7882353 0.06666667 0 0.7882353 0.06666667 0 0.7882353 0.06666667 0 0.7882353 0.06666667 0 0.7882353 0.06666667 0 0.7882353 0.06666667 0 0.7882353 0.06666667 0 0.7882353 0.06666667 0 0.7882353 0.06666667 0 0.7882353 0.06666667 0 0.7882353 0.06666667 0 0.7882353 0.06666667 0 0.7882353 0.06666667 0 0.7882353 0.06666667 0 0.7882353 0.06666667 0 0.7882353 0.06666667 0 0.7882353 0.06666667 0 0.7882353 0.06666667 0 0.7882353 0.06666667 0 0.7882353 0.06666667 0 0.7882353 0.06666667 0 0.7882353 0.06666667 0 0.7882353 0.06666667 0 0.7882353 0.06666667 0 0.7882353 0.06666667 0 0.7882353 0.06666667 0 0.7882353 0.06666667 0 0.7882353 0.06666667 0 0.7882353 0.06666667 0 0.7882353 0.06666667 0 0.7882353 0.06666667 0 0.7882353 0.06666667 0 0.7882353 0.06666667 0 0.7882353 0.06666667 0 0.7882353 0.06666667 0 0.7882353 0.06666667 0 0.7882353 0.06666667 0 0.7882353 0.06666667 0 0.7882353 0.06666667 0 0.7882353 0.06666667 0 0.7882353 0.06666667 0 0.7882353 0.06666667 0 0.7882353 0.06666667 0 0.7882353 0.06666667 0 0.7882353 0.06666667 0 0.7882353 0.06666667 0 0.7882353 0.06666667 0 0.7882353 0.06666667 0 0.7882353 0.06666667 0 0.7882353 0.06666667 0 0.7882353 0.06666667 0 0.7882353 0.06666667 0 0.7882353 0.06666667 0 0.7882353 0.06666667 0 0.7882353 0.06666667 0 0.7882353 0.06666667 0 0.7882353 0.06666667 0 0.7882353 0.06666667 0 0.7882353 0.06666667 0 0.7882353 0.06666667 0 0.7882353 0.06666667 0 0.7882353 0.06666667 0 0.7882353 0.06666667 0 0.7882353 0.06666667 0 0.7882353 0.06666667 0 0.7882353 0.06666667 0 0.7882353 0.06666667 0 0.7882353 0.06666667 0 0.7882353 0.06666667 0 0.7882353 0.06666667 0 0.7882353 0.06666667 0 0.7882353 0.06666667 0 0.7882353 0.06666667 0 0.7882353 0.06666667 0 0.7882353 0.06666667 0 0.7882353 0.06666667 0 0.7882353 0.06666667 0 0.7882353 0.06666667 0 0.7882353 0.06666667 0 0.7882353 0.06666667 0 0.7882353 0.06666667 0 0.7882353 0.06666667 0 0.7882353 0.06666667 0 0.7882353 0.06666667 0 0.7882353 0.06666667 0 0.7882353 0.06666667 0 0.7882353 0.06666667 0 0.7882353 0.06666667 0 0.7882353 0.06666667 0 0.7882353 0.06666667 0 0.7882353 0.06666667 0 0.7882353 0.06666667 0 0.7882353 0.06666667 0 0.7882353 0.06666667 0 0.7882353 0.06666667 0 0.7882353 0.06666667 0 0.7882353 0.06666667 0 0.7882353 0.06666667 0 0.7882353 0.06666667 0 0.7882353 0.06666667 0 0.7882353 0.06666667 0 0.7882353 0.06666667 0 0.7882353 0.06666667 0 0.7882353 0.06666667 0 0.7882353 0.06666667 0 0.7882353 0.06666667 0 0.7882353 0.06666667 0 0.7882353 0.06666667 0 0.7882353 0.06666667 0 0.7882353 0.06666667 0 0.7882353 0.06666667 0 0.7882353 0.06666667 0 0.7882353 0.06666667 0 0.7882353 0.06666667 0 0.7882353 0.06666667 0 0.7882353 0.06666667 0 0.7882353 0.06666667 0 0.7882353 0.06666667 0 0.7882353 0.06666667 0 0.7882353 0.06666667 0 0.7882353 0.06666667 0 0.7882353 0.06666667 0 0.7882353 0.06666667 0 0.7882353 0.06666667 0 0.7882353 0.06666667 0 0.7882353 0.06666667 0 0.7882353 0.06666667 0 0.7882353 0.06666667 0 0.7882353 0.06666667 0 0.7882353 0.06666667 0 0.7882353 0.06666667 0 0.7882353 0.06666667 0 0.7882353 0.06666667 0 0.7882353 0.06666667 0 0.7882353 0.06666667 0 0.7882353 0.06666667 0 0.7882353 0.06666667 0 0.7882353 0.06666667 0 0.7882353 0.06666667 0 0.7882353 0.06666667 0 0.7882353 0.06666667 0 0.7882353 0.06666667 0 0.7882353 0.06666667 0 0.7882353 0.06666667 0 0.7882353 0.06666667 0 0.7882353 0.06666667 0 0.7882353 0.06666667 0 0.7882353 0.06666667 0 0.7882353 0.06666667 0 0.7882353 0.06666667 0 0.7882353 0.06666667 0 0.7882353 0.06666667 0 0.7882353 0.06666667 0 0.7882353 0.06666667 0 0.7882353 0.06666667 0 0.7882353 0.06666667 0 0.7882353 0.06666667 0 0.7882353 0.06666667 0 0.7882353 0.06666667 0 0.7882353 0.06666667 0 0.7882353 0.06666667 0 0.7882353 0.06666667 0 0.7882353 0.06666667 0 0.7882353 0.06666667 0 0.7882353 0.06666667 0 0.7882353 0.06666667 0 0.7882353 0.06666667 0 0.7882353 0.06666667 0 0.7882353 0.06666667 0 0.7882353 0.06666667 0 0.7882353 0.06666667 0 0.7882353 0.06666667 0 0.7882353 0.06666667 0 0.7882353 0.06666667 0 0.7882353 0.06666667 0 0.7882353 0.06666667 0 0.7882353 0.06666667 0 0.7882353 0.06666667 0 0.7882353 0.06666667 0 0.7882353 0.06666667 0 0.7882353 0.06666667 0 0.7882353 0.06666667 0 0.7882353 0.06666667 0 0.7882353 0.06666667 0 0.7882353 0.06666667 0 0.7882353 0.06666667 0 0.7882353 0.06666667 0 0.7882353 0.06666667 0 0.7882353 0.06666667 0 0.7882353 0.06666667 0 0.7882353 0.06666667 0 0.7882353 0.06666667 0 0.7882353 0.06666667 0 0.7882353 0.06666667 0 0.7882353 0.06666667 0 0.7882353 0.06666667 0 0.7882353 0.06666667 0 0.7882353 0.06666667 0 0.7882353 0.06666667 0 0.7882353 0.06666667 0 0.7882353 0.06666667 0 0.7882353 0.06666667 0 0.7882353 0.06666667 0 0.7882353 0.06666667 0 0.7882353 0.06666667 0 0.7882353 0.06666667 0 0.7882353 0.06666667 0 0.7882353 0.06666667 0 0.7882353 0.06666667 0 0.7882353 0.06666667 0 0.7882353 0.06666667 0 0.7882353 0.06666667 0 0.7882353 0.06666667 0 0.7882353 0.06666667 0 0.7882353 0.06666667 0 0.7882353 0.06666667 0 0.7882353 0.06666667 0 0.7882353 0.06666667 0 0.7882353 0.06666667 0 0.7882353 0.06666667 0 0.7882353 0.06666667 0 0.7882353 0.06666667 0 0.7882353 0.06666667 0 0.7882353 0.06666667 0 0.7882353 0.06666667 0 0.7882353 0.06666667 0 0.7882353 0.06666667 0 0.7882353 0.06666667 0 0.7882353 0.06666667 0 0.7882353 0.06666667 0 0.7882353 0.06666667 0 0.7882353 0.06666667 0 0.7882353 0.06666667 0 0.7882353 0.06666667 0 0.7882353 0.06666667 0 0.7882353 0.06666667 0 0.7882353 0.06666667 0 0.7882353 0.06666667 0 0.7882353 0.06666667 0 0.7882353 0.06666667 0 0.7882353 0.06666667 0 0.7882353 0.06666667 0 0.7882353 0.06666667 0 0.7882353 0.06666667 0 0.7882353 0.06666667 0 0.7882353 0.06666667 0 0.7882353 0.06666667 0 0.7882353 0.06666667 0 0.7882353 0.06666667 0 0.7882353 0.06666667 0 0.7882353 0.06666667 0 0.7882353 0.06666667 0 0.7882353 0.06666667 0 0.7882353 0.06666667 0 0.7882353 0.06666667 0 0.7882353 0.06666667 0 0.7882353 0.06666667 0 0.7882353 0.06666667 0 0.7882353 0.06666667 0 0.7882353 0.06666667 0 0.7882353 0.06666667 0 0.7882353 0.06666667 0 0.7882353 0.06666667 0 0.7882353 0.06666667 0 0.7882353 0.06666667 0 0.7882353 0.06666667 0 0.7882353 0.06666667 0 0.7882353 0.06666667 0 0.7882353 0.06666667 0 0.7882353 0.06666667 0 0.7882353 0.06666667 0 0.7882353 0.06666667 0 0.7882353 0.06666667 0 0.7882353 0.06666667 0 0.7882353 0.06666667 0 0.7882353 0.06666667 0 0.7882353 0.06666667 0 0.7882353 0.06666667 0 0.7882353 0.06666667 0 0.7882353 0.06666667 0 0.7882353 0.06666667 0 0.7882353 0.06666667 0 0.7882353 0.06666667 0 0.7882353 0.06666667 0 0.7882353 0.06666667 0 0.7882353 0.06666667 0 0.7882353 0.06666667 0 0.7882353 0.06666667 0 0.7882353 0.06666667 0 0.7882353 0.06666667 0 0.7882353 0.06666667 0 0.7882353 0.06666667 0 0.7882353 0.06666667 0 0.7882353 0.06666667 0 0.7882353 0.06666667 0 0.7882353 0.06666667 0 0.7882353 0.06666667 0 0.7882353 0.06666667 0 0.7882353 0.06666667 0 0.7882353 0.06666667 0 0.7882353 0.06666667 0 0.7882353 0.06666667 0 0.7882353 0.06666667 0 0.7882353 0.06666667 0 0.7882353 0.06666667 0 0.7882353 0.06666667 0 0.7882353 0.06666667 0 0.7882353 0.06666667 0 0.7882353 0.06666667 0 0.7882353 0.06666667 0 0.7882353 0.06666667 0 0.7882353 0.06666667 0 0.7882353 0.06666667 0 0.7882353 0.06666667 0 0.7882353 0.06666667 0 0.7882353 0.06666667 0 0.7882353 0.06666667 0 0.7882353 0.06666667 0 0.7882353 0.06666667 0 0.7882353 0.06666667 0 0.7882353 0.06666667 0 0.7882353 0.06666667 0 0.7882353 0.06666667 0 0.7882353 0.06666667 0 0.7882353 0.06666667 0 0.7882353 0.06666667 0 0.7882353 0.06666667 0 0.7882353 0.06666667 0 0.7882353 0.06666667 0 0.7882353 0.06666667 0 0.7882353 0.06666667 0 0.7882353 0.06666667 0 0.7882353 0.06666667 0 0.7882353 0.06666667 0 0.7882353 0.06666667 0 0.7882353 0.06666667 0 0.7882353 0.06666667 0 0.7882353 0.06666667 0 0.7882353 0.06666667 0 0.7882353 0.06666667 0 0.7882353 0.06666667 0 0.7882353 0.06666667 0 0.7882353 0.06666667 0 0.7882353 0.06666667 0 0.7882353 0.06666667 0 0.7882353 0.06666667 0 0.7882353 0.06666667 0 0.7882353 0.06666667 0 0.7882353 0.06666667 0 0.7882353 0.06666667 0 0.7882353 0.06666667 0 0.7882353 0.06666667 0 0.7882353 0.06666667 0 0.7882353 0.06666667 0 0.7882353 0.06666667 0 0.7882353 0.06666667 0 0.7882353 0.06666667 0 0.7882353 0.06666667 0 0.7882353 0.06666667 0 0.7882353 0.06666667 0 0.7882353 0.06666667 0 0.7882353 0.06666667 0 0.7882353 0.06666667 0 0.7882353 0.06666667 0 0.7882353 0.06666667 0 0.7882353 0.06666667 0 0.7882353 0.06666667 0 0.7882353 0.06666667 0 0.7882353 0.06666667 0 0.7882353 0.06666667 0 0.7882353 0.06666667 0 0.7882353 0.06666667 0 0.7882353 0.06666667 0 0.7882353 0.06666667 0 0.7882353 0.06666667 0 0.7882353 0.06666667 0 0.7882353 0.06666667 0 0.7882353 0.06666667 0 0.7882353 0.06666667 0 0.7882353 0.06666667 0 0.7882353 0.06666667 0 0.7882353 0.06666667 0 0.7882353 0.06666667 0 0.7882353 0.06666667 0 0.7882353 0.06666667 0 0.7882353 0.06666667 0 0.7882353 0.06666667 0 0.7882353 0.06666667 0 0.7882353 0.06666667 0 0.7882353 0.06666667 0 0.7882353 0.06666667 0 0.7882353 0.06666667 0 0.7882353 0.06666667 0 0.7882353 0.06666667 0 0.7882353 0.06666667 0 0.7882353 0.06666667 0 0.7882353 0.06666667 0 0.7882353 0.06666667 0 0.7882353 0.06666667 0 0.7882353 0.06666667 0 0.7882353 0.06666667 0 0.7882353 0.06666667 0 0.7882353 0.06666667 0 0.7882353 0.06666667 0 0.7882353 0.06666667 0 0.7882353 0.06666667 0 0.7882353 0.06666667 0 0.7882353 0.06666667 0 0.7882353 0.06666667 0 0.7882353 0.06666667 0 0.7882353 0.06666667 0 0.7882353 0.06666667 0 0.7882353 0.06666667 0 0.7882353 0.06666667 0 0.7882353 0.06666667 0 0.7882353 0.06666667 0 0.7882353 0.06666667 0 0.7882353 0.06666667 0 0.7882353 0.06666667 0 0.7882353 0.06666667 0 0.7882353 0.06666667 0 0.7882353 0.06666667 0 0.7882353 0.06666667 0 0.7882353 0.06666667 0 0.7882353 0.06666667 0 0.7882353 0.06666667 0 0.7882353 0.06666667 0 0.7882353 0.06666667 0 0.7882353 0.06666667 0 0.7882353 0.06666667 0 0.7882353 0.06666667 0 0.7882353 0.06666667 0 0.7882353 0.06666667 0 0.7882353 0.06666667 0 0.7882353 0.06666667 0 0.7882353 0.06666667 0 0.7882353 0.06666667 0 0.7882353 0.06666667 0 0.7882353 0.06666667 0 0.7882353 0.06666667 0 0.7882353 0.06666667 0 0.7882353 0.06666667 0 0.7882353 0.06666667 0 0.7882353 0.06666667 0 0.7882353 0.06666667 0 0.7882353 0.06666667 0 0.7882353 0.06666667 0 0.7882353 0.06666667 0 0.7882353 0.06666667 0 0.7882353 0.06666667 0 0.7882353 0.06666667 0 0.7882353 0.06666667 0 0.7882353 0.06666667 0 0.7882353 0.06666667 0 0.7882353 0.06666667 0 0.7882353 0.06666667 0 0.7882353 0.06666667 0 0.7882353 0.06666667 0 0.7882353 0.06666667 0 0.7882353 0.06666667 0 0.7882353 0.06666667 0 0.7882353 0.06666667 0 0.7882353 0.06666667 0 0.7882353 0.06666667 0 0.7882353 0.06666667 0 0.7882353 0.06666667 0 0.7882353 0.06666667 0 0.7882353 0.06666667 0 0.7882353 0.06666667 0 0.7882353 0.06666667 0 0.7882353 0.06666667 0 0.7882353 0.06666667 0 0.7882353 0.06666667 0 0.7882353 0.06666667 0 0.7882353 0.06666667 0 0.7882353 0.06666667 0 0.7882353 0.06666667 0 0.7882353 0.06666667 0 0.7882353 0.06666667 0 0.7882353 0.06666667 0 0.7882353 0.06666667 0 0.7882353 0.06666667 0 0.7882353 0.06666667 0 0.7882353 0.06666667 0 0.7882353 0.06666667 0 0.7882353 0.06666667 0 0.7882353 0.06666667 0 0.7882353 0.06666667 0 0.7882353 0.06666667 0 0.7882353 0.06666667 0 0.7882353 0.06666667 0 0.7882353 0.06666667 0 0.7882353 0.06666667 0 0.7882353 0.06666667 0 0.7882353 0.06666667 0 0.7882353 0.06666667 0 0.7882353 0.06666667 0 0.7882353 0.06666667 0 0.7882353 0.06666667 0 0.7882353 0.06666667 0 0.7882353 0.06666667 0 0.7882353 0.06666667 0 0.7882353 0.06666667 0 0.7882353 0.06666667 0 0.7882353 0.06666667 0 0.7882353 0.06666667 0 0.7882353 0.06666667 0 0.7882353 0.06666667 0 0.7882353 0.06666667 0 0.7882353 0.06666667 0 0.7882353 0.06666667 0 0.7882353 0.06666667 0 0.7882353 0.06666667 0 0.7882353 0.06666667 0 0.7882353 0.06666667 0 0.7882353 0.06666667 0 0.7882353 0.06666667 0 0.7882353 0.06666667 0 0.7882353 0.06666667 0 0.7882353 0.06666667 0 0.7882353 0.06666667 0 0.7882353 0.06666667 0 0.7882353 0.06666667 0 0.7882353 0.06666667 0 0.7882353 0.06666667 0 0.7882353 0.06666667 0 0.7882353 0.06666667 0 0.7882353 0.06666667 0 0.7882353 0.06666667 0 0.7882353 0.06666667 0 0.7882353 0.06666667 0 0.7882353 0.06666667 0 0.7882353 0.06666667 0 0.7882353 0.06666667 0 0.7882353 0.06666667 0 0.7882353 0.06666667 0 0.7882353 0.06666667 0 0.7882353 0.06666667 0 0.7882353 0.06666667 0 0.7882353 0.06666667 0 0.7882353 0.06666667 0 0.7882353 0.06666667 0 0.7882353 0.06666667 0 0.7882353 0.06666667 0 0.7882353 0.06666667 0 0.7882353 0.06666667 0 0.7882353 0.06666667 0 0.7882353 0.06666667 0 0.7882353 0.06666667 0 0.7882353 0.06666667 0 0.7882353 0.06666667 0 0.7882353 0.06666667 0 0.7882353 0.06666667 0 0.7882353 0.06666667 0 0.7882353 0.06666667 0 0.7882353 0.06666667 0 0.7882353 0.06666667 0 0.7882353 0.06666667 0 0.7882353 0.06666667 0 0.7882353 0.06666667 0 0.7882353 0.06666667 0 0.7882353 0.06666667 0 0.7882353 0.06666667 0 0.7882353 0.06666667 0 0.7882353 0.06666667 0 0.7882353 0.06666667 0 0.7882353 0.06666667 0 0.7882353 0.06666667 0 0.7882353 0.06666667 0 0.7882353 0.06666667 0 0.7882353 0.06666667 0 0.7882353 0.06666667 0 0.7882353 0.06666667 0 0.7882353 0.06666667 0 0.7882353 0.06666667 0 0.7882353 0.06666667 0 0.7882353 0.06666667 0 0.7882353 0.06666667 0 0.7882353 0.06666667 0 0.7882353 0.06666667 0 0.7882353 0.06666667 0 0.7882353 0.06666667 0 0.7882353 0.06666667 0 0.7882353 0.06666667 0 0.7882353 0.06666667 0 0.7882353 0.06666667 0 0.7882353 0.06666667 0 0.7882353 0.06666667 0 0.7882353 0.06666667 0 0.7882353 0.06666667 0 0.7882353 0.06666667 0 0.7882353 0.06666667 0 0.7882353 0.06666667 0 0.7882353 0.06666667 0 0.7882353 0.06666667 0 0.7882353 0.06666667 0 0.7882353 0.06666667 0 0.7882353 0.06666667 0 0.7882353 0.06666667 0 0.7882353 0.06666667 0 0.7882353 0.06666667 0 0.7882353 0.06666667 0 0.7882353 0.06666667 0 0.7882353 0.06666667 0 0.7882353 0.06666667 0 0.7882353 0.06666667 0 0.7882353 0.06666667 0 0.7882353 0.06666667 0 0.7882353 0.06666667 0 0.7882353 0.06666667 0 0.7882353 0.06666667 0 0.7882353 0.06666667 0 0.7882353 0.06666667 0 0.7882353 0.06666667 0 0.7882353 0.06666667 0 0.7882353 0.06666667 0 0.7882353 0.06666667 0 0.7882353 0.06666667 0 0.7882353 0.06666667 0 0.7882353 0.06666667 0 0.7882353 0.06666667 0 0.7882353 0.06666667 0 0.7882353 0.06666667 0 0.7882353 0.06666667 0 0.7882353 0.06666667 0 0.7882353 0.06666667 0 0.7882353 0.06666667 0 0.7882353 0.06666667 0 0.7882353 0.06666667 0 0.7882353 0.06666667 0 0.7882353 0.06666667 0 0.7882353 0.06666667 0 0.7882353 0.06666667 0 0.7882353 0.06666667 0 0.7882353 0.06666667 0 0.7882353 0.06666667 0 0.7882353 0.06666667 0 0.7882353 0.06666667 0 0.7882353 0.06666667 0 0.7882353 0.06666667 0 0.7882353 0.06666667 0 0.7882353 0.06666667 0 0.7882353 0.06666667 0 0.7882353 0.06666667 0 0.7882353 0.06666667 0 0.7882353 0.06666667 0 0.7882353 0.06666667 0 0.7882353 0.06666667 0 0.7882353 0.06666667 0 0.7882353 0.06666667 0 0.7882353 0.06666667 0 0.7882353 0.06666667 0 0.7882353 0.06666667 0 0.7882353 0.06666667 0 0.7882353 0.06666667 0 0.7882353 0.06666667 0 0.7882353 0.06666667 0 0.7882353 0.06666667 0 0.7882353 0.06666667 0 0.7882353 0.06666667 0 0.7882353 0.06666667 0 0.7882353 0.06666667 0 0.7882353 0.06666667 0 0.7882353 0.06666667 0 0.7882353 0.06666667 0 0.7882353 0.06666667 0 0.7882353 0.06666667 0 0.7882353 0.06666667 0 0.7882353 0.06666667 0 0.7882353 0.06666667 0 0.7882353 0.06666667 0 0.7882353 0.06666667 0 0.7882353 0.06666667 0 0.7882353 0.06666667 0 0.7882353 0.06666667 0 0.7882353 0.06666667 0 0.7882353 0.06666667 0 0.7882353 0.06666667 0 0.7882353 0.06666667 0 0.7882353 0.06666667 0 0.7882353 0.06666667 0 0.7882353 0.06666667 0 0.7882353 0.06666667 0 0.7882353 0.06666667 0 0.7882353 0.06666667 0 0.7882353 0.06666667 0 0.7882353 0.06666667 0 0.7882353 0.06666667 0 0.7882353 0.06666667 0 0.7882353 0.06666667 0 0.7882353 0.06666667 0 0.7882353 0.06666667 0 0.7882353 0.06666667 0 0.7882353 0.06666667 0 0.7882353 0.06666667 0 0.7882353 0.06666667 0 0.7882353 0.06666667 0 0.7882353 0.06666667 0 0.7882353 0.06666667 0 0.7882353 0.06666667 0 0.7882353 0.06666667 0 0.7882353 0.06666667 0 0.7882353 0.06666667 0 0.7882353 0.06666667 0 0.7882353 0.06666667 0 0.7882353 0.06666667 0 0.7882353 0.06666667 0 0.7882353 0.06666667 0 0.7882353 0.06666667 0 0.7882353 0.06666667 0 0.7882353 0.06666667 0 0.7882353 0.06666667 0 0.7882353 0.06666667 0 0.7882353 0.06666667 0 0.7882353 0.06666667 0 0.7882353 0.06666667 0 0.7882353 0.06666667 0 0.7882353 0.06666667 0 0.7882353 0.06666667 0 0.7882353 0.06666667 0 0.7882353 0.06666667 0 0.7882353 0.06666667 0 0.7882353 0.06666667 0 0.7882353 0.06666667 0 0.7882353 0.06666667 0 0.7882353 0.06666667 0 0.7882353 0.06666667 0 0.7882353 0.06666667 0 0.7882353 0.06666667 0 0.7882353 0.06666667 0 0.7882353 0.06666667 0 0.7882353 0.06666667 0 0.7882353 0.06666667 0 0.7882353 0.06666667 0 0.7882353 0.06666667 0 0.7882353 0.06666667 0 0.7882353 0.06666667 0 0.7882353 0.06666667 0 0.7882353 0.06666667 0 0.7882353 0.06666667 0 0.7882353 0.06666667 0 0.7882353 0.06666667 0 0.7882353 0.06666667 0 0.7882353 0.06666667 0 0.7882353 0.06666667 0 0.7882353 0.06666667 0 0.7882353 0.06666667 0 0.7882353 0.06666667 0 0.7882353 0.06666667 0 0.7882353 0.06666667 0 0.7882353 0.06666667 0 0.7882353 0.06666667 0 0.7882353 0.06666667 0 0.7882353 0.06666667 0 0.7882353 0.06666667 0 0.7882353 0.06666667 0 0.7882353 0.06666667 0 0.7882353 0.06666667 0 0.7882353 0.06666667 0 0.7882353 0.06666667 0 0.7882353 0.06666667 0 0.7882353 0.06666667 0 0.7882353 0.06666667 0 0.7882353 0.06666667 0 0.7882353 0.06666667 0 0.7882353 0.06666667 0 0.7882353 0.06666667 0 0.7882353 0.06666667 0 0.7882353 0.06666667 0 0.7882353 0.06666667 0 0.7882353 0.06666667 0 0.7882353 0.06666667 0 0.7882353 0.06666667 0 0.7882353 0.06666667 0 0.7882353 0.06666667 0 0.7882353 0.06666667 0 0.7882353 0.06666667 0 0.7882353 0.06666667 0 0.7882353 0.06666667 0 0.7882353 0.06666667 0 0.7882353 0.06666667 0 0.7882353 0.06666667 0 0.7882353 0.06666667 0 0.7882353 0.06666667 0 0.7882353 0.06666667 0 0.7882353 0.06666667 0 0.7882353 0.06666667 0 0.7882353 0.06666667 0 0.7882353 0.06666667 0 0.7882353 0.06666667 0 0.7882353 0.06666667 0 0.7882353 0.06666667 0 0.7882353 0.06666667 0 0.7882353 0.06666667 0 0.7882353 0.06666667 0 0.7882353 0.06666667 0 0.7882353 0.06666667 0 0.7882353 0.06666667 0 0.7882353 0.06666667 0 0.7882353 0.06666667 0 0.7882353 0.06666667 0 0.7882353 0.06666667 0 0.7882353 0.06666667 0 0.7882353 0.06666667 0 0.7882353 0.06666667 0 0.7882353 0.06666667 0 0.7882353 0.06666667 0 0.7882353 0.06666667 0 0.7882353 0.06666667 0 0.7882353 0.06666667 0 0.7882353 0.06666667 0 0.7882353 0.06666667 0 0.7882353 0.06666667 0 0.7882353 0.06666667 0 0.7882353 0.06666667 0 0.7882353 0.06666667 0 0.7882353 0.06666667 0 0.7882353 0.06666667 0 0.7882353 0.06666667 0 0.7882353 0.06666667 0 0.7882353 0.06666667 0 0.7882353 0.06666667 0 0.7882353 0.06666667 0 0.7882353 0.06666667 0 0.7882353 0.06666667 0 0.7882353 0.06666667 0 0.7882353 0.06666667 0 0.7882353 0.06666667 0 0.7882353 0.06666667 0 0.7882353 0.06666667 0 0.7882353 0.06666667 0 0.7882353 0.06666667 0 0.7882353 0.06666667 0 0.7882353 0.06666667 0 0.7882353 0.06666667 0 0.7882353 0.06666667 0 0.7882353 0.06666667 0 0.7882353 0.06666667 0 0.7882353 0.06666667 0 0.7882353 0.06666667 0 0.7882353 0.06666667 0 0.7882353 0.06666667 0 0.7882353 0.06666667 0 0.7882353 0.06666667 0 0.7882353 0.06666667 0 0.7882353 0.06666667 0 0.7882353 0.06666667 0 0.7882353 0.06666667 0 0.7882353 0.06666667 0 0.7882353 0.06666667 0 0.7882353 0.06666667 0 0.7882353 0.06666667 0 0.7882353 0.06666667 0 0.7882353 0.06666667 0 0.7882353 0.06666667 0 0.7882353 0.06666667 0 0.7882353 0.06666667 0 0.7882353 0.06666667 0 0.7882353 0.06666667 0 0.7882353 0.06666667 0 0.7882353 0.06666667 0 0.7882353 0.06666667 0 0.7882353 0.06666667 0 0.7882353 0.06666667 0 0.7882353 0.06666667 0 0.7882353 0.06666667 0 0.7882353 0.06666667 0 0.7882353 0.06666667 0 0.7882353 0.06666667 0 0.7882353 0.06666667 0 0.7882353 0.06666667 0 0.7882353 0.06666667 0 0.7882353 0.06666667 0 0.7882353 0.06666667 0 0.7882353 0.06666667 0 0.7882353 0.06666667 0 0.7882353 0.06666667 0 0.7882353 0.06666667 0 0.7882353 0.06666667 0 0.7882353 0.06666667 0 0.7882353 0.06666667 0 0.7882353 0.06666667 0 0.7882353 0.06666667 0 0.7882353 0.06666667 0 0.7882353 0.06666667 0 0.7882353 0.06666667 0 0.7882353 0.06666667 0 0.7882353 0.06666667 0 0.7882353 0.06666667 0 0.7882353 0.06666667 0 0.7882353 0.06666667 0 0.7882353 0.06666667 0 0.7882353 0.06666667 0 0.7882353 0.06666667 0 0.7882353 0.06666667 0 0.7882353 0.06666667 0 0.7882353 0.06666667 0 0.7882353 0.06666667 0 0.7882353 0.06666667 0 0.7882353 0.06666667 0 0.7882353 0.06666667 0 0.7882353 0.06666667 0 0.7882353 0.06666667 0 0.7882353 0.06666667 0 0.7882353 0.06666667 0 0.7882353 0.06666667 0 0.7882353 0.06666667 0 0.7882353 0.06666667 0 0.7882353 0.06666667 0 0.7882353 0.06666667 0 0.7882353 0.06666667 0 0.7882353 0.06666667 0 0.7882353 0.06666667 0 0.7882353 0.06666667 0 0.7882353 0.06666667 0 0.7882353 0.06666667 0 0.7882353 0.06666667 0 0.7882353 0.06666667 0 0.7882353 0.06666667 0 0.7882353 0.06666667 0 0.7882353 0.06666667 0 0.7882353 0.06666667 0 0.7882353 0.06666667 0 0.7882353 0.06666667 0 0.7882353 0.06666667 0 0.7882353 0.06666667 0 0.7882353 0.06666667 0 0.7882353 0.06666667 0 0.7882353 0.06666667 0 0.7882353 0.06666667 0 0.7882353 0.06666667 0 0.7882353 0.06666667 0 0.7882353 0.06666667 0 0.7882353 0.06666667 0 0.7882353 0.06666667 0 0.7882353 0.06666667 0 0.7882353 0.06666667 0 0.7882353 0.06666667 0 0.7882353 0.06666667 0 0.7882353 0.06666667 0 0.7882353 0.06666667 0 0.7882353 0.06666667 0 0.7882353 0.06666667 0 0.7882353 0.06666667 0 0.7882353 0.06666667 0 0.7882353 0.06666667 0 0.7882353 0.06666667 0 0.7882353 0.06666667 0 0.7882353 0.06666667 0 0.7882353 0.06666667 0 0.7882353 0.06666667 0 0.7882353 0.06666667 0 0.7882353 0.06666667 0 0.7882353 0.06666667 0 0.7882353 0.06666667 0 0.7882353 0.06666667 0 0.7882353 0.06666667 0 0.7882353 0.06666667 0 0.7882353 0.06666667 0 0.7882353 0.06666667 0 0.7882353 0.06666667 0 0.7882353 0.06666667 0 0.7882353 0.06666667 0 0.7882353 0.06666667 0 0.7882353 0.06666667 0 0.7882353 0.06666667 0 0.7882353 0.06666667 0 0.7882353 0.06666667 0 0.7882353 0.06666667 0 0.7882353 0.06666667 0 0.7882353 0.06666667 0 0.7882353 0.06666667 0 0.7882353 0.06666667 0 0.7882353 0.06666667 0 0.7882353 0.06666667 0 0.7882353 0.06666667 0 0.7882353 0.06666667 0 0.7882353 0.06666667 0 0.7882353 0.06666667 0 0.7882353 0.06666667 0 0.7882353 0.06666667 0 0.7882353 0.06666667 0 0.7882353 0.06666667 0 0.7882353 0.06666667 0 0.7882353 0.06666667 0 0.7882353 0.06666667 0 0.7882353 0.06666667 0 0.7882353 0.06666667 0 0.7882353 0.06666667 0 0.7882353 0.06666667 0 0.7882353 0.06666667 0 0.7882353 0.06666667 0 0.7882353 0.06666667 0 0.7882353 0.06666667 0 0.7882353 0.06666667 0 0.7882353 0.06666667 0 0.7882353 0.06666667 0 0.7882353 0.06666667 0 0.7882353 0.06666667 0 0.7882353 0.06666667 0 0.7882353 0.06666667 0 0.7882353 0.06666667 0 0.7882353 0.06666667 0 0.7882353 0.06666667 0 0.7882353 0.06666667 0 0.7882353 0.06666667 0 0.7882353 0.06666667 0 0.7882353 0.06666667 0 0.7882353 0.06666667 0 0.7882353 0.06666667 0 0.7882353 0.06666667 0 0.7882353 0.06666667 0 0.7882353 0.06666667 0 0.7882353 0.06666667 0 0.7882353 0.06666667 0 0.7882353 0.06666667 0 0.7882353 0.06666667 0 0.7882353 0.06666667 0 0.7882353 0.06666667 0 0.7882353 0.06666667 0 0.7882353 0.06666667 0 0.7882353 0.06666667 0 0.7882353 0.06666667 0 0.7882353 0.06666667 0 0.7882353 0.06666667 0 0.7882353 0.06666667 0 0.7882353 0.06666667 0 0.7882353 0.06666667 0 0.7882353 0.06666667 0 0.7882353 0.06666667 0 0.7882353 0.06666667 0 0.7882353 0.06666667 0 0.7882353 0.06666667 0 0.7882353 0.06666667 0 0.7882353 0.06666667 0 0.7882353 0.06666667 0 0.7882353 0.06666667 0 0.7882353 0.06666667 0 0.7882353 0.06666667 0 0.7882353 0.06666667 0 0.7882353 0.06666667 0 0.7882353 0.06666667 0 0.7882353 0.06666667 0 0.7882353 0.06666667 0 0.7882353 0.06666667 0 0.7882353 0.06666667 0 0.7882353 0.06666667 0 0.7882353 0.06666667 0 0.7882353 0.06666667 0 0.7882353 0.06666667 0 0.7882353 0.06666667 0 0.7882353 0.06666667 0 0.7882353 0.06666667 0 0.7882353 0.06666667 0 0.7882353 0.06666667 0 0.7882353 0.06666667 0 0.7882353 0.06666667 0 0.7882353 0.06666667 0 0.7882353 0.06666667 0 0.7882353 0.06666667 0 0.7882353 0.06666667 0 0.7882353 0.06666667 0 0.7882353 0.06666667 0 0.7882353 0.06666667 0 0.7882353 0.06666667 0 0.7882353 0.06666667 0 0.7882353 0.06666667 0 0.7882353 0.06666667 0 0.7882353 0.06666667 0 0.7882353 0.06666667 0 0.7882353 0.06666667 0 0.7882353 0.06666667 0 0.7882353 0.06666667 0 0.7882353 0.06666667 0 0.7882353 0.06666667 0 0.7882353 0.06666667 0 0.7882353 0.06666667 0 0.7882353 0.06666667 0 0.7882353 0.06666667 0 0.7882353 0.06666667 0 0.7882353 0.06666667 0 0.7882353 0.06666667 0 0.7882353 0.06666667 0 0.7882353 0.06666667 0 0.7882353 0.06666667 0 0.7882353 0.06666667 0 0.7882353 0.06666667 0 0.7882353 0.06666667 0 0.7882353 0.06666667 0 0.7882353 0.06666667 0 0.7882353 0.06666667 0 0.7882353 0.06666667 0 0.7882353 0.06666667 0 0.7882353 0.06666667 0 0.7882353 0.06666667 0 0.7882353 0.06666667 0 0.7882353 0.06666667 0 0.7882353 0.06666667 0 0.7882353 0.06666667 0 0.7882353 0.06666667 0 0.7882353 0.06666667 0 0.7882353 0.06666667 0 0.7882353 0.06666667 0 0.7882353 0.06666667 0 0.7882353 0.06666667 0 0.7882353 0.06666667 0 0.7882353 0.06666667 0 0.7882353 0.06666667 0 0.7882353 0.06666667 0 0.7882353 0.06666667 0 0.7882353 0.06666667 0 0.7882353 0.06666667 0 0.7882353 0.06666667 0 0.7882353 0.06666667 0 0.7882353 0.06666667 0 0.7882353 0.06666667 0 0.7882353 0.06666667 0 0.7882353 0.06666667 0 0.7882353 0.06666667 0 0.7882353 0.06666667 0 0.7882353 0.06666667 0 0.7882353 0.06666667 0 0.7882353 0.06666667 0 0.7882353 0.06666667 0 0.7882353 0.06666667 0 0.7882353 0.06666667 0 0.7882353 0.06666667 0 0.7882353 0.06666667 0 0.7882353 0.06666667 0 0.7882353 0.06666667 0 0.7882353 0.06666667 0 0.7882353 0.06666667 0 0.7882353 0.06666667 0 0.7882353 0.06666667 0 0.7882353 0.06666667 0 0.7882353 0.06666667 0 0.7882353 0.06666667 0 0.7882353 0.06666667 0 0.7882353 0.06666667 0 0.7882353 0.06666667 0 0.7882353 0.06666667 0 0.7882353 0.06666667 0 0.7882353 0.06666667 0 0.7882353 0.06666667 0 0.7882353 0.06666667 0 0.7882353 0.06666667 0 0.7882353 0.06666667 0 0.7882353 0.06666667 0 0.7882353 0.06666667 0 0.7882353 0.06666667 0 0.7882353 0.06666667 0 0.7882353 0.06666667 0 0.7882353 0.06666667 0 0.7882353 0.06666667 0 0.7882353 0.06666667 0 0.7882353 0.06666667 0 0.7882353 0.06666667 0 0.7882353 0.06666667 0 0.7882353 0.06666667 0 0.7882353 0.06666667 0 0.7882353 0.06666667 0 0.7882353 0.06666667 0 0.7882353 0.06666667 0 0.7882353 0.06666667 0 0.7882353 0.06666667 0 0.7882353 0.06666667 0 0.7882353 0.06666667 0 0.7882353 0.06666667 0 0.7882353 0.06666667 0 0.7882353 0.06666667 0 0.7882353 0.06666667 0 0.7882353 0.06666667 0 0.7882353 0.06666667 0 0.7882353 0.06666667 0 0.7882353 0.06666667 0 0.7882353 0.06666667 0 0.7882353 0.06666667 0 0.7882353 0.06666667 0 0.7882353 0.06666667 0 0.7882353 0.06666667 0 0.7882353 0.06666667 0 0.7882353 0.06666667 0 0.7882353 0.06666667 0 0.7882353 0.06666667 0 0.7882353 0.06666667 0 0.7882353 0.06666667 0 0.7882353 0.06666667 0 0.7882353 0.06666667 0 0.7882353 0.06666667 0 0.7882353 0.06666667 0 0.7882353 0.06666667 0 0.7882353 0.06666667 0 0.7882353 0.06666667 0 0.7882353 0.06666667 0 0.7882353 0.06666667 0 0.7882353 0.06666667 0 0.7882353 0.06666667 0 0.7882353 0.06666667 0 0.7882353 0.06666667 0 0.7882353 0.06666667 0 0.7882353 0.06666667 0 0.7882353 0.06666667 0 0.7882353 0.06666667 0 0.7882353 0.06666667 0 0.7882353 0.06666667 0 0.7882353 0.06666667 0 0.7882353 0.06666667 0 0.7882353 0.06666667 0 0.7882353 0.06666667 0 0.7882353 0.06666667 0 0.7882353 0.06666667 0 0.7882353 0.06666667 0 0.7882353 0.06666667 0 0.7882353 0.06666667 0 0.7882353 0.06666667 0 0.7882353 0.06666667 0 0.7882353 0.06666667 0 0.7882353 0.06666667 0 0.7882353 0.06666667 0 0.7882353 0.06666667 0 0.7882353 0.06666667 0 0.7882353 0.06666667 0 0.7882353 0.06666667 0 0.7882353 0.06666667 0 0.7882353 0.06666667 0 0.7882353 0.06666667 0 0.7882353 0.06666667 0 0.7882353 0.06666667 0 0.7882353 0.06666667 0 0.7882353 0.06666667 0 0.7882353 0.06666667 0 0.7882353 0.06666667 0 0.7882353 0.06666667 0 0.7882353 0.06666667 0 0.7882353 0.06666667 0 0.7882353 0.06666667 0 0.7882353 0.06666667 0 0.7882353 0.06666667 0 0.7882353 0.06666667 0 0.7882353 0.06666667 0 0.7882353 0.06666667 0 0.7882353 0.06666667 0 0.7882353 0.06666667 0 0.7882353 0.06666667 0 0.7882353 0.06666667 0 0.7882353 0.06666667 0 0.7882353 0.06666667 0 0.7882353 0.06666667 0 0.7882353 0.06666667 0 0.7882353 0.06666667 0 0.7882353 0.06666667 0 0.7882353 0.06666667 0 0.7882353 0.06666667 0 0.7882353 0.06666667 0 0.7882353 0.06666667 0 0.7882353 0.06666667 0 0.7882353 0.06666667 0 0.7882353 0.06666667 0 0.7882353 0.06666667 0 0.7882353 0.06666667 0 0.7882353 0.06666667 0 0.7882353 0.06666667 0 0.7882353 0.06666667 0 0.7882353 0.06666667 0 0.7882353 0.06666667 0 0.7882353 0.06666667 0 0.7882353 0.06666667 0 0.7882353 0.06666667 0 0.7882353 0.06666667 0 0.7882353 0.06666667 0 0.7882353 0.06666667 0 0.7882353 0.06666667 0 0.7882353 0.06666667 0 0.7882353 0.06666667 0 0.7882353 0.06666667 0 0.7882353 0.06666667 0 0.7882353 0.06666667 0 0.7882353 0.06666667 0 0.7882353 0.06666667 0 0.7882353 0.06666667 0 0.7882353 0.06666667 0 0.7882353 0.06666667 0 0.7882353 0.06666667 0 0.7882353 0.06666667 0 0.7882353 0.06666667 0 0.7882353 0.06666667 0 0.7882353 0.06666667 0 0.7882353 0.06666667 0 0.7882353 0.06666667 0 0.7882353 0.06666667 0 0.7882353 0.06666667 0 0.7882353 0.06666667 0 0.7882353 0.06666667 0 0.7882353 0.06666667 0 0.7882353 0.06666667 0 0.7882353 0.06666667 0 0.7882353 0.06666667 0 0.7882353 0.06666667 0 0.7882353 0.06666667 0 0.7882353 0.06666667 0 0.7882353 0.06666667 0 0.7882353 0.06666667 0 0.7882353 0.06666667 0 0.7882353 0.06666667 0 0.7882353 0.06666667 0 0.7882353 0.06666667 0 0.7882353 0.06666667 0 0.7882353 0.06666667 0 0.7882353 0.06666667 0 0.7882353 0.06666667 0 0.7882353 0.06666667 0 0.7882353 0.06666667 0 0.7882353 0.06666667 0 0.7882353 0.06666667 0 0.7882353 0.06666667 0 0.7882353 0.06666667 0 0.7882353 0.06666667 0 0.7882353 0.06666667 0 0.7882353 0.06666667 0 0.7882353 0.06666667 0 0.7882353 0.06666667 0 0.7882353 0.06666667 0 0.7882353 0.06666667 0 0.7882353 0.06666667 0 0.7882353 0.06666667 0 0.7882353 0.06666667 0 0.7882353 0.06666667 0 0.7882353 0.06666667 0 0.7882353 0.06666667 0 0.7882353 0.06666667 0 0.7882353 0.06666667 0 0.7882353 0.06666667 0 0.7882353 0.06666667 0 0.7882353 0.06666667 0 0.7882353 0.06666667 0 0.7882353 0.06666667 0 0.7882353 0.06666667 0 0.7882353 0.06666667 0 0.7882353 0.06666667 0 0.7882353 0.06666667 0 0.7882353 0.06666667 0 0.7882353 0.06666667 0 0.7882353 0.06666667 0 0.7882353 0.06666667 0 0.7882353 0.06666667 0 0.7882353 0.06666667 0 0.7882353 0.06666667 0 0.7882353 0.06666667 0 0.7882353 0.06666667 0 0.7882353 0.06666667 0 0.7882353 0.06666667 0 0.7882353 0.06666667 0 0.7882353 0.06666667 0 0.7882353 0.06666667 0 0.7882353 0.06666667 0 0.7882353 0.06666667 0 0.7882353 0.06666667 0 0.7882353 0.06666667 0 0.7882353 0.06666667 0 0.7882353 0.06666667 0 0.7882353 0.06666667 0 0.7882353 0.06666667 0 0.7882353 0.06666667 0 0.7882353 0.06666667 0 0.7882353 0.06666667 0 0.7882353 0.06666667 0 0.7882353 0.06666667 0 0.7882353 0.06666667 0 0.7882353 0.06666667 0 0.7882353 0.06666667 0 0.7882353 0.06666667 0 0.7882353 0.06666667 0 0.7882353 0.06666667 0 0.7882353 0.06666667 0 0.7882353 0.06666667 0 0.7882353 0.06666667 0 0.7882353 0.06666667 0 0.7882353 0.06666667 0 0.7882353 0.06666667 0 0.7882353 0.06666667 0 0.7882353 0.06666667 0 0.7882353 0.06666667 0 0.7882353 0.06666667 0 0.7882353 0.06666667 0 0.7882353 0.06666667 0 0.7882353 0.06666667 0 0.7882353 0.06666667 0 0.7882353 0.06666667 0 0.7882353 0.06666667 0 0.7882353 0.06666667 0 0.7882353 0.06666667 0 0.7882353 0.06666667 0 0.7882353 0.06666667 0 0.7882353 0.06666667 0 0.7882353 0.06666667 0 0.7882353 0.06666667 0 0.7882353 0.06666667 0 0.7882353 0.06666667 0 0.7882353 0.06666667 0 0.7882353 0.06666667 0 0.7882353 0.06666667 0 0.7882353 0.06666667 0 0.7882353 0.06666667 0 0.7882353 0.06666667 0 0.7882353 0.06666667 0 0.7882353 0.06666667 0 0.7882353 0.06666667 0 0.7882353 0.06666667 0 0.7882353 0.06666667 0 0.7882353 0.06666667 0 0.7882353 0.06666667 0 0.7882353 0.06666667 0 0.7882353 0.06666667 0 0.7882353 0.06666667 0 0.7882353 0.06666667 0 0.7882353 0.06666667 0 0.7882353 0.06666667 0 0.7882353 0.06666667 0 0.7882353 0.06666667 0 0.7882353 0.06666667 0 0.7882353 0.06666667 0 0.7882353 0.06666667 0 0.7882353 0.06666667 0 0.7882353 0.06666667 0 0.7882353 0.06666667 0 0.7882353 0.06666667 0 0.7882353 0.06666667 0 0.7882353 0.06666667 0 0.7882353 0.06666667 0 0.7882353 0.06666667 0 0.7882353 0.06666667 0 0.7882353 0.06666667 0 0.7882353 0.06666667 0 0.7882353 0.06666667 0 0.7882353 0.06666667 0 0.7882353 0.06666667 0 0.7882353 0.06666667 0 0.7882353 0.06666667 0 0.7882353 0.06666667 0 0.7882353 0.06666667 0 0.7882353 0.06666667 0 0.7882353 0.06666667 0 0.7882353 0.06666667 0 0.7882353 0.06666667 0 0.7882353 0.06666667 0 0.7882353 0.06666667 0 0.7882353 0.06666667 0 0.7882353 0.06666667 0 0.7882353 0.06666667 0 0.7882353 0.06666667 0 0.7882353 0.06666667 0 0.7882353 0.06666667 0 0.7882353 0.06666667 0 0.7882353 0.06666667 0 0.7882353 0.06666667 0 0.7882353 0.06666667 0 0.7882353 0.06666667 0 0.7882353 0.06666667 0 0.7882353 0.06666667 0 0.7882353 0.06666667 0 0.7882353 0.06666667 0 0.7882353 0.06666667 0 0.7882353 0.06666667 0 0.7882353 0.06666667 0 0.7882353 0.06666667 0 0.7882353 0.06666667 0 0.7882353 0.06666667 0 0.7882353 0.06666667 0 0.7882353 0.06666667 0 0.7882353 0.06666667 0 0.7882353 0.06666667 0 0.7882353 0.06666667 0 0.7882353 0.06666667 0 0.7882353 0.06666667 0 0.7882353 0.06666667 0 0.7882353 0.06666667 0 0.7882353 0.06666667 0 0.7882353 0.06666667 0 0.7882353 0.06666667 0 0.7882353 0.06666667 0 0.7882353 0.06666667 0 0.7882353 0.06666667 0 0.7882353 0.06666667 0 0.7882353 0.06666667 0 0.7882353 0.06666667 0 0.7882353 0.06666667 0 0.7882353 0.06666667 0 0.7882353 0.06666667 0 0.7882353 0.06666667 0 0.7882353 0.06666667 0 0.7882353 0.06666667 0 0.7882353 0.06666667 0 0.7882353 0.06666667 0 0.7882353 0.06666667 0 0.7882353 0.06666667 0 0.7882353 0.06666667 0 0.7882353 0.06666667 0 0.7882353 0.06666667 0 0.7882353 0.06666667 0 0.7882353 0.06666667 0 0.7882353 0.06666667 0 0.7882353 0.06666667 0 0.7882353 0.06666667 0 0.7882353 0.06666667 0 0.7882353 0.06666667 0 0.7882353 0.06666667 0 0.7882353 0.06666667 0 0.7882353 0.06666667 0 0.7882353 0.06666667 0 0.7882353 0.06666667 0 0.7882353 0.06666667 0 0.7882353 0.06666667 0 0.7882353 0.06666667 0 0.7882353 0.06666667 0 0.7882353 0.06666667 0 0.7882353 0.06666667 0 0.7882353 0.06666667 0 0.7882353 0.06666667 0 0.7882353 0.06666667 0 0.7882353 0.06666667 0 0.7882353 0.06666667 0 0.7882353 0.06666667 0 0.7882353 0.06666667 0 0.7882353 0.06666667 0 0.7882353 0.06666667 0 0.7882353 0.06666667 0 0.7882353 0.06666667 0 0.7882353 0.06666667 0 0.7882353 0.06666667 0 0.7882353 0.06666667 0 0.7882353 0.06666667 0 0.7882353 0.06666667 0 0.7882353 0.06666667 0 0.7882353 0.06666667 0 0.7882353 0.06666667 0 0.7882353 0.06666667 0 0.7882353 0.06666667 0 0.7882353 0.06666667 0 0.7882353 0.06666667 0 0.7882353 0.06666667 0 0.7882353 0.06666667 0 0.7882353 0.06666667 0 0.7882353 0.06666667 0 0.7882353 0.06666667 0 0.7882353 0.06666667 0 0.7882353 0.06666667 0 0.7882353 0.06666667 0 0.7882353 0.06666667 0 0.7882353 0.06666667 0 0.7882353 0.06666667 0 0.7882353 0.06666667 0 0.7882353 0.06666667 0 0.7882353 0.06666667 0 0.7882353 0.06666667 0 0.7882353 0.06666667 0 0.7882353 0.06666667 0 0.7882353 0.06666667 0 0.7882353 0.06666667 0 0.7882353 0.06666667 0 0.7882353 0.06666667 0 0.7882353 0.06666667 0 0.7882353 0.06666667 0 0.7882353 0.06666667 0 0.7882353 0.06666667 0 0.7882353 0.06666667 0 0.7882353 0.06666667 0 0.7882353 0.06666667 0 0.7882353 0.06666667 0 0.7882353 0.06666667 0 0.7882353 0.06666667 0 0.7882353 0.06666667 0 0.7882353 0.06666667 0 0.7882353 0.06666667 0 0.7882353 0.06666667 0 0.7882353 0.06666667 0 0.7882353 0.06666667 0 0.7882353 0.06666667 0 0.7882353 0.06666667 0 0.7882353 0.06666667 0 0.7882353 0.06666667 0 0.7882353 0.06666667 0 0.7882353 0.06666667 0 0.7882353 0.06666667 0 0.7882353 0.06666667 0 0.7882353 0.06666667 0 0.7882353 0.06666667 0 0.7882353 0.06666667 0 0.7882353 0.06666667 0 0.7882353 0.06666667 0 0.7882353 0.06666667 0 0.7882353 0.06666667 0 0.7882353 0.06666667 0 0.7882353 0.06666667 0 0.7882353 0.06666667 0 0.7882353 0.06666667 0 0.7882353 0.06666667 0 0.7882353 0.06666667 0 0.7882353 0.06666667 0 0.7882353 0.06666667 0 0.7882353 0.06666667 0 0.7882353 0.06666667 0 0.7882353 0.06666667 0 0.7882353 0.06666667 0 0.7882353 0.06666667 0 0.7882353 0.06666667 0 0.7882353 0.06666667 0 0.7882353 0.06666667 0 0.7882353 0.06666667 0 0.7882353 0.06666667 0 0.7882353 0.06666667 0 0.7882353 0.06666667 0 0.7882353 0.06666667 0 0.7882353 0.06666667 0 0.7882353 0.06666667 0 0.7882353 0.06666667 0 0.7882353 0.06666667 0 0.7882353 0.06666667 0 0.7882353 0.06666667 0 0.7882353 0.06666667 0 0.7882353 0.06666667 0 0.7882353 0.06666667 0 0.7882353 0.06666667 0 0.7882353 0.06666667 0 0.7882353 0.06666667 0 0.7882353 0.06666667 0 0.7882353 0.06666667 0 0.7882353 0.06666667 0 0.7882353 0.06666667 0 0.7882353 0.06666667 0 0.7882353 0.06666667 0 0.7882353 0.06666667 0 0.7882353 0.06666667 0 0.7882353 0.06666667 0 0.7882353 0.06666667 0 0.7882353 0.06666667 0 0.7882353 0.06666667 0 0.7882353 0.06666667 0 0.7882353 0.06666667 0 0.7882353 0.06666667 0 0.7882353 0.06666667 0 0.7882353 0.06666667 0 0.7882353 0.06666667 0 0.7882353 0.06666667 0 0.7882353 0.06666667 0 0.7882353 0.06666667 0 0.7882353 0.06666667 0 0.7882353 0.06666667 0 0.7882353 0.06666667 0 0.7882353 0.06666667 0 0.7882353 0.06666667 0 0.7882353 0.06666667 0 0.7882353 0.06666667 0 0.7882353 0.06666667 0 0.7882353 0.06666667 0 0.7882353 0.06666667 0 0.7882353 0.06666667 0 0.7882353 0.06666667 0 0.7882353 0.06666667 0 0.7882353 0.06666667 0 0.7882353 0.06666667 0 0.7882353 0.06666667 0 0.7882353 0.06666667 0 0.7882353 0.06666667 0 0.7882353 0.06666667 0 0.7882353 0.06666667 0 0.7882353 0.06666667 0 0.7882353 0.06666667 0 0.7882353 0.06666667 0 0.7882353 0.06666667 0 0.7882353 0.06666667 0 0.7882353 0.06666667 0 0.7882353 0.06666667 0 0.7882353 0.06666667 0 0.7882353 0.06666667 0 0.7882353 0.06666667 0 0.7882353 0.06666667 0 0.7882353 0.06666667 0 0.7882353 0.06666667 0 0.7882353 0.06666667 0 0.7882353 0.06666667 0 0.7882353 0.06666667 0 0.7882353 0.06666667 0 0.7882353 0.06666667 0 0.7882353 0.06666667 0 0.7882353 0.06666667 0 0.7882353 0.06666667 0 0.7882353 0.06666667 0 0.7882353 0.06666667 0 0.7882353 0.06666667 0 0.7882353 0.06666667 0 0.7882353 0.06666667 0 0.7882353 0.06666667 0 0.7882353 0.06666667 0 0.7882353 0.06666667 0 0.7882353 0.06666667 0 0.7882353 0.06666667 0 0.7882353 0.06666667 0 0.7882353 0.06666667 0 0.7882353 0.06666667 0 0.7882353 0.06666667 0 0.7882353 0.06666667 0 0.7882353 0.06666667 0 0.7882353 0.06666667 0 0.7882353 0.06666667 0 0.7882353 0.06666667 0 0.7882353 0.06666667 0 0.7882353 0.06666667 0 0.7882353 0.06666667 0 0.7882353 0.06666667 0 0.7882353 0.06666667 0 0.7882353 0.06666667 0 0.7882353 0.06666667 0 0.7882353 0.06666667 0 0.7882353 0.06666667 0 0.7882353 0.06666667 0 0.7882353 0.06666667 0 0.7882353 0.06666667 0 0.7882353 0.06666667 0 0.7882353 0.06666667 0 0.7882353 0.06666667 0 0.7882353 0.06666667 0 0.7882353 0.06666667 0 0.7882353 0.06666667 0 0.7882353 0.06666667 0 0.7882353 0.06666667 0 0.7882353 0.06666667 0 0.7882353 0.06666667 0 0.7882353 0.06666667 0 0.7882353 0.06666667 0 0.7882353 0.06666667 0 0.7882353 0.06666667 0 0.7882353 0.06666667 0 0.7882353 0.06666667 0 0.7882353 0.06666667 0 0.7882353 0.06666667 0 0.7882353 0.06666667 0 0.7882353 0.06666667 0 0.7882353 0.06666667 0 0.7882353 0.06666667 0 0.7882353 0.06666667 0 0.7882353 0.06666667 0 0.7882353 0.06666667 0 0.7882353 0.06666667 0 0.7882353 0.06666667 0 0.7882353 0.06666667 0 0.7882353 0.06666667 0 0.7882353 0.06666667 0 0.7882353 0.06666667 0 0.7882353 0.06666667 0 0.7882353 0.06666667 0 0.7882353 0.06666667 0 0.7882353 0.06666667 0 0.7882353 0.06666667 0 0.7882353 0.06666667 0 0.7882353 0.06666667 0 0.7882353 0.06666667 0 0.7882353 0.06666667 0 0.7882353 0.06666667 0 0.7882353 0.06666667 0 0.7882353 0.06666667 0 0.7882353 0.06666667 0 0.7882353 0.06666667 0 0.7882353 0.06666667 0 0.7882353 0.06666667 0 0.7882353 0.06666667 0 0.7882353 0.06666667 0 0.7882353 0.06666667 0 0.7882353 0.06666667 0 0.7882353 0.06666667 0 0.7882353 0.06666667 0 0.7882353 0.06666667 0 0.7882353 0.06666667 0 0.7882353 0.06666667 0 0.7882353 0.06666667 0 0.7882353 0.06666667 0 0.7882353 0.06666667 0 0.7882353 0.06666667 0 0.7882353 0.06666667 0 0.7882353 0.06666667 0 0.7882353 0.06666667 0 0.7882353 0.06666667 0 0.7882353 0.06666667 0 0.7882353 0.06666667 0 0.7882353 0.06666667 0 0.7882353 0.06666667 0 0.7882353 0.06666667 0 0.7882353 0.06666667 0 0.7882353 0.06666667 0 0.7882353 0.06666667 0 0.7882353 0.06666667 0 0.7882353 0.06666667 0 0.7882353 0.06666667 0 0.7882353 0.06666667 0 0.7882353 0.06666667 0 0.7882353 0.06666667 0 0.7882353 0.06666667 0 0.7882353 0.06666667 0 0.7882353 0.06666667 0 0.7882353 0.06666667 0 0.7882353 0.06666667 0 0.7882353 0.06666667 0 0.7882353 0.06666667 0 0.7882353 0.06666667 0 0.7882353 0.06666667 0 0.7882353 0.06666667 0 0.7882353 0.06666667 0 0.7882353 0.06666667 0 0.7882353 0.06666667 0 0.7882353 0.06666667 0 0.7882353 0.06666667 0 0.7882353 0.06666667 0 0.7882353 0.06666667 0 0.7882353 0.06666667 0 0.7882353 0.06666667 0 0.7882353 0.06666667 0 0.7882353 0.06666667 0 0.7882353 0.06666667 0 0.7882353 0.06666667 0 0.7882353 0.06666667 0 0.7882353 0.06666667 0 0.7882353 0.06666667 0 0.7882353 0.06666667 0 0.7882353 0.06666667 0 0.7882353 0.06666667 0 0.7882353 0.06666667 0 0.7882353 0.06666667 0 0.7882353 0.06666667 0 0.7882353 0.06666667 0 0.7882353 0.06666667 0 0.7882353 0.06666667 0 0.7882353 0.06666667 0 0.7882353 0.06666667 0 0.7882353 0.06666667 0 0.7882353 0.06666667 0 0.7882353 0.06666667 0 0.7882353 0.06666667 0 0.7882353 0.06666667 0 0.7882353 0.06666667 0 0.7882353 0.06666667 0 0.7882353 0.06666667 0 0.7882353 0.06666667 0 0.7882353 0.06666667 0 0.7882353 0.06666667 0 0.7882353 0.06666667 0 0.7882353 0.06666667 0 0.7882353 0.06666667 0 0.7882353 0.06666667 0 0.7882353 0.06666667 0 0.7882353 0.06666667 0 0.7882353 0.06666667 0 0.7882353 0.06666667 0 0.7882353 0.06666667 0 0.7882353 0.06666667 0 0.7882353 0.06666667 0 0.7882353 0.06666667 0 0.7882353 0.06666667 0 0.7882353 0.06666667 0 0.7882353 0.06666667 0 0.7882353 0.06666667 0 0.7882353 0.06666667 0 0.7882353 0.06666667 0 0.7882353 0.06666667 0 0.7882353 0.06666667 0 0.7882353 0.06666667 0 0.7882353 0.06666667 0 0.7882353 0.06666667 0 0.7882353 0.06666667 0 0.7882353 0.06666667 0 0.7882353 0.06666667 0 0.7882353 0.06666667 0 0.7882353 0.06666667 0 0.7882353 0.06666667 0 0.7882353 0.06666667 0 0.7882353 0.06666667 0 0.7882353 0.06666667 0 0.7882353 0.06666667 0 0.7882353 0.06666667 0 0.7882353 0.06666667 0 0.7882353 0.06666667 0 0.7882353 0.06666667 0 0.7882353 0.06666667 0 0.7882353 0.06666667 0 0.7882353 0.06666667 0 0.7882353 0.06666667 0 0.7882353 0.06666667 0 0.7882353 0.06666667 0 0.7882353 0.06666667 0 0.7882353 0.06666667 0 0.7882353 0.06666667 0 0.7882353 0.06666667 0 0.7882353 0.06666667 0 0.7882353 0.06666667 0 0.7882353 0.06666667 0 0.7882353 0.06666667 0 0.7882353 0.06666667 0 0.7882353 0.06666667 0 0.7882353 0.06666667 0 0.7882353 0.06666667 0 0.7882353 0.06666667 0 0.7882353 0.06666667 0 0.7882353 0.06666667 0 0.7882353 0.06666667 0 0.7882353 0.06666667 0 0.7882353 0.06666667 0 0.7882353 0.06666667 0 0.7882353 0.06666667 0 0.7882353 0.06666667 0 0.7882353 0.06666667 0 0.7882353 0.06666667 0 0.7882353 0.06666667 0 0.7882353 0.06666667 0 0.7882353 0.06666667 0 0.7882353 0.06666667 0 0.7882353 0.06666667 0 0.7882353 0.06666667 0 0.7882353 0.06666667 0 0.7882353 0.06666667 0 0.7882353 0.06666667 0 0.7882353 0.06666667 0 0.7882353 0.06666667 0 0.7882353 0.06666667 0 0.7882353 0.06666667 0 0.7882353 0.06666667 0 0.7882353 0.06666667 0 0.7882353 0.06666667 0 0.7882353 0.06666667 0 0.7882353 0.06666667 0 0.7882353 0.06666667 0 0.7882353 0.06666667 0 0.7882353 0.06666667 0 0.7882353 0.06666667 0 0.7882353 0.06666667 0 0.7882353 0.06666667 0 0.7882353 0.06666667 0 0.7882353 0.06666667 0 0.7882353 0.06666667 0 0.7882353 0.06666667 0 0.7882353 0.06666667 0 0.7882353 0.06666667 0 0.7882353 0.06666667 0 0.7882353 0.06666667 0 0.7882353 0.06666667 0 0.7882353 0.06666667 0 0.7882353 0.06666667 0 0.7882353 0.06666667 0 0.7882353 0.06666667 0 0.7882353 0.06666667 0 0.7882353 0.06666667 0 0.7882353 0.06666667 0 0.7882353 0.06666667 0 0.7882353 0.06666667 0 0.7882353 0.06666667 0 0.7882353 0.06666667 0 0.7882353 0.06666667 0 0.7882353 0.06666667 0 0.7882353 0.06666667 0 0.7882353 0.06666667 0 0.7882353 0.06666667 0 0.7882353 0.06666667 0 0.7882353 0.06666667 0 0.7882353 0.06666667 0 0.7882353 0.06666667 0 0.7882353 0.06666667 0 0.7882353 0.06666667 0 0.7882353 0.06666667 0 0.7882353 0.06666667 0 0.7882353 0.06666667 0 0.7882353 0.06666667 0 0.7882353 0.06666667 0 0.7882353 0.06666667 0 0.7882353 0.06666667 0 0.7882353 0.06666667 0 0.7882353 0.06666667 0 0.7882353 0.06666667 0 0.7882353 0.06666667 0 0.7882353 0.06666667 0 0.7882353 0.06666667 0 0.7882353 0.06666667 0 0.7882353 0.06666667 0 0.7882353 0.06666667 0 0.7882353 0.06666667 0 0.7882353 0.06666667 0 0.7882353 0.06666667 0 0.7882353 0.06666667 0 0.7882353 0.06666667 0 0.7882353 0.06666667 0 0.7882353 0.06666667 0 0.7882353 0.06666667 0 0.7882353 0.06666667 0 0.7882353 0.06666667 0 0.7882353 0.06666667 0 0.7882353 0.06666667 0 0.7882353 0.06666667 0 0.7882353 0.06666667 0 0.7882353 0.06666667 0 0.7882353 0.06666667 0 0.7882353 0.06666667 0 0.7882353 0.06666667 0 0.7882353 0.06666667 0 0.7882353 0.06666667 0 0.7882353 0.06666667 0 0.7882353 0.06666667 0 0.7882353 0.06666667 0 0.7882353 0.06666667 0 0.7882353 0.06666667 0 0.7882353 0.06666667 0 0.7882353 0.06666667 0 0.7882353 0.06666667 0 0.7882353 0.06666667 0 0.7882353 0.06666667 0 0.7882353 0.06666667 0 0.7882353 0.06666667 0 0.7882353 0.06666667 0 0.7882353 0.06666667 0 0.7882353 0.06666667 0 0.7882353 0.06666667 0 0.7882353 0.06666667 0 0.7882353 0.06666667 0 0.7882353 0.06666667 0 0.7882353 0.06666667 0 0.7882353 0.06666667 0 0.7882353 0.06666667 0 0.7882353 0.06666667 0 0.7882353 0.06666667 0 0.7882353 0.06666667 0 0.7882353 0.06666667 0 0.7882353 0.06666667 0 0.7882353 0.06666667 0 0.7882353 0.06666667 0 0.7882353 0.06666667 0 0.7882353 0.06666667 0 0.7882353 0.06666667 0 0.7882353 0.06666667 0 0.7882353 0.06666667 0 0.7882353 0.06666667 0 0.7882353 0.06666667 0 0.7882353 0.06666667 0 0.7882353 0.06666667 0 0.7882353 0.06666667 0 0.7882353 0.06666667 0 0.7882353 0.06666667 0 0.7882353 0.06666667 0 0.7882353 0.06666667 0 0.7882353 0.06666667 0 0.7882353 0.06666667 0 0.7882353 0.06666667 0 0.7882353 0.06666667 0 0.7882353 0.06666667 0 0.7882353 0.06666667 0 0.7882353 0.06666667 0 0.7882353 0.06666667 0 0.7882353 0.06666667 0 0.7882353 0.06666667 0 0.7882353 0.06666667 0 0.7882353 0.06666667 0 0.7882353 0.06666667 0 0.7882353 0.06666667 0 0.7882353 0.06666667 0 0.7882353 0.06666667 0 0.7882353 0.06666667 0 0.7882353 0.06666667 0 0.7882353 0.06666667 0 0.7882353 0.06666667 0 0.7882353 0.06666667 0 0.7882353 0.06666667 0 0.7882353 0.06666667 0 0.7882353 0.06666667 0 0.7882353 0.06666667 0 0.7882353 0.06666667 0 0.7882353 0.06666667 0 0.7882353 0.06666667 0 0.7882353 0.06666667 0 0.7882353 0.06666667 0 0.7882353 0.06666667 0 0.7882353 0.06666667 0 0.7882353 0.06666667 0 0.7882353 0.06666667 0 0.7882353 0.06666667 0 0.7882353 0.06666667 0 0.7882353 0.06666667 0 0.7882353 0.06666667 0 0.7882353 0.06666667 0 0.7882353 0.06666667 0 0.7882353 0.06666667 0 0.7882353 0.06666667 0 0.7882353 0.06666667 0 0.7882353 0.06666667 0 0.7882353 0.06666667 0 0.7882353 0.06666667 0 0.7882353 0.06666667 0 0.7882353 0.06666667 0 0.7882353 0.06666667 0 0.7882353 0.06666667 0 0.7882353 0.06666667 0 0.7882353 0.06666667 0 0.7882353 0.06666667 0 0.7882353 0.06666667 0 0.7882353 0.06666667 0 0.7882353 0.06666667 0 0.7882353 0.06666667 0 0.7882353 0.06666667 0 0.7882353 0.06666667 0 0.7882353 0.06666667 0 0.7882353 0.06666667 0 0.7882353 0.06666667 0 0.7882353 0.06666667 0 0.7882353 0.06666667 0 0.7882353 0.06666667 0 0.7882353 0.06666667 0 0.7882353 0.06666667 0 0.7882353 0.06666667 0 0.7882353 0.06666667 0 0.7882353 0.06666667 0 0.7882353 0.06666667 0 0.7882353 0.06666667 0 0.7882353 0.06666667 0 0.7882353 0.06666667 0 0.7882353 0.06666667 0 0.7882353 0.06666667 0 0.7882353 0.06666667 0 0.7882353 0.06666667 0 0.7882353 0.06666667 0 0.7882353 0.06666667 0 0.7882353 0.06666667 0 0.7882353 0.06666667 0 0.7882353 0.06666667 0 0.7882353 0.06666667 0 0.7882353 0.06666667 0 0.7882353 0.06666667 0 0.7882353 0.06666667 0 0.7882353 0.06666667 0 0.7882353 0.06666667 0 0.7882353 0.06666667 0 0.7882353 0.06666667 0 0.7882353 0.06666667 0 0.7882353 0.06666667 0 0.7882353 0.06666667 0 0.7882353 0.06666667 0 0.7882353 0.06666667 0 0.7882353 0.06666667 0 0.7882353 0.06666667 0 0.7882353 0.06666667 0 0.7882353 0.06666667 0 0.7882353 0.06666667 0 0.7882353 0.06666667 0 0.7882353 0.06666667 0 0.7882353 0.06666667 0 0.7882353 0.06666667 0 0.7882353 0.06666667 0 0.7882353 0.06666667 0 0.7882353 0.06666667 0 0.7882353 0.06666667 0 0.7882353 0.06666667 0 0.7882353 0.06666667 0 0.7882353 0.06666667 0 0.7882353 0.06666667 0 0.7882353 0.06666667 0 0.7882353 0.06666667 0 0.7882353 0.06666667 0 0.7882353 0.06666667 0 0.7882353 0.06666667 0 0.7882353 0.06666667 0 0.7882353 0.06666667 0 0.7882353 0.06666667 0 0.7882353 0.06666667 0 0.7882353 0.06666667 0 0.7882353 0.06666667 0 0.7882353 0.06666667 0 0.7882353 0.06666667 0 0.7882353 0.06666667 0 0.7882353 0.06666667 0 0.7882353 0.06666667 0 0.7882353 0.06666667 0 0.7882353 0.06666667 0 0.7882353 0.06666667 0 0.7882353 0.06666667 0 0.7882353 0.06666667 0 0.7882353 0.06666667 0 0.7882353 0.06666667 0 0.7882353 0.06666667 0 0.7882353 0.06666667 0 0.7882353 0.06666667 0 0.7882353 0.06666667 0 0.7882353 0.06666667 0 0.7882353 0.06666667 0 0.7882353 0.06666667 0 0.7882353 0.06666667 0 0.7882353 0.06666667 0 0.7882353 0.06666667 0 0.7882353 0.06666667 0 0.7882353 0.06666667 0 0.7882353 0.06666667 0 0.7882353 0.06666667 0 0.7882353 0.06666667 0 0.7882353 0.06666667 0 0.7882353 0.06666667 0 0.7882353 0.06666667 0 0.7882353 0.06666667 0 0.7882353 0.06666667 0 0.7882353 0.06666667 0 0.7882353 0.06666667 0 0.7882353 0.06666667 0 0.7882353 0.06666667 0 0.7882353 0.06666667 0 0.7882353 0.06666667 0 0.7882353 0.06666667 0 0.7882353 0.06666667 0 0.7882353 0.06666667 0 0.7882353 0.06666667 0 0.7882353 0.06666667 0 0.7882353 0.06666667 0 0.7882353 0.06666667 0 0.7882353 0.06666667 0 0.7882353 0.06666667 0 0.7882353 0.06666667 0 0.7882353 0.06666667 0 0.7882353 0.06666667 0 0.7882353 0.06666667 0 0.7882353 0.06666667 0 0.7882353 0.06666667 0 0.7882353 0.06666667 0 0.7882353 0.06666667 0 0.7882353 0.06666667 0 0.7882353 0.06666667 0 0.7882353 0.06666667 0 0.7882353 0.06666667 0 0.7882353 0.06666667 0 0.7882353 0.06666667 0 0.7882353 0.06666667 0 0.7882353 0.06666667 0 0.7882353 0.06666667 0 0.7882353 0.06666667 0 0.7882353 0.06666667 0 0.7882353 0.06666667 0 0.7882353 0.06666667 0 0.7882353 0.06666667 0 0.7882353 0.06666667 0 0.7882353 0.06666667 0 0.7882353 0.06666667 0 0.7882353 0.06666667 0 0.7882353 0.06666667 0 0.7882353 0.06666667 0 0.7882353 0.06666667 0 0.7882353 0.06666667 0 0.7882353 0.06666667 0 0.7882353 0.06666667 0 0.7882353 0.06666667 0 0.7882353 0.06666667 0 0.7882353 0.06666667 0 0.7882353 0.06666667 0 0.7882353 0.06666667 0 0.7882353 0.06666667 0 0.7882353 0.06666667 0 0.7882353 0.06666667 0 0.7882353 0.06666667 0 0.7882353 0.06666667 0 0.7882353 0.06666667 0 0.7882353 0.06666667 0 0.7882353 0.06666667 0 0.7882353 0.06666667 0 0.7882353 0.06666667 0 0.7882353 0.06666667 0 0.7882353 0.06666667 0 0.7882353 0.06666667 0 0.7882353 0.06666667 0 0.7882353 0.06666667 0 0.7882353 0.06666667 0 0.7882353 0.06666667 0 0.7882353 0.06666667 0 0.7882353 0.06666667 0 0.7882353 0.06666667 0 0.7882353 0.06666667 0 0.7882353 0.06666667 0 0.7882353 0.06666667 0 0.7882353 0.06666667 0 0.7882353 0.06666667 0 0.7882353 0.06666667 0 0.7882353 0.06666667 0 0.7882353 0.06666667 0 0.7882353 0.06666667 0 0.7882353 0.06666667 0 0.7882353 0.06666667 0 0.7882353 0.06666667 0 0.7882353 0.06666667 0 0.7882353 0.06666667 0 0.7882353 0.06666667 0 0.7882353 0.06666667 0 0.7882353 0.06666667 0 0.7882353 0.06666667 0 0.7882353 0.06666667 0 0.7882353 0.06666667 0 0.7882353 0.06666667 0 0.7882353 0.06666667 0 0.7882353 0.06666667 0 0.7882353 0.06666667 0 0.7882353 0.06666667 0 0.7882353 0.06666667 0 0.7882353 0.06666667 0 0.7882353 0.06666667 0 0.7882353 0.06666667 0 0.7882353 0.06666667 0 0.7882353 0.06666667 0 0.7882353 0.06666667 0 0.7882353 0.06666667 0 0.7882353 0.06666667 0 0.7882353 0.06666667 0 0.7882353 0.06666667 0 0.7882353 0.06666667 0 0.7882353 0.06666667 0 0.7882353 0.06666667 0 0.7882353 0.06666667 0 0.7882353 0.06666667 0 0.7882353 0.06666667 0 0.7882353 0.06666667 0 0.7882353 0.06666667 0 0.7882353 0.06666667 0 0.7882353 0.06666667 0 0.7882353 0.06666667 0 0.7882353 0.06666667 0 0.7882353 0.06666667 0 0.7882353 0.06666667 0 0.7882353 0.06666667 0 0.7882353 0.06666667 0 0.7882353 0.06666667 0 0.7882353 0.06666667 0 0.7882353 0.06666667 0 0.7882353 0.06666667 0 0.7882353 0.06666667 0 0.7882353 0.06666667 0 0.7882353 0.06666667 0 0.7882353 0.06666667 0 0.7882353 0.06666667 0 0.7882353 0.06666667 0 0.7882353 0.06666667 0 0.7882353 0.06666667 0 0.7882353 0.06666667 0 0.7882353 0.06666667 0 0.7882353 0.06666667 0 0.7882353 0.06666667 0 0.7882353 0.06666667 0 0.7882353 0.06666667 0 0.7882353 0.06666667 0 0.7882353 0.06666667 0 0.7882353 0.06666667 0 0.7882353 0.06666667 0 0.7882353 0.06666667 0 0.7882353 0.06666667 0 0.7882353 0.06666667 0 0.7882353 0.06666667 0 0.7882353 0.06666667 0 0.7882353 0.06666667 0 0.7882353 0.06666667 0 0.7882353 0.06666667 0 0.7882353 0.06666667 0 0.7882353 0.06666667 0 0.7882353 0.06666667 0 0.7882353 0.06666667 0 0.7882353 0.06666667 0 0.7882353 0.06666667 0 0.7882353 0.06666667 0 0.7882353 0.06666667 0 0.7882353 0.06666667 0 0.7882353 0.06666667 0 0.7882353 0.06666667 0 0.7882353 0.06666667 0 0.7882353 0.06666667 0 0.7882353 0.06666667 0 0.7882353 0.06666667 0 0.7882353 0.06666667 0 0.7882353 0.06666667 0 0.7882353 0.06666667 0 0.7882353 0.06666667 0 0.7882353 0.06666667 0 0.7882353 0.06666667 0 0.7882353 0.06666667 0 0.7882353 0.06666667 0 0.7882353 0.06666667 0 0.7882353 0.06666667 0 0.7882353 0.06666667 0 0.7882353 0.06666667 0 0.7882353 0.06666667 0 0.7882353 0.06666667 0 0.7882353 0.06666667 0 0.7882353 0.06666667 0 0.7882353 0.06666667 0 0.7882353 0.06666667 0 0.7882353 0.06666667 0 0.7882353 0.06666667 0 0.7882353 0.06666667 0 0.7882353 0.06666667 0 0.7882353 0.06666667 0 0.7882353 0.06666667 0 0.7882353 0.06666667 0 0.7882353 0.06666667 0 0.7882353 0.06666667 0 0.7882353 0.06666667 0 0.7882353 0.06666667 0 0.7882353 0.06666667 0 0.7882353 0.06666667 0 0.7882353 0.06666667 0 0.7882353 0.06666667 0 0.7882353 0.06666667 0 0.7882353 0.06666667 0 0.7882353 0.06666667 0 0.7882353 0.06666667 0 0.7882353 0.06666667 0 0.7882353 0.06666667 0 0.7882353 0.06666667 0 0.7882353 0.06666667 0 0.7882353 0.06666667 0 0.7882353 0.06666667 0 0.7882353 0.06666667 0 0.7882353 0.06666667 0 0.7882353 0.06666667 0 0.7882353 0.06666667 0 0.7882353 0.06666667 0 0.7882353 0.06666667 0 0.7882353 0.06666667 0 0.7882353 0.06666667 0 0.7882353 0.06666667 0 0.7882353 0.06666667 0 0.7882353 0.06666667 0 0.7882353 0.06666667 0 0.7882353 0.06666667 0 0.7882353 0.06666667 0 0.7882353 0.06666667 0 0.7882353 0.06666667 0 0.7882353 0.06666667 0 0.7882353 0.06666667 0 0.7882353 0.06666667 0 0.7882353 0.06666667 0 0.7882353 0.06666667 0 0.7882353 0.06666667 0 0.7882353 0.06666667 0 0.7882353 0.06666667 0 0.7882353 0.06666667 0 0.7882353 0.06666667 0 0.7882353 0.06666667 0 0.7882353 0.06666667 0 0.7882353 0.06666667 0 0.7882353 0.06666667 0 0.7882353 0.06666667 0 0.7882353 0.06666667 0 0.7882353 0.06666667 0 0.7882353 0.06666667 0 0.7882353 0.06666667 0 0.7882353 0.06666667 0 0.7882353 0.06666667 0 0.7882353 0.06666667 0 0.7882353 0.06666667 0 0.7882353 0.06666667 0 0.7882353 0.06666667 0 0.7882353 0.06666667 0 0.7882353 0.06666667 0 0.7882353 0.06666667 0 0.7882353 0.06666667 0 0.7882353 0.06666667 0 0.7882353 0.06666667 0 0.7882353 0.06666667 0 0.7882353 0.06666667 0 0.7882353 0.06666667 0 0.7882353 0.06666667 0 0.7882353 0.06666667 0 0.7882353 0.06666667 0 0.7882353 0.06666667 0 0.7882353 0.06666667 0 0.7882353 0.06666667 0 0.7882353 0.06666667 0 0.7882353 0.06666667 0 0.7882353 0.06666667 0 0.7882353 0.06666667 0 0.7882353 0.06666667 0 0.7882353 0.06666667 0 0.7882353 0.06666667 0 0.7882353 0.06666667 0 0.7882353 0.06666667 0 0.7882353 0.06666667 0 0.7882353 0.06666667 0 0.7882353 0.06666667 0 0.7882353 0.06666667 0 0.7882353 0.06666667 0 0.7882353 0.06666667 0 0.7882353 0.06666667 0 0.7882353 0.06666667 0 0.7882353 0.06666667 0 0.7882353 0.06666667 0 0.7882353 0.06666667 0 0.7882353 0.06666667 0 0.7882353 0.06666667 0 0.7882353 0.06666667 0 0.7882353 0.06666667 0 0.7882353 0.06666667 0 0.7882353 0.06666667 0 0.7882353 0.06666667 0 0.7882353 0.06666667 0 0.7882353 0.06666667 0 0.7882353 0.06666667 0 0.7882353 0.06666667 0 0.7882353 0.06666667 0 0.7882353 0.06666667 0 0.7882353 0.06666667 0 0.7882353 0.06666667 0 0.7882353 0.06666667 0 0.7882353 0.06666667 0 0.7882353 0.06666667 0 0.7882353 0.06666667 0 0.7882353 0.06666667 0 0.7882353 0.06666667 0 0.7882353 0.06666667 0 0.7882353 0.06666667 0 0.7882353 0.06666667 0 0.7882353 0.06666667 0 0.7882353 0.06666667 0 0.7882353 0.06666667 0 0.7882353 0.06666667 0 0.7882353 0.06666667 0 0.7882353 0.06666667 0 0.7882353 0.06666667 0 0.7882353 0.06666667 0 0.7882353 0.06666667 0 0.7882353 0.06666667 0 0.7882353 0.06666667 0 0.7882353 0.06666667 0 0.7882353 0.06666667 0 0.7882353 0.06666667 0 0.7882353 0.06666667 0 0.7882353 0.06666667 0 0.7882353 0.06666667 0 0.7882353 0.06666667 0 0.7882353 0.06666667 0 0.7882353 0.06666667 0 0.7882353 0.06666667 0 0.7882353 0.06666667 0 0.7882353 0.06666667 0 0.7882353 0.06666667 0 0.7882353 0.06666667 0 0.7882353 0.06666667 0 0.7882353 0.06666667 0 0.7882353 0.06666667 0 0.7882353 0.06666667 0 0.7882353 0.06666667 0 0.7882353 0.06666667 0 0.7882353 0.06666667 0 0.7882353 0.06666667 0 0.7882353 0.06666667 0 0.7882353 0.06666667 0 0.7882353 0.06666667 0 0.7882353 0.06666667 0 0.7882353 0.06666667 0 0.7882353 0.06666667 0 0.7882353 0.06666667 0 0.7882353 0.06666667 0 0.7882353 0.06666667 0 0.7882353 0.06666667 0 0.7882353 0.06666667 0 0.7882353 0.06666667 0 0.7882353 0.06666667 0 0.7882353 0.06666667 0 0.7882353 0.06666667 0 0.7882353 0.06666667 0 0.7882353 0.06666667 0 0.7882353 0.06666667 0 0.7882353 0.06666667 0 0.7882353 0.06666667 0 0.7882353 0.06666667 0 0.7882353 0.06666667 0 0.7882353 0.06666667 0 0.7882353 0.06666667 0 0.7882353 0.06666667 0 0.7882353 0.06666667 0 0.7882353 0.06666667 0 0.7882353 0.06666667 0 0.7882353 0.06666667 0 0.7882353 0.06666667 0 0.7882353 0.06666667 0 0.7882353 0.06666667 0 0.7882353 0.06666667 0 0.7882353 0.06666667 0 0.7882353 0.06666667 0 0.7882353 0.06666667 0 0.7882353 0.06666667 0 0.7882353 0.06666667 0 0.7882353 0.06666667 0 0.7882353 0.06666667 0 0.7882353 0.06666667 0 0.7882353 0.06666667 0 0.7882353 0.06666667 0 0.7882353 0.06666667 0 0.7882353 0.06666667 0 0.7882353 0.06666667 0 0.7882353 0.06666667 0 0.7882353 0.06666667 0 0.7882353 0.06666667 0 0.7882353 0.06666667 0 0.7882353 0.06666667 0 0.7882353 0.06666667 0 0.7882353 0.06666667 0 0.7882353 0.06666667 0 0.7882353 0.06666667 0 0.7882353 0.06666667 0 0.7882353 0.06666667 0 0.7882353 0.06666667 0 0.7882353 0.06666667 0 0.7882353 0.06666667 0 0.7882353 0.06666667 0 0.7882353 0.06666667 0 0.7882353 0.06666667 0 0.7882353 0.06666667 0 0.7882353 0.06666667 0 0.7882353 0.06666667 0 0.7882353 0.06666667 0 0.7882353 0.06666667 0 0.7882353 0.06666667 0 0.7882353 0.06666667 0 0.7882353 0.06666667 0 0.7882353 0.06666667 0 0.7882353 0.06666667 0 0.7882353 0.06666667 0 0.7882353 0.06666667 0 0.7882353 0.06666667 0 0.7882353 0.06666667 0 0.7882353 0.06666667 0 0.7882353 0.06666667 0 0.7882353 0.06666667 0 0.7882353 0.06666667 0 0.7882353 0.06666667 0 0.7882353 0.06666667 0 0.7882353 0.06666667 0 0.7882353 0.06666667 0 0.7882353 0.06666667 0 0.7882353 0.06666667 0 0.7882353 0.06666667 0 0.7882353 0.06666667 0 0.7882353 0.06666667 0 0.7882353 0.06666667 0 0.7882353 0.06666667 0 0.7882353 0.06666667 0 0.7882353 0.06666667 0 0.7882353 0.06666667 0 0.7882353 0.06666667 0 0.7882353 0.06666667 0 0.7882353 0.06666667 0 0.7882353 0.06666667 0 0.7882353 0.06666667 0 0.7882353 0.06666667 0 0.7882353 0.06666667 0 0.7882353 0.06666667 0 0.7882353 0.06666667 0 0.7882353 0.06666667 0 0.7882353 0.06666667 0 0.7882353 0.06666667 0 0.7882353 0.06666667 0 0.7882353 0.06666667 0 0.7882353 0.06666667 0 0.7882353 0.06666667 0 0.7882353 0.06666667 0 0.7882353 0.06666667 0 0.7882353 0.06666667 0 0.7882353 0.06666667 0 0.7882353 0.06666667 0 0.7882353 0.06666667 0 0.7882353 0.06666667 0 0.7882353 0.06666667 0 0.7882353 0.06666667 0 0.7882353 0.06666667 0 0.7882353 0.06666667 0 0.7882353 0.06666667 0 0.7882353 0.06666667 0 0.7882353 0.06666667 0 0.7882353 0.06666667 0 0.7882353 0.06666667 0 0.7882353 0.06666667 0 0.7882353 0.06666667 0 0.7882353 0.06666667 0 0.7882353 0.06666667 0 0.7882353 0.06666667 0 0.7882353 0.06666667 0 0.7882353 0.06666667 0 0.7882353 0.06666667 0 0.7882353 0.06666667 0 0.7882353 0.06666667 0 0.7882353 0.06666667 0 0.7882353 0.06666667 0 0.7882353 0.06666667 0 0.7882353 0.06666667 0 0.7882353 0.06666667 0 0.7882353 0.06666667 0 0.7882353 0.06666667 0 0.7882353 0.06666667 0 0.7882353 0.06666667 0 0.7882353 0.06666667 0 0.7882353 0.06666667 0 0.7882353 0.06666667 0 0.7882353 0.06666667 0 0.7882353 0.06666667 0 0.7882353 0.06666667 0 0.7882353 0.06666667 0 0.7882353 0.06666667 0 0.7882353 0.06666667 0 0.7882353 0.06666667 0 0.7882353 0.06666667 0 0.7882353 0.06666667 0 0.7882353 0.06666667 0 0.7882353 0.06666667 0 0.7882353 0.06666667 0 0.7882353 0.06666667 0 0.7882353 0.06666667 0 0.7882353 0.06666667 0 0.7882353 0.06666667 0 0.7882353 0.06666667 0 0.7882353 0.06666667 0 0.7882353 0.06666667 0 0.7882353 0.06666667 0 0.7882353 0.06666667 0 0.7882353 0.06666667 0 0.7882353 0.06666667 0 0.7882353 0.06666667 0 0.7882353 0.06666667 0 0.7882353 0.06666667 0 0.7882353 0.06666667 0 0.7882353 0.06666667 0 0.7882353 0.06666667 0 0.7882353 0.06666667 0 0.7882353 0.06666667 0 0.7882353 0.06666667 0 0.7882353 0.06666667 0 0.7882353 0.06666667 0 0.7882353 0.06666667 0 0.7882353 0.06666667 0 0.7882353 0.06666667 0 0.7882353 0.06666667 0 0.7882353 0.06666667 0 0.7882353 0.06666667 0 0.7882353 0.06666667 0 0.7882353 0.06666667 0 0.7882353 0.06666667 0 0.7882353 0.06666667 0 0.7882353 0.06666667 0 0.7882353 0.06666667 0 0.7882353 0.06666667 0 0.7882353 0.06666667 0 0.7882353 0.06666667 0 0.7882353 0.06666667 0 0.7882353 0.06666667 0 0.7882353 0.06666667 0 0.7882353 0.06666667 0 0.7882353 0.06666667 0 0.7882353 0.06666667 0 0.7882353 0.06666667 0 0.7882353 0.06666667 0 0.7882353 0.06666667 0 0.7882353 0.06666667 0 0.7882353 0.06666667 0 0.7882353 0.06666667 0 0.7882353 0.06666667 0 0.7882353 0.06666667 0 0.7882353 0.06666667 0 0.7882353 0.06666667 0 0.7882353 0.06666667 0 0.7882353 0.06666667 0 0.7882353 0.06666667 0 0.7882353 0.06666667 0 0.7882353 0.06666667 0 0.7882353 0.06666667 0 0.7882353 0.06666667 0 0.7882353 0.06666667 0 0.7882353 0.06666667 0 0.7882353 0.06666667 0 0.7882353 0.06666667 0 0.7882353 0.06666667 0 0.7882353 0.06666667 0 0.7882353 0.06666667 0 0.7882353 0.06666667 0 0.7882353 0.06666667 0 0.7882353 0.06666667 0 0.7882353 0.06666667 0 0.7882353 0.06666667 0 0.7882353 0.06666667 0 0.7882353 0.06666667 0 0.7882353 0.06666667 0 0.7882353 0.06666667 0 0.7882353 0.06666667 0 0.7882353 0.06666667 0 0.7882353 0.06666667 0 0.7882353 0.06666667 0 0.7882353 0.06666667 0 0.7882353 0.06666667 0 0.7882353 0.06666667 0 0.7882353 0.06666667 0 0.7882353 0.06666667 0 0.7882353 0.06666667 0 0.7882353 0.06666667 0 0.7882353 0.06666667 0 0.7882353 0.06666667 0 0.7882353 0.06666667 0 0.7882353 0.06666667 0 0.7882353 0.06666667 0 0.7882353 0.06666667 0 0.7882353 0.06666667 0 0.7882353 0.06666667 0 0.7882353 0.06666667 0 0.7882353 0.06666667 0 0.7882353 0.06666667 0 0.7882353 0.06666667 0 0.7882353 0.06666667 0 0.7882353 0.06666667 0 0.7882353 0.06666667 0 0.7882353 0.06666667 0 0.7882353 0.06666667 0 0.7882353 0.06666667 0 0.7882353 0.06666667 0 0.7882353 0.06666667 0 0.7882353 0.06666667 0 0.7882353 0.06666667 0 0.7882353 0.06666667 0 0.7882353 0.06666667 0 0.7882353 0.06666667 0 0.7882353 0.06666667 0 0.7882353 0.06666667 0 0.7882353 0.06666667 0 0.7882353 0.06666667 0 0.7882353 0.06666667 0 0.7882353 0.06666667 0 0.7882353 0.06666667 0 0.7882353 0.06666667 0 0.7882353 0.06666667 0 0.7882353 0.06666667 0 0.7882353 0.06666667 0 0.7882353 0.06666667 0 0.7882353 0.06666667 0 0.7882353 0.06666667 0 0.7882353 0.06666667 0 0.7882353 0.06666667 0 0.7882353 0.06666667 0 0.7882353 0.06666667 0 0.7882353 0.06666667 0 0.7882353 0.06666667 0 0.7882353 0.06666667 0 0.7882353 0.06666667 0 0.7882353 0.06666667 0 0.7882353 0.06666667 0 0.7882353 0.06666667 0 0.7882353 0.06666667 0 0.7882353 0.06666667 0 0.7882353 0.06666667 0 0.7882353 0.06666667 0 0.7882353 0.06666667 0 0.7882353 0.06666667 0 0.7882353 0.06666667 0 0.7882353 0.06666667 0 0.7882353 0.06666667 0 0.7882353 0.06666667 0 0.7882353 0.06666667 0 0.7882353 0.06666667 0 0.7882353 0.06666667 0 0.7882353 0.06666667 0 0.7882353 0.06666667 0 0.7882353 0.06666667 0 0.7882353 0.06666667 0 0.7882353 0.06666667 0 0.7882353 0.06666667 0 0.7882353 0.06666667 0 0.7882353 0.06666667 0 0.7882353 0.06666667 0 0.7882353 0.06666667 0 0.7882353 0.06666667 0 0.7882353 0.06666667 0 0.7882353 0.06666667 0 0.7882353 0.06666667 0 0.7882353 0.06666667 0 0.7882353 0.06666667 0 0.7882353 0.06666667 0 0.7882353 0.06666667 0 0.7882353 0.06666667 0 0.7882353 0.06666667 0 0.7882353 0.06666667 0 0.7882353 0.06666667 0 0.7882353 0.06666667 0 0.7882353 0.06666667 0 0.7882353 0.06666667 0 0.7882353 0.06666667 0 0.7882353 0.06666667 0 0.7882353 0.06666667 0 0.7882353 0.06666667 0 0.7882353 0.06666667 0 0.7882353 0.06666667 0 0.7882353 0.06666667 0 0.7882353 0.06666667 0 0.7882353 0.06666667 0 0.7882353 0.06666667 0 0.7882353 0.06666667 0 0.7882353 0.06666667 0 0.7882353 0.06666667 0 0.7882353 0.06666667 0 0.7882353 0.06666667 0 0.7882353 0.06666667 0 0.7882353 0.06666667 0 0.7882353 0.06666667 0 0.7882353 0.06666667 0 0.7882353 0.06666667 0 0.7882353 0.06666667 0 0.7882353 0.06666667 0 0.7882353 0.06666667 0 0.7882353 0.06666667 0 0.7882353 0.06666667 0 0.7882353 0.06666667 0 0.7882353 0.06666667 0 0.7882353 0.06666667 0 0.7882353 0.06666667 0 0.7882353 0.06666667 0 0.7882353 0.06666667 0 0.7882353 0.06666667 0 0.7882353 0.06666667 0 0.7882353 0.06666667 0 0.7882353 0.06666667 0 0.7882353 0.06666667 0 0.7882353 0.06666667 0 0.7882353 0.06666667 0 0.7882353 0.06666667 0 0.7882353 0.06666667 0 0.7882353 0.06666667 0 0.7882353 0.06666667 0 0.7882353 0.06666667 0 0.7882353 0.06666667 0 0.7882353 0.06666667 0 0.7882353 0.06666667 0 0.7882353 0.06666667 0 0.7882353 0.06666667 0 0.7882353 0.06666667 0 0.7882353 0.06666667 0 0.7882353 0.06666667 0 0.7882353 0.06666667 0 0.7882353 0.06666667 0 0.7882353 0.06666667 0 0.7882353 0.06666667 0 0.7882353 0.06666667 0 0.7882353 0.06666667 0 0.7882353 0.06666667 0 0.7882353 0.06666667 0 0.7882353 0.06666667 0 0.7882353 0.06666667 0 0.7882353 0.06666667 0 0.7882353 0.06666667 0 0.7882353 0.06666667 0 0.7882353 0.06666667 0 0.7882353 0.06666667 0 0.7882353 0.06666667 0 0.7882353 0.06666667 0 0.7882353 0.06666667 0 0.7882353 0.06666667 0 0.7882353 0.06666667 0 0.7882353 0.06666667 0 0.7882353 0.06666667 0 0.7882353 0.06666667 0 0.7882353 0.06666667 0 0.7882353 0.06666667 0 0.7882353 0.06666667 0 0.7882353 0.06666667 0 0.7882353 0.06666667 0 0.7882353 0.06666667 0 0.7882353 0.06666667 0 0.7882353 0.06666667 0 0.7882353 0.06666667 0 0.7882353 0.06666667 0 0.7882353 0.06666667 0 0.7882353 0.06666667 0 0.7882353 0.06666667 0 0.7882353 0.06666667 0 0.7882353 0.06666667 0 0.7882353 0.06666667 0 0.7882353 0.06666667 0 0.7882353 0.06666667 0 0.7882353 0.06666667 0 0.7882353 0.06666667 0 0.7882353 0.06666667 0 0.7882353 0.06666667 0 0.7882353 0.06666667 0 0.7882353 0.06666667 0 0.7882353 0.06666667 0 0.7882353 0.06666667 0 0.7882353 0.06666667 0 0.7882353 0.06666667 0 0.7882353 0.06666667 0 0.7882353 0.06666667 0 0.7882353 0.06666667 0 0.7882353 0.06666667 0 0.7882353 0.06666667 0 0.7882353 0.06666667 0 0.7882353 0.06666667 0 0.7882353 0.06666667 0 0.7882353 0.06666667 0 0.7882353 0.06666667 0 0.7882353 0.06666667 0 0.7882353 0.06666667 0 0.7882353 0.06666667 0 0.7882353 0.06666667 0 0.7882353 0.06666667 0 0.7882353 0.06666667 0 0.7882353 0.06666667 0 0.7882353 0.06666667 0 0.7882353 0.06666667 0 0.7882353 0.06666667 0 0.7882353 0.06666667 0 0.7882353 0.06666667 0 0.7882353 0.06666667 0 0.7882353 0.06666667 0 0.7882353 0.06666667 0 0.7882353 0.06666667 0 0.7882353 0.06666667 0 0.7882353 0.06666667 0 0.7882353 0.06666667 0 0.7882353 0.06666667 0 0.7882353 0.06666667 0 0.7882353 0.06666667 0 0.7882353 0.06666667 0 0.7882353 0.06666667 0 0.7882353 0.06666667 0 0.7882353 0.06666667 0 0.7882353 0.06666667 0 0.7882353 0.06666667 0 0.7882353 0.06666667 0 0.7882353 0.06666667 0 0.7882353 0.06666667 0 0.7882353 0.06666667 0 0.7882353 0.06666667 0 0.7882353 0.06666667 0 0.7882353 0.06666667 0 0.7882353 0.06666667 0 0.7882353 0.06666667 0 0.7882353 0.06666667 0 0.7882353 0.06666667 0 0.7882353 0.06666667 0 0.7882353 0.06666667 0 0.7882353 0.06666667 0 0.7882353 0.06666667 0 0.7882353 0.06666667 0 0.7882353 0.06666667 0 0.7882353 0.06666667 0 0.7882353 0.06666667 0 0.7882353 0.06666667 0 0.7882353 0.06666667 0 0.7882353 0.06666667 0 0.7882353 0.06666667 0 0.7882353 0.06666667 0 0.7882353 0.06666667 0 0.7882353 0.06666667 0 0.7882353 0.06666667 0 0.7882353 0.06666667 0 0.7882353 0.06666667 0 0.7882353 0.06666667 0 0.7882353 0.06666667 0 0.7882353 0.06666667 0 0.7882353 0.06666667 0 0.7882353 0.06666667 0 0.7882353 0.06666667 0 0.7882353 0.06666667 0 0.7882353 0.06666667 0 0.7882353 0.06666667 0 0.7882353 0.06666667 0 0.7882353 0.06666667 0 0.7882353 0.06666667 0 0.7882353 0.06666667 0 0.7882353 0.06666667 0 0.7882353 0.06666667 0 0.7882353 0.06666667 0 0.7882353 0.06666667 0 0.7882353 0.06666667 0 0.7882353 0.06666667 0 0.7882353 0.06666667 0 0.7882353 0.06666667 0 0.7882353 0.06666667 0 0.7882353 0.06666667 0 0.7882353 0.06666667 0 0.7882353 0.06666667 0 0.7882353 0.06666667 0 0.7882353 0.06666667 0 0.7882353 0.06666667 0 0.7882353 0.06666667 0 0.7882353 0.06666667 0 0.7882353 0.06666667 0 0.7882353 0.06666667 0 0.7882353 0.06666667 0 0.7882353 0.06666667 0 0.7882353 0.06666667 0 0.7882353 0.06666667 0 0.7882353 0.06666667 0 0.7882353 0.06666667 0 0.7882353 0.06666667 0 0.7882353 0.06666667 0 0.7882353 0.06666667 0 0.7882353 0.06666667 0 0.7882353 0.06666667 0 0.7882353 0.06666667 0 0.7882353 0.06666667 0 0.7882353 0.06666667 0 0.7882353 0.06666667 0 0.7882353 0.06666667 0 0.7882353 0.06666667 0 0.7882353 0.06666667 0 0.7882353 0.06666667 0 0.7882353 0.06666667 0 0.7882353 0.06666667 0 0.7882353 0.06666667 0 0.7882353 0.06666667 0 0.7882353 0.06666667 0 0.7882353 0.06666667 0 0.7882353 0.06666667 0 0.7882353 0.06666667 0 0.7882353 0.06666667 0 0.7882353 0.06666667 0 0.7882353 0.06666667 0 0.7882353 0.06666667 0 0.7882353 0.06666667 0 0.7882353 0.06666667 0 0.7882353 0.06666667 0 0.7882353 0.06666667 0 0.7882353 0.06666667 0 0.7882353 0.06666667 0 0.7882353 0.06666667 0 0.7882353 0.06666667 0 0.7882353 0.06666667 0 0.7882353 0.06666667 0 0.7882353 0.06666667 0 0.7882353 0.06666667 0 0.7882353 0.06666667 0 0.7882353 0.06666667 0 0.7882353 0.06666667 0 0.7882353 0.06666667 0 0.7882353 0.06666667 0 0.7882353 0.06666667 0 0.7882353 0.06666667 0 0.7882353 0.06666667 0 0.7882353 0.06666667 0 0.7882353 0.06666667 0 0.7882353 0.06666667 0 0.7882353 0.06666667 0 0.7882353 0.06666667 0 0.7882353 0.06666667 0 0.7882353 0.06666667 0 0.7882353 0.06666667 0 0.7882353 0.06666667 0 0.7882353 0.06666667 0 0.7882353 0.06666667 0 0.7882353 0.06666667 0 0.7882353 0.06666667 0 0.7882353 0.06666667 0 0.7882353 0.06666667 0 0.7882353 0.06666667 0 0.7882353 0.06666667 0 0.7882353 0.06666667 0 0.7882353 0.06666667 0 0.7882353 0.06666667 0 0.7882353 0.06666667 0 0.7882353 0.06666667 0 0.7882353 0.06666667 0 0.7882353 0.06666667 0 0.7882353 0.06666667 0 0.7882353 0.06666667 0 0.7882353 0.06666667 0 0.7882353 0.06666667 0 0.7882353 0.06666667 0 0.7882353 0.06666667 0 0.7882353 0.06666667 0 0.7882353 0.06666667 0 0.7882353 0.06666667 0 0.7882353 0.06666667 0 0.7882353 0.06666667 0 0.7882353 0.06666667 0 0.7882353 0.06666667 0 0.7882353 0.06666667 0 0.7882353 0.06666667 0 0.7882353 0.06666667 0 0.7882353 0.06666667 0 0.7882353 0.06666667 0 0.7882353 0.06666667 0 0.7882353 0.06666667 0 0.7882353 0.06666667 0 0.7882353 0.06666667 0 0.7882353 0.06666667 0 0.7882353 0.06666667 0 0.7882353 0.06666667 0 0.7882353 0.06666667 0 0.7882353 0.06666667 0 0.7882353 0.06666667 0 0.7882353 0.06666667 0 0.7882353 0.06666667 0 0.7882353 0.06666667 0 0.7882353 0.06666667 0 0.7882353 0.06666667 0 0.7882353 0.06666667 0 0.7882353 0.06666667 0 0.7882353 0.06666667 0 0.7882353 0.06666667 0 0.7882353 0.06666667 0 0.7882353 0.06666667 0 0.7882353 0.06666667 0 0.7882353 0.06666667 0 0.7882353 0.06666667 0 0.7882353 0.06666667 0 0.7882353 0.06666667 0 0.7882353 0.06666667 0 0.7882353 0.06666667 0 0.7882353 0.06666667 0 0.7882353 0.06666667 0 0.7882353 0.06666667 0 0.7882353 0.06666667 0 0.7882353 0.06666667 0 0.7882353 0.06666667 0 0.7882353 0.06666667 0 0.7882353 0.06666667 0 0.7882353 0.06666667 0 0.7882353 0.06666667 0 0.7882353 0.06666667 0 0.7882353 0.06666667 0 0.7882353 0.06666667 0 0.7882353 0.06666667 0 0.7882353 0.06666667 0 0.7882353 0.06666667 0 0.7882353 0.06666667 0 0.7882353 0.06666667 0 0.7882353 0.06666667 0 0.7882353 0.06666667 0 0.7882353 0.06666667 0 0.7882353 0.06666667 0 0.7882353 0.06666667 0 0.7882353 0.06666667 0 0.7882353 0.06666667 0 0.7882353 0.06666667 0 0.7882353 0.06666667 0 0.7882353 0.06666667 0 0.7882353 0.06666667 0 0.7882353 0.06666667 0 0.7882353 0.06666667 0 0.7882353 0.06666667 0 0.7882353 0.06666667 0 0.7882353 0.06666667 0 0.7882353 0.06666667 0 0.7882353 0.06666667 0 0.7882353 0.06666667 0 0.7882353 0.06666667 0 0.7882353 0.06666667 0 0.7882353 0.06666667 0 0.7882353 0.06666667 0 0.7882353 0.06666667 0 0.7882353 0.06666667 0 0.7882353 0.06666667 0 0.7882353 0.06666667 0 0.7882353 0.06666667 0 0.7882353 0.06666667 0 0.7882353 0.06666667 0 0.7882353 0.06666667 0 0.7882353 0.06666667 0 0.7882353 0.06666667 0 0.7882353 0.06666667 0 0.7882353 0.06666667 0 0.7882353 0.06666667 0 0.7882353 0.06666667 0 0.7882353 0.06666667 0 0.7882353 0.06666667 0 0.7882353 0.06666667 0 0.7882353 0.06666667 0 0.7882353 0.06666667 0 0.7882353 0.06666667 0 0.7882353 0.06666667 0 0.7882353 0.06666667 0 0.7882353 0.06666667 0 0.7882353 0.06666667 0 0.7882353 0.06666667 0 0.7882353 0.06666667 0 0.7882353 0.06666667 0 0.7882353 0.06666667 0 0.7882353 0.06666667 0 0.7882353 0.06666667 0 0.7882353 0.06666667 0 0.7882353 0.06666667 0 0.7882353 0.06666667 0 0.7882353 0.06666667 0 0.7882353 0.06666667 0 0.7882353 0.06666667 0 0.7882353 0.06666667 0 0.7882353 0.06666667 0 0.7882353 0.06666667 0 0.7882353 0.06666667 0 0.7882353 0.06666667 0 0.7882353 0.06666667 0 0.7882353 0.06666667 0 0.7882353 0.06666667 0 0.7882353 0.06666667 0 0.7882353 0.06666667 0 0.7882353 0.06666667 0 0.7882353 0.06666667 0 0.7882353 0.06666667 0 0.7882353 0.06666667 0 0.7882353 0.06666667 0 0.7882353 0.06666667 0 0.7882353 0.06666667 0 0.7882353 0.06666667 0 0.7882353 0.06666667 0 0.7882353 0.06666667 0 0.7882353 0.06666667 0 0.7882353 0.06666667 0 0.7882353 0.06666667 0 0.7882353 0.06666667 0 0.7882353 0.06666667 0 0.7882353 0.06666667 0 0.7882353 0.06666667 0 0.7882353 0.06666667 0 0.7882353 0.06666667 0 0.7882353 0.06666667 0 0.7882353 0.06666667 0 0.7882353 0.06666667 0 0.7882353 0.06666667 0 0.7882353 0.06666667 0 0.7882353 0.06666667 0 0.7882353 0.06666667 0 0.7882353 0.06666667 0 0.7882353 0.06666667 0 0.7882353 0.06666667 0 0.7882353 0.06666667 0 0.7882353 0.06666667 0 0.7882353 0.06666667 0 0.7882353 0.06666667 0 0.7882353 0.06666667 0 0.7882353 0.06666667 0 0.7882353 0.06666667 0 0.7882353 0.06666667 0 0.7882353 0.06666667 0 0.7882353 0.06666667 0 0.7882353 0.06666667 0 0.7882353 0.06666667 0 0.7882353 0.06666667 0 0.7882353 0.06666667 0 0.7882353 0.06666667 0 0.7882353 0.06666667 0 0.7882353 0.06666667 0 0.7882353 0.06666667 0 0.7882353 0.06666667 0 0.7882353 0.06666667 0 0.7882353 0.06666667 0 0.7882353 0.06666667 0 0.7882353 0.06666667 0 0.7882353 0.06666667 0 0.7882353 0.06666667 0 0.7882353 0.06666667 0 0.7882353 0.06666667 0 0.7882353 0.06666667 0 0.7882353 0.06666667 0 0.7882353 0.06666667 0 0.7882353 0.06666667 0 0.7882353 0.06666667 0 0.7882353 0.06666667 0 0.7882353 0.06666667 0 0.7882353 0.06666667 0 0.7882353 0.06666667 0 0.7882353 0.06666667 0 0.7882353 0.06666667 0 0.7882353 0.06666667 0 0.7882353 0.06666667 0 0.7882353 0.06666667 0 0.7882353 0.06666667 0 0.7882353 0.06666667 0 0.7882353 0.06666667 0 0.7882353 0.06666667 0 0.7882353 0.06666667 0 0.7882353 0.06666667 0 0.7882353 0.06666667 0 0.7882353 0.06666667 0 0.7882353 0.06666667 0 0.7882353 0.06666667 0 0.7882353 0.06666667 0 0.7882353 0.06666667 0 0.7882353 0.06666667 0 0.7882353 0.06666667 0 0.7882353 0.06666667 0 0.7882353 0.06666667 0 0.7882353 0.06666667 0 0.7882353 0.06666667 0 0.7882353 0.06666667 0 0.7882353 0.06666667 0 0.7882353 0.06666667 0 0.7882353 0.06666667 0 0.7882353 0.06666667 0 0.7882353 0.06666667 0 0.7882353 0.06666667 0 0.7882353 0.06666667 0 0.7882353 0.06666667 0 0.7882353 0.06666667 0 0.7882353 0.06666667 0 0.7882353 0.06666667 0 0.7882353 0.06666667 0 0.7882353 0.06666667 0 0.7882353 0.06666667 0 0.7882353 0.06666667 0 0.7882353 0.06666667 0 0.7882353 0.06666667 0 0.7882353 0.06666667 0 0.7882353 0.06666667 0 0.7882353 0.06666667 0 0.7882353 0.06666667 0 0.7882353 0.06666667 0 0.7882353 0.06666667 0 0.7882353 0.06666667 0 0.7882353 0.06666667 0 0.7882353 0.06666667 0 0.7882353 0.06666667 0 0.7882353 0.06666667 0 0.7882353 0.06666667 0 0.7882353 0.06666667 0 0.7882353 0.06666667 0 0.7882353 0.06666667 0 0.7882353 0.06666667 0 0.7882353 0.06666667 0 0.7882353 0.06666667 0 0.7882353 0.06666667 0 0.7882353 0.06666667 0 0.7882353 0.06666667 0 0.7882353 0.06666667 0 0.7882353 0.06666667 0 0.7882353 0.06666667 0 0.7882353 0.06666667 0 0.7882353 0.06666667 0 0.7882353 0.06666667 0 0.7882353 0.06666667 0 0.7882353 0.06666667 0 0.7882353 0.06666667 0 0.7882353 0.06666667 0 0.7882353 0.06666667 0 0.7882353 0.06666667 0 0.7882353 0.06666667 0 0.7882353 0.06666667 0 0.7882353 0.06666667 0 0.7882353 0.06666667 0 0.7882353 0.06666667 0 0.7882353 0.06666667 0 0.7882353 0.06666667 0 0.7882353 0.06666667 0 0.7882353 0.06666667 0 0.7882353 0.06666667 0 0.7882353 0.06666667 0 0.7882353 0.06666667 0 0.7882353 0.06666667 0 0.7882353 0.06666667 0 0.7882353 0.06666667 0 0.7882353 0.06666667 0 0.7882353 0.06666667 0 0.7882353 0.06666667 0 0.7882353 0.06666667 0 0.7882353 0.06666667 0 0.7882353 0.06666667 0 0.7882353 0.06666667 0 0.7882353 0.06666667 0 0.7882353 0.06666667 0 0.7882353 0.06666667 0 0.7882353 0.06666667 0 0.7882353 0.06666667 0 0.7882353 0.06666667 0 0.7882353 0.06666667 0 0.7882353 0.06666667 0 0.7882353 0.06666667 0 0.7882353 0.06666667 0 0.7882353 0.06666667 0 0.7882353 0.06666667 0 0.7882353 0.06666667 0 0.7882353 0.06666667 0 0.7882353 0.06666667 0 0.7882353 0.06666667 0 0.7882353 0.06666667 0 0.7882353 0.06666667 0 0.7882353 0.06666667 0 0.7882353 0.06666667 0 0.7882353 0.06666667 0 0.7882353 0.06666667 0 0.7882353 0.06666667 0 0.7882353 0.06666667 0 0.7882353 0.06666667 0 0.7882353 0.06666667 0 0.7882353 0.06666667 0 0.7882353 0.06666667 0 0.7882353 0.06666667 0 0.7882353 0.06666667 0 0.7882353 0.06666667 0 0.7882353 0.06666667 0 0.7882353 0.06666667 0 0.7882353 0.06666667 0 0.7882353 0.06666667 0 0.7882353 0.06666667 0 0.7882353 0.06666667 0 0.7882353 0.06666667 0 0.7882353 0.06666667 0 0.7882353 0.06666667 0 0.7882353 0.06666667 0 0.7882353 0.06666667 0 0.7882353 0.06666667 0 0.7882353 0.06666667 0 0.7882353 0.06666667 0 0.7882353 0.06666667 0 0.7882353 0.06666667 0 0.7882353 0.06666667 0 0.7882353 0.06666667 0 0.7882353 0.06666667 0 0.7882353 0.06666667 0 0.7882353 0.06666667 0 0.7882353 0.06666667 0 0.7882353 0.06666667 0 0.7882353 0.06666667 0 0.7882353 0.06666667 0 0.7882353 0.06666667 0 0.7882353 0.06666667 0 0.7882353 0.06666667 0 0.7882353 0.06666667 0 0.7882353 0.06666667 0 0.7882353 0.06666667 0 0.7882353 0.06666667 0 0.7882353 0.06666667 0 0.7882353 0.06666667 0 0.7882353 0.06666667 0 0.7882353 0.06666667 0 0.7882353 0.06666667 0 0.7882353 0.06666667 0 0.7882353 0.06666667 0 0.7882353 0.06666667 0 0.7882353 0.06666667 0 0.7882353 0.06666667 0 0.7882353 0.06666667 0 0.7882353 0.06666667 0 0.7882353 0.06666667 0 0.7882353 0.06666667 0 0.7882353 0.06666667 0 0.7882353 0.06666667 0 0.7882353 0.06666667 0 0.7882353 0.06666667 0 0.7882353 0.06666667 0 0.7882353 0.06666667 0 0.7882353 0.06666667 0 0.7882353 0.06666667 0 0.7882353 0.06666667 0 0.7882353 0.06666667 0 0.7882353 0.06666667 0 0.7882353 0.06666667 0 0.7882353 0.06666667 0 0.7882353 0.06666667 0 0.7882353 0.06666667 0 0.7882353 0.06666667 0 0.7882353 0.06666667 0 0.7882353 0.06666667 0 0.7882353 0.06666667 0 0.7882353 0.06666667 0 0.7882353 0.06666667 0 0.7882353 0.06666667 0 0.7882353 0.06666667 0 0.7882353 0.06666667 0 0.7882353 0.06666667 0 0.7882353 0.06666667 0 0.7882353 0.06666667 0 0.7882353 0.06666667 0 0.7882353 0.06666667 0 0.7882353 0.06666667 0 0.7882353 0.06666667 0 0.7882353 0.06666667 0 0.7882353 0.06666667 0 0.7882353 0.06666667 0 0.7882353 0.06666667 0 0.7882353 0.06666667 0 0.7882353 0.06666667 0 0.7882353 0.06666667 0 0.7882353 0.06666667 0 0.7882353 0.06666667 0 0.7882353 0.06666667 0 0.7882353 0.06666667 0 0.7882353 0.06666667 0 0.7882353 0.06666667 0 0.7882353 0.06666667 0 0.7882353 0.06666667 0 0.7882353 0.06666667 0 0.7882353 0.06666667 0 0.7882353 0.06666667 0 0.7882353 0.06666667 0 0.7882353 0.06666667 0 0.7882353 0.06666667 0 0.7882353 0.06666667 0 0.7882353 0.06666667 0 0.7882353 0.06666667 0 0.7882353 0.06666667 0 0.7882353 0.06666667 0 0.7882353 0.06666667 0 0.7882353 0.06666667 0 0.7882353 0.06666667 0 0.7882353 0.06666667 0 0.7882353 0.06666667 0 0.7882353 0.06666667 0 0.7882353 0.06666667 0 0.7882353 0.06666667 0 0.7882353 0.06666667 0 0.7882353 0.06666667 0 0.7882353 0.06666667 0 0.7882353 0.06666667 0 0.7882353 0.06666667 0 0.7882353 0.06666667 0 0.7882353 0.06666667 0 0.7882353 0.06666667 0 0.7882353 0.06666667 0 0.7882353 0.06666667 0 0.7882353 0.06666667 0 0.7882353 0.06666667 0 0.7882353 0.06666667 0 0.7882353 0.06666667 0 0.7882353 0.06666667 0 0.7882353 0.06666667 0 0.7882353 0.06666667 0 0.7882353 0.06666667 0 0.7882353 0.06666667 0 0.7882353 0.06666667 0</float_array>
          <technique_common>
            <accessor count="3615" source="#colors-array-array" stride="3">
              <param type="float" name="R"/>
              <param type="float" name="G"/>
              <param type="float" name="B"/>
            </accessor>
          </technique_common>
        </source>
        <vertices id="verts-array-vertices">
          <input semantic="POSITION" source="#verts-array"/>
        </vertices>
        <triangles count="3878" material="material0">
          <input offset="0" semantic="VERTEX" source="#verts-array-vertices"/>
          <input offset="1" semantic="NORMAL" source="#normals-array"/>
          <input offset="2" semantic="COLOR" source="#colors-array"/>
          <p>0 0 0 1 1 1 2 2 2 3 3 3 2 2 2 1 1 1 2 2 2 3 3 3 4 4 4 5 5 5 4 4 4 3 3 3 4 4 4 5 5 5 6 6 6 7 7 7 6 6 6 5 5 5 6 6 6 7 7 7 8 8 8 9 9 9 8 8 8 7 7 7 8 8 8 9 9 9 10 10 10 11 11 11 10 10 10 9 9 9 10 10 10 11 11 11 12 12 12 13 13 13 12 12 12 11 11 11 12 12 12 13 13 13 14 14 14 13 13 13 15 15 15 14 14 14 16 16 16 14 14 14 15 15 15 14 14 14 16 16 16 17 17 17 18 18 18 17 17 17 16 16 16 17 17 17 18 18 18 19 19 19 20 20 20 19 19 19 18 18 18 19 19 19 20 20 20 21 21 21 22 22 22 21 21 21 20 20 20 21 21 21 22 22 22 23 23 23 24 24 24 23 23 23 22 22 22 23 23 23 24 24 24 25 25 25 26 26 26 25 25 25 24 24 24 25 25 25 26 26 26 27 27 27 28 28 28 27 27 27 26 26 26 27 27 27 28 28 28 29 29 29 30 30 30 29 29 29 28 28 28 29 29 29 30 30 30 31 31 31 32 32 32 31 31 31 30 30 30 31 31 31 32 32 32 33 33 33 34 34 34 33 33 33 32 32 32 33 33 33 34 34 34 35 35 35 36 36 36 35 35 35 34 34 34 35 35 35 36 36 36 37 37 37 38 38 38 37 37 37 36 36 36 37 37 37 38 38 38 39 39 39 40 40 40 39 39 39 38 38 38 39 39 39 40 40 40 41 41 41 42 42 42 41 41 41 40 40 40 41 41 41 42 42 42 43 43 43 44 44 44 43 43 43 42 42 42 43 43 43 44 44 44 45 45 45 46 46 46 45 45 45 44 44 44 45 45 45 46 46 46 47 47 47 48 48 48 47 47 47 46 46 46 47 47 47 48 48 48 0 0 0 49 49 49 0 0 0 48 48 48 0 0 0 49 49 49 1 1 1 50 50 50 51 51 51 52 52 52 53 53 53 52 52 52 51 51 51 52 52 52 53 53 53 54 54 54 55 55 55 54 54 54 53 53 53 54 54 54 55 55 55 56 56 56 57 57 57 56 56 56 55 55 55 56 56 56 57 57 57 58 58 58 59 59 59 58 58 58 57 57 57 58 58 58 59 59 59 60 60 60 61 61 61 60 60 60 59 59 59 60 60 60 61 61 61 62 62 62 61 61 61 63 63 63 62 62 62 64 64 64 62 62 62 63 63 63 62 62 62 64 64 64 65 65 65 64 64 64 66 66 66 65 65 65 67 67 67 65 65 65 66 66 66 65 65 65 67 67 67 68 68 68 69 69 69 68 68 68 67 67 67 68 68 68 69 69 69 70 70 70 71 71 71 70 70 70 69 69 69 70 70 70 71 71 71 72 72 72 73 73 73 72 72 72 71 71 71 72 72 72 73 73 73 74 74 74 75 75 75 74 74 74 73 73 73 74 74 74 75 75 75 76 76 76 77 77 77 76 76 76 75 75 75 76 76 76 77 77 77 78 78 78 77 77 77 79 79 79 78 78 78 80 80 80 78 78 78 79 79 79 78 78 78 80 80 80 81 81 81 82 82 82 81 81 81 80 80 80 81 81 81 82 82 82 83 83 83 84 84 84 83 83 83 82 82 82 83 83 83 84 84 84 85 85 85 86 86 86 85 85 85 84 84 84 85 85 85 86 86 86 87 87 87 88 88 88 87 87 87 86 86 86 87 87 87 88 88 88 89 89 89 90 90 90 89 89 89 88 88 88 89 89 89 90 90 90 91 91 91 92 92 92 91 91 91 90 90 90 91 91 91 92 92 92 93 93 93 94 94 94 93 93 93 92 92 92 93 93 93 94 94 94 95 95 95 96 96 96 95 95 95 94 94 94 95 95 95 96 96 96 97 97 97 98 98 98 97 97 97 96 96 96 97 97 97 98 98 98 99 99 99 100 100 100 99 99 99 98 98 98 99 99 99 100 100 100 50 50 50 101 101 101 50 50 50 100 100 100 50 50 50 101 101 101 51 51 51 102 102 102 103 103 103 104 104 104 105 105 105 104 104 104 103 103 103 104 104 104 105 105 105 106 106 106 107 107 107 106 106 106 105 105 105 106 106 106 107 107 107 108 108 108 109 109 109 108 108 108 107 107 107 108 108 108 109 109 109 110 110 110 111 111 111 110 110 110 109 109 109 110 110 110 111 111 111 112 112 112 113 113 113 112 112 112 111 111 111 112 112 112 113 113 113 114 114 114 115 115 115 114 114 114 113 113 113 114 114 114 115 115 115 116 116 116 117 117 117 116 116 116 115 115 115 116 116 116 117 117 117 118 118 118 119 119 119 118 118 118 117 117 117 118 118 118 119 119 119 120 120 120 121 121 121 120 120 120 119 119 119 120 120 120 121 121 121 122 122 122 123 123 123 122 122 122 121 121 121 122 122 122 123 123 123 124 124 124 125 125 125 124 124 124 123 123 123 124 124 124 125 125 125 126 126 126 127 127 127 126 126 126 125 125 125 126 126 126 127 127 127 128 128 128 129 129 129 128 128 128 127 127 127 128 128 128 129 129 129 130 130 130 131 131 131 130 130 130 129 129 129 130 130 130 131 131 131 132 132 132 133 133 133 132 132 132 131 131 131 132 132 132 133 133 133 134 134 134 135 135 135 134 134 134 133 133 133 134 134 134 135 135 135 136 136 136 135 135 135 137 137 137 136 136 136 138 138 138 136 136 136 137 137 137 136 136 136 138 138 138 139 139 139 140 140 140 139 139 139 138 138 138 139 139 139 140 140 140 141 141 141 142 142 142 141 141 141 140 140 140 141 141 141 142 142 142 143 143 143 144 144 144 143 143 143 142 142 142 143 143 143 144 144 144 145 145 145 146 146 146 145 145 145 144 144 144 145 145 145 146 146 146 147 147 147 148 148 148 147 147 147 146 146 146 147 147 147 148 148 148 149 149 149 150 150 150 149 149 149 148 148 148 149 149 149 150 150 150 102 102 102 151 151 151 102 102 102 150 150 150 102 102 102 151 151 151 103 103 103 152 152 152 153 153 153 154 154 154 155 155 155 154 154 154 153 153 153 154 154 154 155 155 155 156 156 156 157 157 157 156 156 156 155 155 155 156 156 156 157 157 157 158 158 158 159 159 159 158 158 158 157 157 157 158 158 158 159 159 159 160 160 160 161 161 161 160 160 160 159 159 159 160 160 160 161 161 161 162 162 162 163 163 163 162 162 162 161 161 161 162 162 162 163 163 163 164 164 164 165 165 165 164 164 164 163 163 163 164 164 164 165 165 165 166 166 166 167 167 167 166 166 166 165 165 165 166 166 166 167 167 167 168 168 168 169 169 169 168 168 168 167 167 167 168 168 168 169 169 169 170 170 170 169 169 169 171 171 171 170 170 170 172 172 172 170 170 170 171 171 171 170 170 170 172 172 172 173 173 173 174 174 174 173 173 173 172 172 172 173 173 173 174 174 174 175 175 175 176 176 176 175 175 175 174 174 174 175 175 175 176 176 176 177 177 177 176 176 176 178 178 178 177 177 177 179 179 179 177 177 177 178 178 178 177 177 177 179 179 179 180 180 180 179 179 179 181 181 181 180 180 180 182 182 182 180 180 180 181 181 181 180 180 180 182 182 182 183 183 183 184 184 184 183 183 183 182 182 182 183 183 183 184 184 184 185 185 185 186 186 186 185 185 185 184 184 184 185 185 185 186 186 186 187 187 187 188 188 188 187 187 187 186 186 186 187 187 187 188 188 188 189 189 189 190 190 190 189 189 189 188 188 188 189 189 189 190 190 190 191 191 191 192 192 192 191 191 191 190 190 190 191 191 191 192 192 192 193 193 193 194 194 194 193 193 193 192 192 192 193 193 193 194 194 194 195 195 195 194 194 194 196 196 196 195 195 195 197 197 197 195 195 195 196 196 196 195 195 195 197 197 197 198 198 198 197 197 197 199 199 199 198 198 198 200 200 200 198 198 198 199 199 199 198 198 198 200 200 200 201 201 201 202 202 202 201 201 201 200 200 200 201 201 201 202 202 202 203 203 203 204 204 204 203 203 203 202 202 202 203 203 203 204 204 204 152 152 152 205 205 205 152 152 152 204 204 204 152 152 152 205 205 205 153 153 153 206 206 206 207 207 207 208 208 208 209 209 209 208 208 208 207 207 207 208 208 208 209 209 209 210 210 210 211 211 211 210 210 210 209 209 209 210 210 210 211 211 211 212 212 212 213 213 213 212 212 212 211 211 211 212 212 212 213 213 213 214 214 214 215 215 215 214 214 214 213 213 213 214 214 214 215 215 215 216 216 216 217 217 217 216 216 216 215 215 215 216 216 216 217 217 217 218 218 218 219 219 219 218 218 218 217 217 217 218 218 218 219 219 219 220 220 220 219 219 219 221 221 221 220 220 220 222 222 222 220 220 220 221 221 221 220 220 220 222 222 222 223 223 223 224 224 224 223 223 223 222 222 222 223 223 223 224 224 224 225 225 225 226 226 226 225 225 225 224 224 224 225 225 225 226 226 226 227 227 227 228 228 228 227 227 227 226 226 226 227 227 227 228 228 228 229 229 229 230 230 230 229 229 229 228 228 228 229 229 229 230 230 230 231 231 231 232 232 232 231 231 231 230 230 230 231 231 231 232 232 232 233 233 233 234 234 234 233 233 233 232 232 232 233 233 233 234 234 234 235 235 235 236 236 236 235 235 235 234 234 234 235 235 235 236 236 236 237 237 237 238 238 238 237 237 237 236 236 236 237 237 237 238 238 238 239 239 239 240 240 240 239 239 239 238 238 238 239 239 239 240 240 240 241 241 241 242 242 242 241 241 241 240 240 240 241 241 241 242 242 242 243 243 243 244 244 244 243 243 243 242 242 242 243 243 243 244 244 244 245 245 245 246 246 246 245 245 245 244 244 244 245 245 245 246 246 246 247 247 247 248 248 248 247 247 247 246 246 246 247 247 247 248 248 248 249 249 249 250 250 250 249 249 249 248 248 248 249 249 249 250 250 250 251 251 251 252 252 252 251 251 251 250 250 250 251 251 251 252 252 252 253 253 253 254 254 254 253 253 253 252 252 252 253 253 253 254 254 254 206 206 206 255 255 255 206 206 206 254 254 254 206 206 206 255 255 255 207 207 207 256 256 256 257 257 257 258 258 258 259 259 259 258 258 258 257 257 257 258 258 258 259 259 259 260 260 260 261 261 261 260 260 260 259 259 259 260 260 260 261 261 261 262 262 262 263 263 263 262 262 262 261 261 261 262 262 262 263 263 263 264 264 264 265 265 265 264 264 264 263 263 263 264 264 264 265 265 265 266 266 266 267 267 267 266 266 266 265 265 265 266 266 266 267 267 267 268 268 268 267 267 267 269 269 269 268 268 268 270 270 270 268 268 268 269 269 269 268 268 268 270 270 270 271 271 271 270 270 270 272 272 272 271 271 271 273 273 273 271 271 271 272 272 272 271 271 271 273 273 273 274 274 274 275 275 275 274 274 274 273 273 273 274 274 274 275 275 275 276 276 276 277 277 277 276 276 276 275 275 275 276 276 276 277 277 277 278 278 278 279 279 279 278 278 278 277 277 277 278 278 278 279 279 279 280 280 280 281 281 281 280 280 280 279 279 279 280 280 280 281 281 281 282 282 282 283 283 283 282 282 282 281 281 281 282 282 282 283 283 283 284 284 284 283 283 283 285 285 285 284 284 284 286 286 286 284 284 284 285 285 285 284 284 284 286 286 286 287 287 287 288 288 288 287 287 287 286 286 286 287 287 287 288 288 288 289 289 289 290 290 290 289 289 289 288 288 288 289 289 289 290 290 290 291 291 291 292 292 292 291 291 291 290 290 290 291 291 291 292 292 292 293 293 293 294 294 294 293 293 293 292 292 292 293 293 293 294 294 294 295 295 295 296 296 296 295 295 295 294 294 294 295 295 295 296 296 296 297 297 297 298 298 298 297 297 297 296 296 296 297 297 297 298 298 298 299 299 299 300 300 300 299 299 299 298 298 298 299 299 299 300 300 300 301 301 301 302 302 302 301 301 301 300 300 300 301 301 301 302 302 302 303 303 303 304 304 304 303 303 303 302 302 302 303 303 303 304 304 304 305 305 305 306 306 306 305 305 305 304 304 304 305 305 305 306 306 306 256 256 256 307 307 307 256 256 256 306 306 306 256 256 256 307 307 307 257 257 257 308 308 308 309 309 309 310 310 310 311 311 311 312 312 312 313 313 313 314 314 314 315 315 315 316 316 316 317 317 317 318 318 318 319 319 319 320 320 320 321 321 321 322 322 322 323 323 323 324 324 324 325 325 325 326 326 326 327 327 327 328 328 328 329 329 329 330 330 330 331 331 331 332 332 332 333 333 333 334 334 334 331 331 331 334 334 334 333 333 333 334 334 334 331 331 331 335 335 335 330 330 330 335 335 335 331 331 331 336 336 336 337 337 337 338 338 338 339 339 339 338 338 338 337 337 337 338 338 338 339 339 339 340 340 340 333 333 333 340 340 340 339 339 339 340 340 340 333 333 333 341 341 341 332 332 332 341 341 341 333 333 333 336 336 336 326 326 326 337 337 337 328 328 328 337 337 337 326 326 326 337 337 337 328 328 328 342 342 342 343 343 343 342 342 342 328 328 328 342 342 342 343 343 343 344 344 344 345 345 345 346 346 346 343 343 343 347 347 347 343 343 343 346 346 346 343 343 343 347 347 347 344 344 344 348 348 348 349 349 349 350 350 350 350 350 350 351 351 351 348 348 348 352 352 352 348 348 348 351 351 351 348 348 348 352 352 352 345 345 345 353 353 353 345 345 345 352 352 352 345 345 345 353 353 353 346 346 346 354 354 354 355 355 355 349 349 349 349 349 349 355 355 355 356 356 356 357 357 357 356 356 356 355 355 355 356 356 356 357 357 357 358 358 358 359 359 359 360 360 360 348 348 348 361 361 361 348 348 348 360 360 360 361 361 361 362 362 362 348 348 348 363 363 363 348 348 348 362 362 362 348 348 348 363 363 363 349 349 349 364 364 364 349 349 349 363 363 363 349 349 349 364 364 364 354 354 354 357 357 357 365 365 365 358 358 358 366 366 366 358 358 358 365 365 365 358 358 358 366 366 366 367 367 367 368 368 368 369 369 369 370 370 370 371 371 371 370 370 370 369 369 369 371 371 371 372 372 372 370 370 370 373 373 373 370 370 370 372 372 372 370 370 370 373 373 373 374 374 374 374 374 374 375 375 375 370 370 370 376 376 376 370 370 370 375 375 375 370 370 370 376 376 376 377 377 377 378 378 378 377 377 377 376 376 376 377 377 377 378 378 378 379 379 379 366 366 366 380 380 380 367 367 367 381 381 381 367 367 367 380 380 380 367 367 367 381 381 381 382 382 382 383 383 383 382 382 382 381 381 381 382 382 382 383 383 383 384 384 384 385 385 385 384 384 384 383 383 383 384 384 384 385 385 385 386 386 386 386 386 386 368 368 368 384 384 384 370 370 370 384 384 384 368 368 368 384 384 384 370 370 370 387 387 387 388 388 388 387 387 387 370 370 370 387 387 387 388 388 388 389 389 389 390 390 390 391 391 391 312 312 312 392 392 392 312 312 312 391 391 391 393 393 393 394 394 394 313 313 313 392 392 392 395 395 395 312 312 312 396 396 396 312 312 312 395 395 395 312 312 312 396 396 396 313 313 313 397 397 397 313 313 313 396 396 396 313 313 313 397 397 397 393 393 393 398 398 398 399 399 399 400 400 400 394 394 394 401 401 401 313 313 313 402 402 402 313 313 313 401 401 401 313 313 313 402 402 402 403 403 403 404 404 404 405 405 405 399 399 399 406 406 406 399 399 399 405 405 405 399 399 399 406 406 406 400 400 400 389 389 389 388 388 388 407 407 407 313 313 313 407 407 407 388 388 388 407 407 407 313 313 313 399 399 399 403 403 403 399 399 399 313 313 313 399 399 399 403 403 403 404 404 404 400 400 400 408 408 408 398 398 398 409 409 409 398 398 398 408 408 408 398 398 398 409 409 409 325 325 325 410 410 410 325 325 325 409 409 409 325 325 325 410 410 410 323 323 323 411 411 411 412 412 412 320 320 320 411 411 411 320 320 320 324 324 324 413 413 413 324 324 324 320 320 320 324 324 324 413 413 413 325 325 325 412 412 412 414 414 414 320 320 320 415 415 415 320 320 320 414 414 414 320 320 320 415 415 415 321 321 321 416 416 416 321 321 321 415 415 415 321 321 321 416 416 416 417 417 417 418 418 418 419 419 419 322 322 322 420 420 420 322 322 322 419 419 419 420 420 420 421 421 421 322 322 322 422 422 422 322 322 322 421 421 421 322 322 322 422 422 422 320 320 320 322 322 322 423 423 423 424 424 424 418 418 418 425 425 425 426 426 426 418 418 418 426 426 426 427 427 427 428 428 428 427 427 427 426 426 426 427 427 427 428 428 428 429 429 429 424 424 424 430 430 430 322 322 322 431 431 431 322 322 322 430 430 430 322 322 322 431 431 431 418 418 418 432 432 432 418 418 418 431 431 431 418 418 418 432 432 432 425 425 425 428 428 428 433 433 433 429 429 429 434 434 434 429 429 429 433 433 433 429 429 429 434 434 434 435 435 435 436 436 436 437 437 437 438 438 438 434 434 434 439 439 439 435 435 435 440 440 440 435 435 435 439 439 439 435 435 435 440 440 440 441 441 441 442 442 442 441 441 441 440 440 440 441 441 441 442 442 442 443 443 443 443 443 443 444 444 444 441 441 441 445 445 445 441 441 441 444 444 444 441 441 441 445 445 445 438 438 438 446 446 446 438 438 438 445 445 445 438 438 438 446 446 446 436 436 436 447 447 447 448 448 448 449 449 449 450 450 450 449 449 449 448 448 448 450 450 450 451 451 451 449 449 449 452 452 452 449 449 449 451 451 451 449 449 449 452 452 452 438 438 438 453 453 453 438 438 438 452 452 452 454 454 454 455 455 455 456 456 456 457 457 457 456 456 456 455 455 455 441 441 441 458 458 458 459 459 459 457 457 457 455 455 455 460 460 460 461 461 461 460 460 460 455 455 455 460 460 460 461 461 461 462 462 462 453 453 453 463 463 463 438 438 438 464 464 464 438 438 438 463 463 463 438 438 438 464 464 464 465 465 465 441 441 441 459 459 459 466 466 466 467 467 467 466 466 466 459 459 459 466 466 466 467 467 467 461 461 461 468 468 468 461 461 461 467 467 467 461 461 461 468 468 468 462 462 462 469 469 469 470 470 470 449 449 449 471 471 471 449 449 449 470 470 470 449 449 449 471 471 471 447 447 447 465 465 465 472 472 472 438 438 438 473 473 473 438 438 438 472 472 472 438 438 438 473 473 473 441 441 441 474 474 474 441 441 441 473 473 473 441 441 441 474 474 474 458 458 458 475 475 475 476 476 476 477 477 477 478 478 478 477 477 477 476 476 476 477 477 477 478 478 478 479 479 479 480 480 480 479 479 479 478 478 478 311 311 311 481 481 481 482 482 482 482 482 482 483 483 483 311 311 311 484 484 484 311 311 311 483 483 483 311 311 311 484 484 484 478 478 478 485 485 485 478 478 478 484 484 484 478 478 478 485 485 485 480 480 480 486 486 486 487 487 487 488 488 488 488 488 488 489 489 489 486 486 486 490 490 490 486 486 486 489 489 489 486 486 486 490 490 490 481 481 481 491 491 491 481 481 481 490 490 490 481 481 481 491 491 491 482 482 482 492 492 492 493 493 493 494 494 494 495 495 495 494 494 494 493 493 493 494 494 494 495 495 495 496 496 496 492 492 492 497 497 497 493 493 493 498 498 498 493 493 493 497 497 497 493 493 493 498 498 498 487 487 487 499 499 499 487 487 487 498 498 498 487 487 487 499 499 499 488 488 488 500 500 500 501 501 501 502 502 502 503 503 503 502 502 502 501 501 501 502 502 502 503 503 503 495 495 495 504 504 504 495 495 495 503 503 503 495 495 495 504 504 504 496 496 496 505 505 505 506 506 506 507 507 507 507 507 507 508 508 508 505 505 505 509 509 509 505 505 505 508 508 508 505 505 505 509 509 509 502 502 502 510 510 510 502 502 502 509 509 509 502 502 502 510 510 510 500 500 500 511 511 511 512 512 512 506 506 506 513 513 513 506 506 506 512 512 512 506 506 506 513 513 513 507 507 507 514 514 514 515 515 515 516 516 516 517 517 517 516 516 516 515 515 515 516 516 516 517 517 517 511 511 511 518 518 518 511 511 511 517 517 517 511 511 511 518 518 518 512 512 512 475 475 475 519 519 519 476 476 476 520 520 520 476 476 476 519 519 519 476 476 476 520 520 520 521 521 521 522 522 522 521 521 521 520 520 520 523 523 523 524 524 524 525 525 525 523 523 523 525 525 525 526 526 526 524 524 524 527 527 527 525 525 525 528 528 528 525 525 525 527 527 527 525 525 525 528 528 528 529 529 529 530 530 530 529 529 529 528 528 528 529 529 529 530 530 530 531 531 531 532 532 532 533 533 533 534 534 534 535 535 535 534 534 534 533 533 533 534 534 534 535 535 535 536 536 536 537 537 537 538 538 538 516 516 516 539 539 539 516 516 516 538 538 538 539 539 539 540 540 540 516 516 516 521 521 521 516 516 516 540 540 540 516 516 516 521 521 521 514 514 514 522 522 522 514 514 514 521 521 521 540 540 540 541 541 541 521 521 521 542 542 542 521 521 521 541 541 541 521 521 521 542 542 542 543 543 543 544 544 544 545 545 545 546 546 546 545 545 545 547 547 547 546 546 546 548 548 548 546 546 546 547 547 547 546 546 546 548 548 548 549 549 549 549 549 549 550 550 550 546 546 546 551 551 551 546 546 546 550 550 550 546 546 546 551 551 551 516 516 516 552 552 552 516 516 516 551 551 551 516 516 516 552 552 552 537 537 537 553 553 553 554 554 554 505 505 505 555 555 555 505 505 505 554 554 554 555 555 555 556 556 556 505 505 505 557 557 557 505 505 505 556 556 556 505 505 505 557 557 557 506 506 506 558 558 558 506 506 506 557 557 557 506 506 506 558 558 558 559 559 559 559 559 559 560 560 560 506 506 506 561 561 561 506 506 506 560 560 560 506 506 506 561 561 561 562 562 562 315 315 315 563 563 563 564 564 564 565 565 565 564 564 564 563 563 563 564 564 564 565 565 565 566 566 566 315 315 315 564 564 564 316 316 316 567 567 567 316 316 316 564 564 564 316 316 316 567 567 567 568 568 568 569 569 569 570 570 570 571 571 571 572 572 572 571 571 571 570 570 570 566 566 566 565 565 565 573 573 573 574 574 574 573 573 573 565 565 565 573 573 573 574 574 574 575 575 575 576 576 576 575 575 575 574 574 574 575 575 575 576 576 576 562 562 562 577 577 577 578 578 578 579 579 579 580 580 580 579 579 579 578 578 578 580 580 580 581 581 581 579 579 579 582 582 582 579 579 579 581 581 581 579 579 579 582 582 582 583 583 583 584 584 584 583 583 583 582 582 582 583 583 583 584 584 584 585 585 585 586 586 586 587 587 587 588 588 588 589 589 589 588 588 588 587 587 587 590 590 590 591 591 591 592 592 592 593 593 593 592 592 592 591 591 591 594 594 594 595 595 595 596 596 596 586 586 586 597 597 597 587 587 587 598 598 598 587 587 587 597 597 597 587 587 587 598 598 598 591 591 591 599 599 599 591 591 591 598 598 598 591 591 591 599 599 599 593 593 593 327 327 327 600 600 600 328 328 328 601 601 601 328 328 328 600 600 600 328 328 328 601 601 601 587 587 587 602 602 602 587 587 587 601 601 601 587 587 587 602 602 602 589 589 589 594 594 594 596 596 596 603 603 603 423 423 423 322 322 322 604 604 604 321 321 321 604 604 604 322 322 322 604 604 604 321 321 321 605 605 605 606 606 606 605 605 605 321 321 321 605 605 605 606 606 606 607 607 607 608 608 608 609 609 609 610 610 610 608 608 608 610 610 610 611 611 611 609 609 609 612 612 612 610 610 610 613 613 613 610 610 610 612 612 612 610 610 610 613 613 613 606 606 606 614 614 614 606 606 606 613 613 613 606 606 606 614 614 614 607 607 607 615 615 615 616 616 616 617 617 617 618 618 618 587 587 587 619 619 619 615 615 615 619 619 619 587 587 587 619 619 619 615 615 615 620 620 620 617 617 617 620 620 620 615 615 615 618 618 618 621 621 621 587 587 587 622 622 622 587 587 587 621 621 621 587 587 587 622 622 622 623 623 623 328 328 328 624 624 624 625 625 625 623 623 623 626 626 626 587 587 587 627 627 627 587 587 587 626 626 626 587 587 587 627 627 627 328 328 328 628 628 628 328 328 328 627 627 627 328 328 328 628 628 628 624 624 624 625 625 625 629 629 629 328 328 328 630 630 630 328 328 328 629 629 629 328 328 328 630 630 630 343 343 343 631 631 631 343 343 343 630 630 630 343 343 343 631 631 631 632 632 632 632 632 632 633 633 633 343 343 343 634 634 634 343 343 343 633 633 633 343 343 343 634 634 634 345 345 345 635 635 635 345 345 345 634 634 634 345 345 345 635 635 635 636 636 636 616 616 616 615 615 615 637 637 637 348 348 348 637 637 637 615 615 615 637 637 637 348 348 348 638 638 638 636 636 636 639 639 639 345 345 345 640 640 640 345 345 345 639 639 639 345 345 345 640 640 640 348 348 348 641 641 641 348 348 348 640 640 640 348 348 348 641 641 641 638 638 638 642 642 642 546 546 546 643 643 643 516 516 516 643 643 643 546 546 546 643 643 643 516 516 516 644 644 644 511 511 511 644 644 644 516 516 516 645 645 645 646 646 646 506 506 506 647 647 647 648 648 648 511 511 511 649 649 649 511 511 511 648 648 648 511 511 511 649 649 649 644 644 644 562 562 562 576 576 576 506 506 506 650 650 650 506 506 506 576 576 576 506 506 506 650 650 650 645 645 645 646 646 646 651 651 651 506 506 506 652 652 652 506 506 506 651 651 651 506 506 506 652 652 652 511 511 511 653 653 653 511 511 511 652 652 652 511 511 511 653 653 653 647 647 647 310 310 310 654 654 654 655 655 655 310 310 310 655 655 655 656 656 656 657 657 657 656 656 656 655 655 655 656 656 656 657 657 657 658 658 658 658 658 658 659 659 659 656 656 656 660 660 660 656 656 656 659 659 659 656 656 656 660 660 660 316 316 316 661 661 661 316 316 316 660 660 660 316 316 316 661 661 661 314 314 314 318 318 318 662 662 662 319 319 319 663 663 663 319 319 319 662 662 662 319 319 319 663 663 663 310 310 310 664 664 664 310 310 310 663 663 663 310 310 310 664 664 664 654 654 654 311 311 311 313 313 313 481 481 481 388 388 388 481 481 481 313 313 313 481 481 481 388 388 388 486 486 486 370 370 370 486 486 486 388 388 388 486 486 486 370 370 370 487 487 487 377 377 377 487 487 487 370 370 370 487 487 487 377 377 377 493 493 493 417 417 417 390 390 390 321 321 321 312 312 312 321 321 321 390 390 390 321 321 321 312 312 312 606 606 606 311 311 311 606 606 606 312 312 312 606 606 606 311 311 311 610 610 610 478 478 478 610 610 610 311 311 311 610 610 610 478 478 478 665 665 665 476 476 476 665 665 665 478 478 478 665 665 665 476 476 476 525 525 525 521 521 521 525 525 525 476 476 476 525 525 525 521 521 521 526 526 526 543 543 543 526 526 526 521 521 521 379 379 379 359 359 359 377 377 377 348 348 348 377 377 377 359 359 359 377 377 377 348 348 348 493 493 493 615 615 615 493 493 493 348 348 348 493 493 493 615 615 615 495 495 495 587 587 587 495 495 495 615 615 615 495 495 495 587 587 587 502 502 502 591 591 591 502 502 502 587 587 587 502 502 502 591 591 591 505 505 505 583 583 583 505 505 505 591 591 591 505 505 505 583 583 583 553 553 553 585 585 585 553 553 553 583 583 583 666 666 666 667 667 667 668 668 668 669 669 669 656 656 656 670 670 670 671 671 671 670 670 670 656 656 656 310 310 310 309 309 309 668 668 668 672 672 672 668 668 668 309 309 309 668 668 668 672 672 672 666 666 666 667 667 667 673 673 673 668 668 668 674 674 674 668 668 668 673 673 673 668 668 668 674 674 674 675 675 675 676 676 676 675 675 675 674 674 674 675 675 675 676 676 676 677 677 677 677 677 677 678 678 678 675 675 675 679 679 679 675 675 675 678 678 678 675 675 675 679 679 679 680 680 680 669 669 669 681 681 681 656 656 656 682 682 682 656 656 656 681 681 681 656 656 656 682 682 682 310 310 310 683 683 683 310 310 310 682 682 682 310 310 310 683 683 683 684 684 684 684 684 684 685 685 685 310 310 310 686 686 686 310 310 310 685 685 685 310 310 310 686 686 686 308 308 308 680 680 680 687 687 687 675 675 675 688 688 688 675 675 675 687 687 687 675 675 675 688 688 688 656 656 656 689 689 689 656 656 656 688 688 688 656 656 656 689 689 689 671 671 671 690 690 690 691 691 691 692 692 692 693 693 693 692 692 692 691 691 691 692 692 692 693 693 693 694 694 694 695 695 695 696 696 696 697 697 697 697 697 697 698 698 698 695 695 695 699 699 699 695 695 695 698 698 698 695 695 695 699 699 699 692 692 692 700 700 700 692 692 692 699 699 699 692 692 692 700 700 700 690 690 690 675 675 675 701 701 701 702 702 702 703 703 703 704 704 704 668 668 668 705 705 705 668 668 668 704 704 704 668 668 668 705 705 705 706 706 706 706 706 706 707 707 707 668 668 668 708 708 708 668 668 668 707 707 707 668 668 668 708 708 708 695 695 695 709 709 709 695 695 695 708 708 708 695 695 695 709 709 709 696 696 696 694 694 694 710 710 710 692 692 692 711 711 711 692 692 692 710 710 710 692 692 692 711 711 711 675 675 675 712 712 712 675 675 675 711 711 711 675 675 675 712 712 712 701 701 701 702 702 702 713 713 713 675 675 675 714 714 714 675 675 675 713 713 713 675 675 675 714 714 714 668 668 668 715 715 715 668 668 668 714 714 714 668 668 668 715 715 715 703 703 703 454 454 454 469 469 469 455 455 455 449 449 449 455 455 455 469 469 469 455 455 455 449 449 449 716 716 716 717 717 717 716 716 716 449 449 449 716 716 716 717 717 717 718 718 718 719 719 719 718 718 718 717 717 717 718 718 718 719 719 719 720 720 720 721 721 721 720 720 720 719 719 719 720 720 720 721 721 721 722 722 722 723 723 723 722 722 722 721 721 721 722 722 722 723 723 723 724 724 724 725 725 725 724 724 724 723 723 723 724 724 724 725 725 725 726 726 726 727 727 727 726 726 726 725 725 725 726 726 726 727 727 727 728 728 728 437 437 437 611 611 611 438 438 438 610 610 610 438 438 438 611 611 611 438 438 438 610 610 610 449 449 449 665 665 665 449 449 449 610 610 610 449 449 449 665 665 665 717 717 717 525 525 525 717 717 717 665 665 665 717 717 717 525 525 525 719 719 719 529 529 529 719 719 719 525 525 525 719 719 719 529 529 529 721 721 721 729 729 729 721 721 721 529 529 529 721 721 721 729 729 729 723 723 723 730 730 730 723 723 723 729 729 729 723 723 723 730 730 730 725 725 725 731 731 731 725 725 725 730 730 730 725 725 725 731 731 731 727 727 727 732 732 732 727 727 727 731 731 731 531 531 531 532 532 532 529 529 529 534 534 534 529 529 529 532 532 532 529 529 529 534 534 534 729 729 729 733 733 733 729 729 729 534 534 534 729 729 729 733 733 733 730 730 730 734 734 734 730 730 730 733 733 733 730 730 730 734 734 734 731 731 731 735 735 735 731 731 731 734 734 734 731 731 731 735 735 735 732 732 732 736 736 736 732 732 732 735 735 735 536 536 536 544 544 544 534 534 534 546 546 546 534 534 534 544 544 544 534 534 534 546 546 546 733 733 733 737 737 737 733 733 733 546 546 546 733 733 733 737 737 737 734 734 734 738 738 738 734 734 734 737 737 737 734 734 734 738 738 738 735 735 735 739 739 739 735 735 735 738 738 738 735 735 735 739 739 739 736 736 736 740 740 740 736 736 736 739 739 739 642 642 642 317 317 317 546 546 546 319 319 319 546 546 546 317 317 317 546 546 546 319 319 319 737 737 737 310 310 310 737 737 737 319 319 319 737 737 737 310 310 310 738 738 738 668 668 668 738 738 738 310 310 310 738 738 738 668 668 668 739 739 739 695 695 695 739 739 739 668 668 668 739 739 739 695 695 695 740 740 740 741 741 741 740 740 740 695 695 695 742 742 742 743 743 743 744 744 744 745 745 745 744 744 744 743 743 743 746 746 746 741 741 741 747 747 747 748 748 748 747 747 747 741 741 741 746 746 746 749 749 749 741 741 741 750 750 750 741 741 741 749 749 749 741 741 741 750 750 750 743 743 743 751 751 751 743 743 743 750 750 750 743 743 743 751 751 751 745 745 745 692 692 692 752 752 752 753 753 753 754 754 754 755 755 755 695 695 695 756 756 756 695 695 695 755 755 755 695 695 695 756 756 756 757 757 757 757 757 757 758 758 758 695 695 695 759 759 759 695 695 695 758 758 758 695 695 695 759 759 759 741 741 741 760 760 760 741 741 741 759 759 759 741 741 741 760 760 760 748 748 748 742 742 742 761 761 761 743 743 743 762 762 762 743 743 743 761 761 761 743 743 743 762 762 762 692 692 692 763 763 763 692 692 692 762 762 762 692 692 692 763 763 763 752 752 752 753 753 753 764 764 764 692 692 692 765 765 765 692 692 692 764 764 764 692 692 692 765 765 765 695 695 695 766 766 766 695 695 695 765 765 765 695 695 695 766 766 766 754 754 754 568 568 568 572 572 572 316 316 316 570 570 570 316 316 316 572 572 572 316 316 316 570 570 570 656 656 656 767 767 767 656 656 656 570 570 570 656 656 656 767 767 767 675 675 675 768 768 768 675 675 675 767 767 767 675 675 675 768 768 768 692 692 692 769 769 769 692 692 692 768 768 768 692 692 692 769 769 769 743 743 743 770 770 770 743 743 743 769 769 769 569 569 569 577 577 577 570 570 570 579 579 579 570 570 570 577 577 577 570 570 570 579 579 579 767 767 767 771 771 771 767 767 767 579 579 579 767 767 767 771 771 771 768 768 768 772 772 772 768 768 768 771 771 771 768 768 768 772 772 772 769 769 769 773 773 773 769 769 769 772 772 772 769 769 769 773 773 773 770 770 770 774 774 774 770 770 770 773 773 773 590 590 590 603 603 603 591 591 591 596 596 596 591 591 591 603 603 603 591 591 591 596 596 596 583 583 583 775 775 775 583 583 583 596 596 596 583 583 583 775 775 775 579 579 579 776 776 776 579 579 579 775 775 775 579 579 579 776 776 776 771 771 771 777 777 777 771 771 771 776 776 776 771 771 771 777 777 777 772 772 772 778 778 778 772 772 772 777 777 777 772 772 772 778 778 778 773 773 773 779 779 779 773 773 773 778 778 778 773 773 773 779 779 779 774 774 774 780 780 780 774 774 774 779 779 779 595 595 595 329 329 329 596 596 596 331 331 331 596 596 596 329 329 329 596 596 596 331 331 331 775 775 775 781 781 781 775 775 775 331 331 331 775 775 775 781 781 781 776 776 776 782 782 782 776 776 776 781 781 781 776 776 776 782 782 782 777 777 777 783 783 783 777 777 777 782 782 782 777 777 777 783 783 783 778 778 778 784 784 784 778 778 778 783 783 783 778 778 778 784 784 784 779 779 779 785 785 785 779 779 779 784 784 784 779 779 779 785 785 785 780 780 780 786 786 786 780 780 780 785 785 785 728 728 728 727 727 727 787 787 787 732 732 732 787 787 787 727 727 727 787 787 787 732 732 732 788 788 788 736 736 736 788 788 788 732 732 732 788 788 788 736 736 736 789 789 789 740 740 740 789 789 789 736 736 736 789 789 789 740 740 740 790 790 790 741 741 741 790 790 790 740 740 740 790 790 790 741 741 741 791 791 791 743 743 743 791 791 791 741 741 741 791 791 791 743 743 743 792 792 792 770 770 770 792 792 792 743 743 743 792 792 792 770 770 770 793 793 793 774 774 774 793 793 793 770 770 770 793 793 793 774 774 774 794 794 794 780 780 780 794 794 794 774 774 774 794 794 794 780 780 780 795 795 795 786 786 786 795 795 795 780 780 780 795 795 795 786 786 786 796 796 796 797 797 797 798 798 798 799 799 799 800 800 800 801 801 801 799 799 799 802 802 802 799 799 799 801 801 801 803 803 803 804 804 804 805 805 805 806 806 806 805 805 805 804 804 804 805 805 805 806 806 806 807 807 807 808 808 808 807 807 807 806 806 806 807 807 807 808 808 808 799 799 799 809 809 809 799 799 799 808 808 808 799 799 799 809 809 809 800 800 800 802 802 802 810 810 810 799 799 799 811 811 811 799 799 799 810 810 810 799 799 799 811 811 811 797 797 797 798 798 798 812 812 812 799 799 799 813 813 813 799 799 799 812 812 812 799 799 799 813 813 813 814 814 814 815 815 815 814 814 814 813 813 813 814 814 814 815 815 815 816 816 816 816 816 816 817 817 817 814 814 814 818 818 818 814 814 814 817 817 817 814 814 814 818 818 818 819 819 819 820 820 820 821 821 821 822 822 822 823 823 823 822 822 822 821 821 821 822 822 822 823 823 823 824 824 824 825 825 825 824 824 824 823 823 823 824 824 824 825 825 825 826 826 826 827 827 827 826 826 826 825 825 825 826 826 826 827 827 827 828 828 828 829 829 829 828 828 828 827 827 827 830 830 830 831 831 831 832 832 832 833 833 833 832 832 832 831 831 831 832 832 832 833 833 833 834 834 834 834 834 834 835 835 835 832 832 832 836 836 836 832 832 832 835 835 835 832 832 832 836 836 836 827 827 827 837 837 837 827 827 827 836 836 836 837 837 837 838 838 838 827 827 827 839 839 839 827 827 827 838 838 838 827 827 827 839 839 839 840 840 840 840 840 840 841 841 841 827 827 827 842 842 842 827 827 827 841 841 841 827 827 827 842 842 842 829 829 829 843 843 843 844 844 844 845 845 845 846 846 846 847 847 847 848 848 848 849 849 849 848 848 848 847 847 847 849 849 849 850 850 850 848 848 848 851 851 851 848 848 848 850 850 850 848 848 848 851 851 851 845 845 845 852 852 852 845 845 845 851 851 851 845 845 845 852 852 852 843 843 843 853 853 853 854 854 854 855 855 855 856 856 856 855 855 855 854 854 854 855 855 855 856 856 856 857 857 857 855 855 855 858 858 858 853 853 853 859 859 859 853 853 853 858 858 858 853 853 853 859 859 859 860 860 860 861 861 861 860 860 860 859 859 859 860 860 860 861 861 861 862 862 862 863 863 863 864 864 864 865 865 865 863 863 863 865 865 865 866 866 866 867 867 867 868 868 868 869 869 869 870 870 870 871 871 871 869 869 869 865 865 865 872 872 872 866 866 866 873 873 873 866 866 866 872 872 872 866 866 866 873 873 873 874 874 874 875 875 875 876 876 876 877 877 877 861 861 861 878 878 878 862 862 862 879 879 879 862 862 862 878 878 878 862 862 862 879 879 879 880 880 880 881 881 881 880 880 880 879 879 879 880 880 880 881 881 881 882 882 882 883 883 883 882 882 882 881 881 881 882 882 882 883 883 883 869 869 869 884 884 884 869 869 869 883 883 883 869 869 869 884 884 884 867 867 867 870 870 870 869 869 869 885 885 885 874 874 874 886 886 886 866 866 866 887 887 887 866 866 866 886 886 886 866 866 866 887 887 887 888 888 888 889 889 889 890 890 890 885 885 885 891 891 891 892 892 892 893 893 893 894 894 894 893 893 893 892 892 892 893 893 893 894 894 894 895 895 895 885 885 885 890 890 890 896 896 896 868 868 868 897 897 897 869 869 869 898 898 898 869 869 869 897 897 897 869 869 869 898 898 898 885 885 885 899 899 899 885 885 885 898 898 898 885 885 885 899 899 899 866 866 866 844 844 844 875 875 875 845 845 845 877 877 877 845 845 845 875 875 875 845 845 845 877 877 877 894 894 894 900 900 900 894 894 894 877 877 877 894 894 894 900 900 900 901 901 901 890 890 890 902 902 902 896 896 896 903 903 903 896 896 896 902 902 902 896 896 896 903 903 903 904 904 904 905 905 905 904 904 904 903 903 903 906 906 906 907 907 907 908 908 908 909 909 909 910 910 910 863 863 863 911 911 911 863 863 863 910 910 910 863 863 863 911 911 911 864 864 864 892 892 892 856 856 856 912 912 912 913 913 913 912 912 912 856 856 856 891 891 891 914 914 914 892 892 892 915 915 915 892 892 892 914 914 914 892 892 892 915 915 915 856 856 856 916 916 916 856 856 856 915 915 915 856 856 856 916 916 916 857 857 857 906 906 906 908 908 908 917 917 917 888 888 888 918 918 918 866 866 866 919 919 919 866 866 866 918 918 918 866 866 866 919 919 919 885 885 885 920 920 920 885 885 885 919 919 919 885 885 885 920 920 920 889 889 889 876 876 876 921 921 921 877 877 877 922 922 922 877 877 877 921 921 921 877 877 877 922 922 922 923 923 923 924 924 924 923 923 923 922 922 922 923 923 923 924 924 924 925 925 925 926 926 926 925 925 925 924 924 924 925 925 925 926 926 926 927 927 927 928 928 928 927 927 927 926 926 926 907 907 907 929 929 929 908 908 908 930 930 930 908 908 908 929 929 929 908 908 908 930 930 930 931 931 931 901 901 901 932 932 932 894 894 894 910 910 910 894 894 894 932 932 932 894 894 894 910 910 910 895 895 895 909 909 909 895 895 895 910 910 910 928 928 928 933 933 933 927 927 927 934 934 934 927 927 927 933 933 933 927 927 927 934 934 934 935 935 935 936 936 936 937 937 937 938 938 938 935 935 935 917 917 917 927 927 927 908 908 908 927 927 927 917 917 917 927 927 927 908 908 908 903 903 903 939 939 939 903 903 903 908 908 908 903 903 903 939 939 939 905 905 905 846 846 846 848 848 848 938 938 938 940 940 940 938 938 938 848 848 848 938 938 938 940 940 940 936 936 936 937 937 937 941 941 941 938 938 938 942 942 942 938 938 938 941 941 941 938 938 938 942 942 942 930 930 930 943 943 943 930 930 930 942 942 942 930 930 930 943 943 943 931 931 931 944 944 944 945 945 945 946 946 946 947 947 947 948 948 948 949 949 949 950 950 950 951 951 951 952 952 952 953 953 953 954 954 954 955 955 955 956 956 956 957 957 957 958 958 958 959 959 959 960 960 960 961 961 961 962 962 962 961 961 961 960 960 960 961 961 961 962 962 962 963 963 963 964 964 964 963 963 963 962 962 962 963 963 963 964 964 964 965 965 965 964 964 964 966 966 966 965 965 965 967 967 967 965 965 965 966 966 966 965 965 965 967 967 967 968 968 968 969 969 969 968 968 968 967 967 967 968 968 968 969 969 969 970 970 970 971 971 971 972 972 972 969 969 969 973 973 973 969 969 969 972 972 972 969 969 969 973 973 973 970 970 970 974 974 974 975 975 975 976 976 976 976 976 976 977 977 977 974 974 974 978 978 978 974 974 974 977 977 977 974 974 974 978 978 978 971 971 971 979 979 979 971 971 971 978 978 978 971 971 971 979 979 979 972 972 972 980 980 980 981 981 981 982 982 982 983 983 983 984 984 984 980 980 980 985 985 985 980 980 980 984 984 984 980 980 980 985 985 985 981 981 981 986 986 986 987 987 987 974 974 974 988 988 988 974 974 974 987 987 987 982 982 982 989 989 989 980 980 980 990 990 990 980 980 980 989 989 989 980 980 980 990 990 990 974 974 974 991 991 991 974 974 974 990 990 990 974 974 974 991 991 991 986 986 986 988 988 988 992 992 992 974 974 974 993 993 993 974 974 974 992 992 992 974 974 974 993 993 993 975 975 975 994 994 994 975 975 975 993 993 993 975 975 975 994 994 994 995 995 995 996 996 996 997 997 997 998 998 998 999 999 999 998 998 998 997 997 997 996 996 996 1000 1000 1000 997 997 997 1001 1001 1001 997 997 997 1000 1000 1000 997 997 997 1001 1001 1001 1002 1002 1002 995 995 995 1003 1003 1003 975 975 975 1004 1004 1004 975 975 975 1003 1003 1003 975 975 975 1004 1004 1004 1005 1005 1005 1006 1006 1006 1005 1005 1005 1004 1004 1004 1005 1005 1005 1006 1006 1006 999 999 999 1007 1007 1007 999 999 999 1006 1006 1006 999 999 999 1007 1007 1007 998 998 998 1008 1008 1008 1009 1009 1009 1010 1010 1010 1002 1002 1002 983 983 983 997 997 997 980 980 980 997 997 997 983 983 983 997 997 997 980 980 980 1011 1011 1011 1008 1008 1008 1011 1011 1011 980 980 980 1011 1011 1011 1008 1008 1008 1012 1012 1012 1010 1010 1010 1012 1012 1012 1008 1008 1008 1013 1013 1013 1014 1014 1014 1015 1015 1015 1016 1016 1016 1015 1015 1015 1014 1014 1014 1017 1017 1017 1018 1018 1018 1008 1008 1008 1019 1019 1019 1008 1008 1008 1018 1018 1018 1016 1016 1016 1020 1020 1020 1015 1015 1015 1021 1021 1021 1015 1015 1015 1020 1020 1020 1015 1015 1015 1021 1021 1021 1008 1008 1008 1022 1022 1022 1008 1008 1008 1021 1021 1021 1008 1008 1008 1022 1022 1022 1017 1017 1017 1023 1023 1023 1024 1024 1024 958 958 958 1025 1025 1025 958 958 958 1024 1024 1024 958 958 958 1025 1025 1025 956 956 956 1019 1019 1019 1026 1026 1026 1008 1008 1008 1027 1027 1027 1008 1008 1008 1026 1026 1026 1008 1008 1008 1027 1027 1027 1009 1009 1009 1028 1028 1028 1009 1009 1009 1027 1027 1027 1009 1009 1009 1028 1028 1028 1029 1029 1029 1029 1029 1029 1030 1030 1030 1009 1009 1009 1031 1031 1031 1009 1009 1009 1030 1030 1030 1009 1009 1009 1031 1031 1031 1023 1023 1023 1032 1032 1032 1023 1023 1023 1031 1031 1031 1023 1023 1023 1032 1032 1032 1024 1024 1024 1033 1033 1033 1013 1013 1013 1034 1034 1034 1035 1035 1035 1036 1036 1036 1037 1037 1037 1037 1037 1037 1038 1038 1038 1035 1035 1035 1039 1039 1039 1035 1035 1035 1038 1038 1038 1035 1035 1035 1039 1039 1039 1034 1034 1034 1040 1040 1040 1034 1034 1034 1039 1039 1039 1034 1034 1034 1040 1040 1040 1033 1033 1033 1036 1036 1036 1035 1035 1035 957 957 957 1041 1041 1041 957 957 957 1035 1035 1035 957 957 957 1041 1041 1041 958 958 958 1034 1034 1034 1042 1042 1042 1043 1043 1043 1043 1043 1043 1044 1044 1044 1034 1034 1034 1045 1045 1045 1034 1034 1034 1044 1044 1044 1034 1034 1034 1045 1045 1045 1035 1035 1035 1034 1034 1034 1046 1046 1046 1047 1047 1047 1048 1048 1048 1049 1049 1049 1042 1042 1042 1042 1042 1042 1049 1049 1049 1050 1050 1050 1051 1051 1051 1050 1050 1050 1049 1049 1049 1050 1050 1050 1051 1051 1051 1052 1052 1052 1047 1047 1047 1053 1053 1053 1034 1034 1034 1054 1054 1054 1034 1034 1034 1053 1053 1053 1034 1034 1034 1054 1054 1054 1042 1042 1042 1055 1055 1055 1042 1042 1042 1054 1054 1054 1042 1042 1042 1055 1055 1055 1048 1048 1048 1056 1056 1056 1057 1057 1057 1058 1058 1058 1051 1051 1051 1059 1059 1059 1052 1052 1052 1060 1060 1060 1052 1052 1052 1059 1059 1059 1052 1052 1052 1060 1060 1060 1061 1061 1061 1062 1062 1062 1063 1063 1063 1064 1064 1064 1065 1065 1065 1064 1064 1064 1063 1063 1063 1064 1064 1064 1065 1065 1065 1058 1058 1058 1066 1066 1066 1058 1058 1058 1065 1065 1065 1058 1058 1058 1066 1066 1066 1056 1056 1056 1060 1060 1060 1067 1067 1067 1061 1061 1061 1068 1068 1068 1061 1061 1061 1067 1067 1067 1061 1061 1061 1068 1068 1068 1064 1064 1064 1069 1069 1069 1064 1064 1064 1068 1068 1068 1064 1064 1064 1069 1069 1069 1062 1062 1062 1070 1070 1070 1071 1071 1071 1072 1072 1072 1073 1073 1073 1072 1072 1072 1071 1071 1071 1072 1072 1072 1073 1073 1073 1074 1074 1074 1075 1075 1075 1074 1074 1074 1073 1073 1073 1074 1074 1074 1075 1075 1075 1076 1076 1076 1075 1075 1075 1077 1077 1077 1076 1076 1076 1078 1078 1078 1076 1076 1076 1077 1077 1077 1076 1076 1076 1078 1078 1078 954 954 954 1079 1079 1079 955 955 955 1080 1080 1080 1081 1081 1081 1080 1080 1080 955 955 955 1082 1082 1082 1058 1058 1058 1083 1083 1083 1084 1084 1084 1083 1083 1083 1058 1058 1058 1079 1079 1079 1085 1085 1085 955 955 955 1086 1086 1086 955 955 955 1085 1085 1085 955 955 955 1086 1086 1086 1058 1058 1058 1087 1087 1087 1058 1058 1058 1086 1086 1086 1058 1058 1058 1087 1087 1087 1084 1084 1084 1078 1078 1078 1088 1088 1088 954 954 954 1089 1089 1089 954 954 954 1088 1088 1088 954 954 954 1089 1089 1089 955 955 955 1090 1090 1090 955 955 955 1089 1089 1089 955 955 955 1090 1090 1090 1081 1081 1081 1070 1070 1070 1072 1072 1072 1091 1091 1091 1092 1092 1092 1091 1091 1091 1072 1072 1072 1091 1091 1091 1092 1092 1092 1093 1093 1093 1064 1064 1064 1093 1093 1093 1092 1092 1092 1093 1093 1093 1064 1064 1064 1094 1094 1094 1082 1082 1082 1095 1095 1095 1058 1058 1058 1096 1096 1096 1058 1058 1058 1095 1095 1095 1058 1058 1058 1096 1096 1096 1064 1064 1064 1097 1097 1097 1064 1064 1064 1096 1096 1096 1064 1064 1064 1097 1097 1097 1094 1094 1094 1098 1098 1098 1099 1099 1099 955 955 955 1100 1100 1100 955 955 955 1099 1099 1099 955 955 955 1100 1100 1100 953 953 953 1101 1101 1101 1102 1102 1102 955 955 955 1103 1103 1103 955 955 955 1102 1102 1102 955 955 955 1103 1103 1103 1104 1104 1104 1104 1104 1104 1105 1105 1105 955 955 955 1106 1106 1106 955 955 955 1105 1105 1105 955 955 955 1106 1106 1106 1098 1098 1098 1107 1107 1107 1108 1108 1108 1109 1109 1109 1110 1110 1110 1109 1109 1109 1108 1108 1108 1110 1110 1110 1108 1108 1108 1111 1111 1111 1112 1112 1112 1111 1111 1111 1108 1108 1108 1111 1111 1111 1112 1112 1112 1113 1113 1113 1114 1114 1114 1115 1115 1115 1116 1116 1116 1117 1117 1117 1118 1118 1118 1119 1119 1119 1120 1120 1120 1119 1119 1119 1118 1118 1118 1119 1119 1119 1120 1120 1120 952 952 952 1121 1121 1121 952 952 952 1120 1120 1120 952 952 952 1121 1121 1121 950 950 950 949 949 949 948 948 948 1122 1122 1122 1123 1123 1123 1122 1122 1122 948 948 948 1122 1122 1122 1123 1123 1123 1124 1124 1124 959 959 959 961 961 961 1125 1125 1125 1126 1126 1126 1125 1125 1125 961 961 961 1125 1125 1125 1126 1126 1126 1127 1127 1127 1128 1128 1128 1127 1127 1127 1126 1126 1126 1127 1127 1127 1128 1128 1128 949 949 949 1129 1129 1129 949 949 949 1128 1128 1128 949 949 949 1129 1129 1129 947 947 947 1130 1130 1130 1131 1131 1131 1132 1132 1132 1132 1132 1132 1133 1133 1133 1130 1130 1130 1134 1134 1134 1130 1130 1130 1133 1133 1133 1130 1130 1130 1134 1134 1134 1135 1135 1135 1136 1136 1136 1135 1135 1135 1134 1134 1134 946 946 946 1137 1137 1137 1130 1130 1130 1138 1138 1138 1130 1130 1130 1137 1137 1137 1130 1130 1130 1138 1138 1138 1131 1131 1131 1139 1139 1139 1140 1140 1140 1141 1141 1141 1142 1142 1142 1141 1141 1141 1140 1140 1140 1141 1141 1141 1142 1142 1142 1143 1143 1143 1139 1139 1139 1144 1144 1144 1140 1140 1140 1145 1145 1145 1140 1140 1140 1144 1144 1144 1140 1140 1140 1145 1145 1145 946 946 946 1146 1146 1146 946 946 946 1145 1145 1145 946 946 946 1146 1146 1146 1137 1137 1137 1147 1147 1147 1148 1148 1148 1142 1142 1142 1149 1149 1149 1142 1142 1142 1148 1148 1148 1142 1142 1142 1149 1149 1149 1143 1143 1143 1150 1150 1150 1151 1151 1151 1152 1152 1152 1153 1153 1153 1152 1152 1152 1151 1151 1151 1152 1152 1152 1153 1153 1153 1147 1147 1147 1154 1154 1154 1147 1147 1147 1153 1153 1153 1147 1147 1147 1154 1154 1154 1148 1148 1148 1155 1155 1155 1156 1156 1156 1122 1122 1122 1157 1157 1157 1122 1122 1122 1156 1156 1156 1157 1157 1157 1158 1158 1158 1122 1122 1122 1159 1159 1159 1122 1122 1122 1158 1158 1158 1122 1122 1122 1159 1159 1159 1152 1152 1152 1160 1160 1160 1152 1152 1152 1159 1159 1159 1152 1152 1152 1160 1160 1160 1150 1150 1150 1161 1161 1161 1162 1162 1162 1163 1163 1163 1136 1136 1136 1164 1164 1164 1135 1135 1135 1165 1165 1165 1135 1135 1135 1164 1164 1164 1135 1135 1135 1165 1165 1165 1163 1163 1163 1166 1166 1166 1163 1163 1163 1165 1165 1165 1163 1163 1163 1166 1166 1166 1161 1161 1161 1162 1162 1162 1167 1167 1167 1168 1168 1168 1169 1169 1169 1168 1168 1168 1167 1167 1167 1168 1168 1168 1169 1169 1169 1155 1155 1155 1170 1170 1170 1171 1171 1171 1122 1122 1122 1172 1172 1172 1173 1173 1173 949 949 949 1174 1174 1174 949 949 949 1173 1173 1173 949 949 949 1174 1174 1174 1127 1127 1127 966 966 966 1175 1175 1175 967 967 967 1176 1176 1176 967 967 967 1175 1175 1175 967 967 967 1176 1176 1176 1177 1177 1177 1178 1178 1178 1179 1179 1179 1152 1152 1152 1180 1180 1180 1152 1152 1152 1179 1179 1179 1152 1152 1152 1180 1180 1180 1122 1122 1122 1181 1181 1181 1122 1122 1122 1180 1180 1180 1122 1122 1122 1181 1181 1181 1170 1170 1170 1182 1182 1182 1183 1183 1183 1152 1152 1152 1183 1183 1183 1184 1184 1184 1152 1152 1152 1185 1185 1185 1152 1152 1152 1184 1184 1184 1152 1152 1152 1185 1185 1185 1178 1178 1178 1171 1171 1171 1186 1186 1186 1122 1122 1122 1187 1187 1187 1122 1122 1122 1186 1186 1186 1122 1122 1122 1187 1187 1187 949 949 949 1188 1188 1188 949 949 949 1187 1187 1187 949 949 949 1188 1188 1188 1172 1172 1172 1105 1105 1105 1189 1189 1189 1106 1106 1106 1190 1190 1190 1106 1106 1106 1189 1189 1189 1106 1106 1106 1190 1190 1190 1107 1107 1107 1191 1191 1191 1107 1107 1107 1190 1190 1190 1107 1107 1107 1191 1191 1191 1108 1108 1108 1192 1192 1192 1108 1108 1108 1191 1191 1191 1108 1108 1108 1192 1192 1192 1193 1193 1193 1194 1194 1194 1195 1195 1195 1112 1112 1112 1196 1196 1196 1112 1112 1112 1195 1195 1195 1193 1193 1193 1197 1197 1197 1108 1108 1108 1198 1198 1198 1108 1108 1108 1197 1197 1197 1108 1108 1108 1198 1198 1198 1112 1112 1112 1199 1199 1199 1112 1112 1112 1198 1198 1198 1112 1112 1112 1199 1199 1199 1194 1194 1194 1200 1200 1200 1201 1201 1201 1163 1163 1163 1202 1202 1202 1203 1203 1203 1135 1135 1135 1201 1201 1201 1204 1204 1204 1163 1163 1163 1205 1205 1205 1163 1163 1163 1204 1204 1204 1163 1163 1163 1205 1205 1205 1135 1135 1135 1206 1206 1206 1135 1135 1135 1205 1205 1205 1135 1135 1135 1206 1206 1206 1202 1202 1202 1196 1196 1196 1207 1207 1207 1112 1112 1112 1208 1208 1208 1112 1112 1112 1207 1207 1207 1112 1112 1112 1208 1208 1208 1163 1163 1163 1209 1209 1209 1163 1163 1163 1208 1208 1208 1163 1163 1163 1209 1209 1209 1200 1200 1200 1114 1114 1114 1116 1116 1116 1210 1210 1210 1211 1211 1211 1210 1210 1210 1116 1116 1116 1210 1210 1210 1211 1211 1211 951 951 951 1212 1212 1212 951 951 951 1211 1211 1211 951 951 951 1212 1212 1212 952 952 952 1213 1213 1213 952 952 952 1212 1212 1212 952 952 952 1213 1213 1213 1214 1214 1214 1215 1215 1215 1216 1216 1216 1112 1112 1112 1217 1217 1217 1112 1112 1112 1216 1216 1216 1112 1112 1112 1217 1217 1217 1113 1113 1113 1218 1218 1218 1113 1113 1113 1217 1217 1217 1113 1113 1113 1218 1218 1218 1219 1219 1219 1220 1220 1220 1219 1219 1219 1218 1218 1218 1219 1219 1219 1220 1220 1220 1114 1114 1114 1221 1221 1221 1114 1114 1114 1220 1220 1220 1114 1114 1114 1221 1221 1221 1115 1115 1115 1162 1162 1162 1168 1168 1168 1163 1163 1163 1222 1222 1222 1163 1163 1163 1168 1168 1168 1163 1163 1163 1222 1222 1222 1223 1223 1223 1223 1223 1223 1224 1224 1224 1163 1163 1163 1225 1225 1225 1163 1163 1163 1224 1224 1224 1163 1163 1163 1225 1225 1225 1226 1226 1226 1226 1226 1226 1227 1227 1227 1163 1163 1163 1228 1228 1228 1163 1163 1163 1227 1227 1227 1163 1163 1163 1228 1228 1228 1112 1112 1112 1229 1229 1229 1112 1112 1112 1228 1228 1228 1112 1112 1112 1229 1229 1229 1215 1215 1215 1214 1214 1214 1230 1230 1230 952 952 952 1231 1231 1231 952 952 952 1230 1230 1230 952 952 952 1231 1231 1231 1168 1168 1168 1232 1232 1232 1168 1168 1168 1231 1231 1231 1168 1168 1168 1232 1232 1232 1233 1233 1233 1233 1233 1233 1234 1234 1234 1168 1168 1168 1235 1235 1235 1168 1168 1168 1234 1234 1234 1168 1168 1168 1235 1235 1235 1222 1222 1222 1013 1013 1013 1015 1015 1015 1034 1034 1034 1236 1236 1236 1034 1034 1034 1015 1015 1015 1034 1034 1034 1236 1236 1236 1046 1046 1046 1237 1237 1237 1238 1238 1238 1130 1130 1130 944 944 944 946 946 946 1239 1239 1239 1238 1238 1238 1240 1240 1240 1130 1130 1130 1241 1241 1241 1130 1130 1130 1240 1240 1240 1130 1130 1130 1241 1241 1241 946 946 946 1242 1242 1242 946 946 946 1241 1241 1241 946 946 946 1242 1242 1242 1239 1239 1239 1243 1243 1243 1244 1244 1244 1147 1147 1147 1245 1245 1245 1147 1147 1147 1244 1244 1244 1245 1245 1245 1246 1246 1246 1147 1147 1147 1247 1247 1247 1147 1147 1147 1246 1246 1246 1147 1147 1147 1247 1247 1247 1152 1152 1152 1248 1248 1248 1152 1152 1152 1247 1247 1247 1152 1152 1152 1248 1248 1248 1249 1249 1249 1250 1250 1250 1251 1251 1251 1152 1152 1152 967 967 967 1152 1152 1152 1251 1251 1251 1152 1152 1152 967 967 967 1182 1182 1182 1177 1177 1177 1182 1182 1182 967 967 967 1251 1251 1251 1252 1252 1252 967 967 967 1253 1253 1253 967 967 967 1252 1252 1252 967 967 967 1253 1253 1253 1254 1254 1254 1249 1249 1249 1255 1255 1255 1152 1152 1152 1256 1256 1256 1152 1152 1152 1255 1255 1255 1152 1152 1152 1256 1256 1256 1250 1250 1250 1254 1254 1254 1257 1257 1257 967 967 967 1258 1258 1258 967 967 967 1257 1257 1257 967 967 967 1258 1258 1258 969 969 969 1259 1259 1259 969 969 969 1258 1258 1258 969 969 969 1259 1259 1259 1260 1260 1260 1261 1261 1261 1243 1243 1243 974 974 974 1260 1260 1260 1262 1262 1262 969 969 969 1263 1263 1263 969 969 969 1262 1262 1262 969 969 969 1263 1263 1263 971 971 971 1264 1264 1264 971 971 971 1263 1263 1263 971 971 971 1264 1264 1264 1265 1265 1265 1265 1265 1265 1266 1266 1266 971 971 971 1267 1267 1267 971 971 971 1266 1266 1266 971 971 971 1267 1267 1267 974 974 974 1268 1268 1268 974 974 974 1267 1267 1267 974 974 974 1268 1268 1268 1261 1261 1261 1243 1243 1243 1147 1147 1147 974 974 974 1142 1142 1142 974 974 974 1147 1147 1147 974 974 974 1142 1142 1142 980 980 980 1140 1140 1140 980 980 980 1142 1142 1142 980 980 980 1140 1140 1140 1008 1008 1008 946 946 946 1008 1008 1008 1140 1140 1140 1008 1008 1008 946 946 946 1015 1015 1015 945 945 945 1015 1015 1015 946 946 946 1015 1015 1015 945 945 945 1236 1236 1236 1057 1057 1057 1237 1237 1237 1058 1058 1058 1130 1130 1130 1058 1058 1058 1237 1237 1237 1058 1058 1058 1130 1130 1130 955 955 955 1135 1135 1135 955 955 955 1130 1130 1130 955 955 955 1135 1135 1135 1101 1101 1101 1203 1203 1203 1101 1101 1101 1135 1135 1135 1269 1269 1269 1270 1270 1270 1119 1119 1119 1271 1271 1271 1119 1119 1119 1270 1270 1270 1119 1119 1119 1271 1271 1271 1272 1272 1272 1273 1273 1273 1274 1274 1274 952 952 952 1275 1275 1275 952 952 952 1274 1274 1274 1272 1272 1272 1276 1276 1276 1119 1119 1119 1122 1122 1122 1119 1119 1119 1276 1276 1276 1119 1119 1119 1122 1122 1122 1117 1117 1117 1124 1124 1124 1117 1117 1117 1122 1122 1122 1276 1276 1276 1277 1277 1277 1122 1122 1122 1278 1278 1278 1122 1122 1122 1277 1277 1277 1122 1122 1122 1278 1278 1278 1279 1279 1279 1280 1280 1280 1281 1281 1281 1168 1168 1168 1282 1282 1282 1168 1168 1168 1281 1281 1281 1168 1168 1168 1282 1282 1282 952 952 952 1283 1283 1283 952 952 952 1282 1282 1282 952 952 952 1283 1283 1283 1273 1273 1273 1155 1155 1155 1122 1122 1122 1168 1168 1168 1284 1284 1284 1168 1168 1168 1122 1122 1122 1168 1168 1168 1284 1284 1284 1285 1285 1285 1285 1285 1285 1286 1286 1286 1168 1168 1168 1287 1287 1287 1168 1168 1168 1286 1286 1286 1168 1168 1168 1287 1287 1287 1280 1280 1280 1275 1275 1275 1288 1288 1288 952 952 952 1289 1289 1289 952 952 952 1288 1288 1288 952 952 952 1289 1289 1289 1119 1119 1119 1290 1290 1290 1119 1119 1119 1289 1289 1289 1119 1119 1119 1290 1290 1290 1269 1269 1269 1279 1279 1279 1291 1291 1291 1122 1122 1122 1292 1292 1292 1122 1122 1122 1291 1291 1291 1122 1122 1122 1292 1292 1292 1284 1284 1284 1293 1293 1293 1294 1294 1294 1295 1295 1295 1296 1296 1296 1297 1297 1297 1298 1298 1298 1299 1299 1299 1300 1300 1300 1301 1301 1301 1301 1301 1301 1302 1302 1302 1299 1299 1299 1303 1303 1303 1299 1299 1299 1302 1302 1302 1299 1299 1299 1303 1303 1303 1304 1304 1304 1305 1305 1305 1304 1304 1304 1303 1303 1303 1304 1304 1304 1305 1305 1305 1306 1306 1306 1307 1307 1307 1308 1308 1308 1309 1309 1309 1300 1300 1300 1299 1299 1299 1310 1310 1310 1311 1311 1311 1310 1310 1310 1299 1299 1299 1310 1310 1310 1311 1311 1311 1312 1312 1312 1313 1313 1313 1312 1312 1312 1311 1311 1311 1312 1312 1312 1313 1313 1313 1314 1314 1314 1306 1306 1306 1315 1315 1315 1304 1304 1304 1316 1316 1316 1304 1304 1304 1315 1315 1315 1304 1304 1304 1316 1316 1316 1317 1317 1317 1318 1318 1318 1319 1319 1319 1320 1320 1320 1321 1321 1321 1320 1320 1320 1319 1319 1319 1320 1320 1320 1321 1321 1321 1313 1313 1313 1322 1322 1322 1313 1313 1313 1321 1321 1321 1313 1313 1313 1322 1322 1322 1314 1314 1314 1308 1308 1308 1323 1323 1323 1309 1309 1309 1324 1324 1324 1309 1309 1309 1323 1323 1323 1309 1309 1309 1324 1324 1324 1325 1325 1325 1325 1325 1325 1326 1326 1326 1309 1309 1309 1327 1327 1327 1309 1309 1309 1326 1326 1326 1309 1309 1309 1327 1327 1327 1320 1320 1320 1328 1328 1328 1320 1320 1320 1327 1327 1327 1320 1320 1320 1328 1328 1328 1318 1318 1318 1329 1329 1329 1330 1330 1330 1304 1304 1304 1331 1331 1331 1304 1304 1304 1330 1330 1330 1304 1304 1304 1331 1331 1331 1299 1299 1299 1332 1332 1332 1299 1299 1299 1331 1331 1331 1299 1299 1299 1332 1332 1332 1333 1333 1333 1333 1333 1333 1334 1334 1334 1299 1299 1299 1335 1335 1335 1299 1299 1299 1334 1334 1334 1299 1299 1299 1335 1335 1335 1336 1336 1336 1335 1335 1335 1337 1337 1337 1336 1336 1336 1338 1338 1338 1336 1336 1336 1337 1337 1337 1336 1336 1336 1338 1338 1338 1298 1298 1298 1339 1339 1339 1298 1298 1298 1338 1338 1338 1298 1298 1298 1339 1339 1339 1296 1296 1296 1340 1340 1340 1341 1341 1341 1342 1342 1342 1341 1341 1341 1343 1343 1343 1342 1342 1342 1344 1344 1344 1342 1342 1342 1343 1343 1343 1342 1342 1342 1344 1344 1344 1345 1345 1345 1346 1346 1346 1345 1345 1345 1344 1344 1344 1345 1345 1345 1346 1346 1346 1347 1347 1347 1340 1340 1340 1342 1342 1342 1297 1297 1297 1348 1348 1348 1297 1297 1297 1342 1342 1342 1297 1297 1297 1348 1348 1348 1298 1298 1298 1345 1345 1345 1349 1349 1349 1350 1350 1350 1350 1350 1350 1351 1351 1351 1345 1345 1345 1352 1352 1352 1345 1345 1345 1351 1351 1351 1345 1345 1345 1352 1352 1352 1342 1342 1342 1353 1353 1353 1354 1354 1354 1345 1345 1345 1353 1353 1353 1345 1345 1345 1355 1355 1355 1356 1356 1356 1349 1349 1349 1357 1357 1357 1345 1345 1345 1357 1357 1357 1349 1349 1349 1357 1357 1357 1345 1345 1345 1358 1358 1358 1354 1354 1354 1358 1358 1358 1345 1345 1345 1356 1356 1356 1359 1359 1359 1349 1349 1349 1360 1360 1360 1349 1349 1349 1359 1359 1359 1349 1349 1349 1360 1360 1360 1361 1361 1361 1362 1362 1362 1361 1361 1361 1360 1360 1360 1361 1361 1361 1362 1362 1362 1363 1363 1363 1364 1364 1364 1365 1365 1365 1366 1366 1366 1366 1366 1366 1367 1367 1367 1364 1364 1364 1368 1368 1368 1364 1364 1364 1367 1367 1367 1364 1364 1364 1368 1368 1368 1369 1369 1369 1362 1362 1362 1370 1370 1370 1363 1363 1363 1371 1371 1371 1363 1363 1363 1370 1370 1370 1363 1363 1363 1371 1371 1371 1365 1365 1365 1372 1372 1372 1365 1365 1365 1371 1371 1371 1365 1365 1365 1372 1372 1372 1366 1366 1366 1369 1369 1369 1373 1373 1373 1364 1364 1364 1374 1374 1374 1364 1364 1364 1373 1373 1373 1364 1364 1364 1374 1374 1374 1375 1375 1375 1376 1376 1376 1375 1375 1375 1374 1374 1374 1376 1376 1376 1377 1377 1377 1375 1375 1375 1378 1378 1378 1375 1375 1375 1377 1377 1377 1375 1375 1375 1378 1378 1378 1379 1379 1379 1379 1379 1379 1380 1380 1380 1375 1375 1375 1381 1381 1381 1375 1375 1375 1380 1380 1380 1375 1375 1375 1381 1381 1381 1382 1382 1382 1383 1383 1383 1382 1382 1382 1381 1381 1381 1382 1382 1382 1383 1383 1383 1384 1384 1384 1385 1385 1385 1386 1386 1386 1387 1387 1387 1388 1388 1388 1387 1387 1387 1386 1386 1386 1387 1387 1387 1388 1388 1388 1375 1375 1375 1389 1389 1389 1375 1375 1375 1388 1388 1388 1375 1375 1375 1389 1389 1389 1364 1364 1364 1390 1390 1390 1391 1391 1391 1392 1392 1392 1393 1393 1393 1392 1392 1392 1391 1391 1391 1392 1392 1392 1393 1393 1393 1394 1394 1394 1395 1395 1395 1394 1394 1394 1393 1393 1393 1396 1396 1396 1397 1397 1397 1398 1398 1398 1390 1390 1390 1399 1399 1399 1391 1391 1391 1400 1400 1400 1391 1391 1391 1399 1399 1399 1391 1391 1391 1400 1400 1400 1401 1401 1401 1402 1402 1402 1403 1403 1403 1385 1385 1385 1404 1404 1404 1385 1385 1385 1403 1403 1403 1385 1385 1385 1404 1404 1404 1395 1395 1395 1405 1405 1405 1395 1395 1395 1404 1404 1404 1395 1395 1395 1405 1405 1405 1394 1394 1394 1406 1406 1406 1407 1407 1407 1387 1387 1387 1408 1408 1408 1387 1387 1387 1407 1407 1407 1397 1397 1397 1409 1409 1409 1398 1398 1398 1410 1410 1410 1398 1398 1398 1409 1409 1409 1398 1398 1398 1410 1410 1410 1411 1411 1411 1411 1411 1411 1412 1412 1412 1398 1398 1398 1413 1413 1413 1398 1398 1398 1412 1412 1412 1398 1398 1398 1413 1413 1413 1387 1387 1387 1414 1414 1414 1387 1387 1387 1413 1413 1413 1387 1387 1387 1414 1414 1414 1406 1406 1406 1408 1408 1408 1415 1415 1415 1387 1387 1387 1416 1416 1416 1387 1387 1387 1415 1415 1415 1387 1387 1387 1416 1416 1416 1385 1385 1385 1417 1417 1417 1385 1385 1385 1416 1416 1416 1385 1385 1385 1417 1417 1417 1402 1402 1402 1401 1401 1401 1396 1396 1396 1391 1391 1391 1398 1398 1398 1391 1391 1391 1396 1396 1396 1391 1391 1391 1398 1398 1398 1418 1418 1418 1419 1419 1419 1418 1418 1418 1398 1398 1398 1294 1294 1294 1293 1293 1293 1398 1398 1398 1420 1420 1420 1398 1398 1398 1293 1293 1293 1398 1398 1398 1420 1420 1420 1419 1419 1419 1295 1295 1295 1294 1294 1294 1421 1421 1421 1422 1422 1422 1421 1421 1421 1294 1294 1294 1421 1421 1421 1422 1422 1422 1423 1423 1423 1423 1423 1423 1422 1422 1422 1424 1424 1424 1425 1425 1425 1424 1424 1424 1422 1422 1422 1424 1424 1424 1425 1425 1425 1426 1426 1426 1427 1427 1427 1428 1428 1428 1429 1429 1429 1429 1429 1429 1428 1428 1428 1430 1430 1430 1431 1431 1431 1432 1432 1432 1433 1433 1433 1434 1434 1434 1433 1433 1433 1432 1432 1432 1433 1433 1433 1434 1434 1434 1435 1435 1435 1436 1436 1436 1435 1435 1435 1434 1434 1434 1437 1437 1437 1438 1438 1438 1433 1433 1433 1439 1439 1439 1433 1433 1433 1438 1438 1438 1433 1433 1433 1439 1439 1439 1431 1431 1431 1440 1440 1440 1441 1441 1441 1442 1442 1442 1441 1441 1441 1443 1443 1443 1442 1442 1442 1444 1444 1444 1442 1442 1442 1443 1443 1443 1442 1442 1442 1444 1444 1444 1437 1437 1437 1445 1445 1445 1437 1437 1437 1444 1444 1444 1437 1437 1437 1445 1445 1445 1438 1438 1438 1446 1446 1446 1447 1447 1447 1448 1448 1448 1449 1449 1449 1450 1450 1450 1451 1451 1451 1452 1452 1452 1451 1451 1451 1450 1450 1450 1451 1451 1451 1452 1452 1452 1446 1446 1446 1453 1453 1453 1446 1446 1446 1452 1452 1452 1446 1446 1446 1453 1453 1453 1447 1447 1447 1449 1449 1449 1451 1451 1451 1454 1454 1454 1455 1455 1455 1454 1454 1454 1451 1451 1451 1454 1454 1454 1455 1455 1455 1456 1456 1456 1457 1457 1457 1458 1458 1458 1459 1459 1459 1458 1458 1458 1457 1457 1457 1460 1460 1460 1461 1461 1461 1460 1460 1460 1457 1457 1457 1460 1460 1460 1461 1461 1461 1462 1462 1462 1459 1459 1459 1463 1463 1463 1457 1457 1457 1464 1464 1464 1457 1457 1457 1463 1463 1463 1457 1457 1457 1464 1464 1464 1455 1455 1455 1465 1465 1465 1455 1455 1455 1464 1464 1464 1455 1455 1455 1465 1465 1465 1456 1456 1456 1466 1466 1466 1467 1467 1467 1461 1461 1461 1468 1468 1468 1461 1461 1461 1467 1467 1467 1461 1461 1461 1468 1468 1468 1462 1462 1462 1436 1436 1436 1469 1469 1469 1435 1435 1435 1470 1470 1470 1435 1435 1435 1469 1469 1469 1435 1435 1435 1470 1470 1470 1466 1466 1466 1471 1471 1471 1466 1466 1466 1470 1470 1470 1466 1466 1466 1471 1471 1471 1467 1467 1467 1472 1472 1472 1473 1473 1473 1451 1451 1451 1451 1451 1451 1474 1474 1474 1475 1475 1475 1472 1472 1472 1476 1476 1476 1473 1473 1473 1477 1477 1477 1473 1473 1473 1476 1476 1476 1473 1473 1473 1477 1477 1477 1478 1478 1478 1479 1479 1479 1480 1480 1480 1446 1446 1446 1481 1481 1481 1446 1446 1446 1480 1480 1480 1446 1446 1446 1481 1481 1481 1451 1451 1451 1482 1482 1482 1451 1451 1451 1481 1481 1481 1451 1451 1451 1482 1482 1482 1474 1474 1474 1475 1475 1475 1483 1483 1483 1451 1451 1451 1484 1484 1484 1451 1451 1451 1483 1483 1483 1451 1451 1451 1484 1484 1484 1472 1472 1472 1478 1478 1478 1485 1485 1485 1473 1473 1473 1486 1486 1486 1473 1473 1473 1485 1485 1485 1473 1473 1473 1486 1486 1486 1487 1487 1487 1488 1488 1488 1487 1487 1487 1486 1486 1486 1487 1487 1487 1488 1488 1488 1489 1489 1489 1490 1490 1490 1491 1491 1491 1492 1492 1492 1309 1309 1309 1493 1493 1493 1446 1446 1446 1494 1494 1494 1446 1446 1446 1493 1493 1493 1446 1446 1446 1494 1494 1494 1479 1479 1479 1489 1489 1489 1495 1495 1495 1487 1487 1487 1496 1496 1496 1487 1487 1487 1495 1495 1495 1487 1487 1487 1496 1496 1496 1492 1492 1492 1497 1497 1497 1492 1492 1492 1496 1496 1496 1492 1492 1492 1497 1497 1497 1490 1490 1490 1498 1498 1498 1499 1499 1499 1309 1309 1309 1500 1500 1500 1309 1309 1309 1499 1499 1499 1309 1309 1309 1500 1500 1500 1493 1493 1493 1428 1428 1428 1501 1501 1501 1430 1430 1430 1502 1502 1502 1430 1430 1430 1501 1501 1501 1430 1430 1430 1502 1502 1502 1503 1503 1503 1504 1504 1504 1503 1503 1503 1502 1502 1502 1503 1503 1503 1504 1504 1504 1505 1505 1505 1506 1506 1506 1507 1507 1507 1425 1425 1425 1508 1508 1508 1425 1425 1425 1507 1507 1507 1425 1425 1425 1508 1508 1508 1426 1426 1426 1509 1509 1509 1426 1426 1426 1508 1508 1508 1426 1426 1426 1509 1509 1509 1510 1510 1510 1511 1511 1511 1510 1510 1510 1509 1509 1509 1510 1510 1510 1511 1511 1511 1429 1429 1429 1512 1512 1512 1429 1429 1429 1511 1511 1511 1429 1429 1429 1512 1512 1512 1427 1427 1427 1513 1513 1513 1514 1514 1514 1457 1457 1457 1515 1515 1515 1461 1461 1461 1516 1516 1516 1517 1517 1517 1516 1516 1516 1461 1461 1461 1515 1515 1515 1518 1518 1518 1461 1461 1461 1519 1519 1519 1461 1461 1461 1518 1518 1518 1461 1461 1461 1519 1519 1519 1425 1425 1425 1520 1520 1520 1425 1425 1425 1519 1519 1519 1425 1425 1425 1520 1520 1520 1506 1506 1506 1514 1514 1514 1521 1521 1521 1457 1457 1457 1522 1522 1522 1457 1457 1457 1521 1521 1521 1457 1457 1457 1522 1522 1522 1461 1461 1461 1523 1523 1523 1461 1461 1461 1522 1522 1522 1461 1461 1461 1523 1523 1523 1517 1517 1517 1505 1505 1505 1524 1524 1524 1503 1503 1503 1525 1525 1525 1503 1503 1503 1524 1524 1524 1503 1503 1503 1525 1525 1525 1457 1457 1457 1526 1526 1526 1457 1457 1457 1525 1525 1525 1457 1457 1457 1526 1526 1526 1513 1513 1513 1527 1527 1527 1528 1528 1528 1398 1398 1398 1527 1527 1527 1398 1398 1398 1529 1529 1529 1530 1530 1530 1294 1294 1294 1531 1531 1531 1398 1398 1398 1531 1531 1531 1294 1294 1294 1531 1531 1531 1398 1398 1398 1532 1532 1532 1528 1528 1528 1532 1532 1532 1398 1398 1398 1530 1530 1530 1533 1533 1533 1294 1294 1294 1534 1534 1534 1294 1294 1294 1533 1533 1533 1294 1294 1294 1534 1534 1534 1422 1422 1422 1535 1535 1535 1422 1422 1422 1534 1534 1534 1422 1422 1422 1535 1535 1535 1536 1536 1536 1537 1537 1537 1538 1538 1538 1425 1425 1425 1539 1539 1539 1425 1425 1425 1538 1538 1538 1540 1540 1540 1461 1461 1461 1541 1541 1541 1542 1542 1542 1541 1541 1541 1461 1461 1461 1539 1539 1539 1543 1543 1543 1425 1425 1425 1544 1544 1544 1425 1425 1425 1543 1543 1543 1425 1425 1425 1544 1544 1544 1461 1461 1461 1545 1545 1545 1461 1461 1461 1544 1544 1544 1461 1461 1461 1545 1545 1545 1542 1542 1542 1536 1536 1536 1546 1546 1546 1422 1422 1422 1547 1547 1547 1422 1422 1422 1546 1546 1546 1422 1422 1422 1547 1547 1547 1425 1425 1425 1548 1548 1548 1425 1425 1425 1547 1547 1547 1425 1425 1425 1548 1548 1548 1537 1537 1537 1540 1540 1540 1549 1549 1549 1461 1461 1461 1550 1550 1550 1461 1461 1461 1549 1549 1549 1461 1461 1461 1550 1550 1550 1466 1466 1466 1551 1551 1551 1466 1466 1466 1550 1550 1550 1466 1466 1466 1551 1551 1551 1552 1552 1552 1553 1553 1553 1554 1554 1554 1437 1437 1437 1555 1555 1555 1437 1437 1437 1554 1554 1554 1555 1555 1555 1556 1556 1556 1437 1437 1437 1557 1557 1557 1437 1437 1437 1556 1556 1556 1437 1437 1437 1557 1557 1557 1442 1442 1442 1558 1558 1558 1442 1442 1442 1557 1557 1557 1558 1558 1558 1559 1559 1559 1442 1442 1442 1560 1560 1560 1442 1442 1442 1559 1559 1559 1442 1442 1442 1560 1560 1560 1304 1304 1304 1561 1561 1561 1304 1304 1304 1560 1560 1560 1304 1304 1304 1561 1561 1561 1329 1329 1329 1347 1347 1347 1562 1562 1562 1345 1345 1345 1382 1382 1382 1345 1345 1345 1562 1562 1562 1345 1345 1345 1382 1382 1382 1355 1355 1355 1384 1384 1384 1355 1355 1355 1382 1382 1382 1563 1563 1563 1564 1564 1564 1451 1451 1451 1565 1565 1565 1455 1455 1455 1566 1566 1566 1451 1451 1451 1566 1566 1566 1455 1455 1455 1566 1566 1566 1451 1451 1451 1567 1567 1567 1564 1564 1564 1567 1567 1567 1451 1451 1451 1568 1568 1568 1569 1569 1569 1570 1570 1570 1571 1571 1571 1572 1572 1572 1473 1473 1473 1573 1573 1573 1473 1473 1473 1572 1572 1572 1573 1573 1573 1574 1574 1574 1473 1473 1473 1575 1575 1575 1473 1473 1473 1574 1574 1574 1473 1473 1473 1575 1575 1575 1451 1451 1451 1576 1576 1576 1451 1451 1451 1575 1575 1575 1451 1451 1451 1576 1576 1576 1563 1563 1563 1565 1565 1565 1577 1577 1577 1455 1455 1455 1578 1578 1578 1455 1455 1455 1577 1577 1577 1455 1455 1455 1578 1578 1578 1579 1579 1579 1579 1579 1579 1580 1580 1580 1455 1455 1455 1581 1581 1581 1455 1455 1455 1580 1580 1580 1455 1455 1455 1581 1581 1581 1568 1568 1568 1582 1582 1582 1568 1568 1568 1581 1581 1581 1568 1568 1568 1582 1582 1582 1569 1569 1569 1583 1583 1583 1584 1584 1584 1585 1585 1585 1586 1586 1586 1587 1587 1587 1588 1588 1588 1584 1584 1584 1589 1589 1589 1585 1585 1585 1590 1590 1590 1585 1585 1585 1589 1589 1589 1585 1585 1585 1590 1590 1590 1586 1586 1586 1591 1591 1591 1586 1586 1586 1590 1590 1590 1586 1586 1586 1591 1591 1591 1587 1587 1587 1320 1320 1320 1592 1592 1592 1309 1309 1309 1492 1492 1492 1309 1309 1309 1592 1592 1592 1309 1309 1309 1492 1492 1492 1498 1498 1498 1491 1491 1491 1498 1498 1498 1492 1492 1492 1317 1317 1317 1307 1307 1307 1304 1304 1304 1309 1309 1309 1304 1304 1304 1307 1307 1307 1304 1304 1304 1309 1309 1309 1442 1442 1442 1446 1446 1446 1442 1442 1442 1309 1309 1309 1442 1442 1442 1446 1446 1446 1440 1440 1440 1448 1448 1448 1440 1440 1440 1446 1446 1446 1592 1592 1592 1593 1593 1593 1492 1492 1492 1594 1594 1594 1492 1492 1492 1593 1593 1593 1492 1492 1492 1594 1594 1594 1487 1487 1487 1595 1595 1595 1487 1487 1487 1594 1594 1594 1487 1487 1487 1595 1595 1595 1473 1473 1473 1586 1586 1586 1473 1473 1473 1595 1595 1595 1473 1473 1473 1586 1586 1586 1571 1571 1571 1588 1588 1588 1571 1571 1571 1586 1586 1586 1562 1562 1562 1553 1553 1553 1382 1382 1382 1437 1437 1437 1382 1382 1382 1553 1553 1553 1382 1382 1382 1437 1437 1437 1375 1375 1375 1433 1433 1433 1375 1375 1375 1437 1437 1437 1375 1375 1375 1433 1433 1433 1387 1387 1387 1435 1435 1435 1387 1387 1387 1433 1433 1433 1387 1387 1387 1435 1435 1435 1398 1398 1398 1466 1466 1466 1398 1398 1398 1435 1435 1435 1398 1398 1398 1466 1466 1466 1529 1529 1529 1552 1552 1552 1529 1529 1529 1466 1466 1466 1596 1596 1596 1597 1597 1597 1598 1598 1598 1599 1599 1599 1600 1600 1600 1455 1455 1455 1601 1601 1601 1455 1455 1455 1600 1600 1600 1602 1602 1602 1603 1603 1603 1457 1457 1457 1604 1604 1604 1457 1457 1457 1603 1603 1603 1457 1457 1457 1604 1604 1604 1605 1605 1605 1606 1606 1606 1607 1607 1607 1598 1598 1598 1608 1608 1608 1598 1598 1598 1607 1607 1607 1598 1598 1598 1608 1608 1608 1596 1596 1596 1601 1601 1601 1609 1609 1609 1455 1455 1455 1610 1610 1610 1455 1455 1455 1609 1609 1609 1455 1455 1455 1610 1610 1610 1457 1457 1457 1611 1611 1611 1457 1457 1457 1610 1610 1610 1457 1457 1457 1611 1611 1611 1602 1602 1602 1612 1612 1612 1568 1568 1568 1613 1613 1613 1598 1598 1598 1613 1613 1613 1568 1568 1568 1613 1613 1613 1598 1598 1598 1614 1614 1614 1597 1597 1597 1614 1614 1614 1598 1598 1598 1612 1612 1612 1615 1615 1615 1568 1568 1568 1616 1616 1616 1568 1568 1568 1615 1615 1615 1568 1568 1568 1616 1616 1616 1617 1617 1617 1617 1617 1617 1618 1618 1618 1568 1568 1568 1619 1619 1619 1568 1568 1568 1618 1618 1618 1568 1568 1568 1619 1619 1619 1455 1455 1455 1620 1620 1620 1455 1455 1455 1619 1619 1619 1455 1455 1455 1620 1620 1620 1599 1599 1599 1605 1605 1605 1606 1606 1606 1457 1457 1457 1598 1598 1598 1457 1457 1457 1606 1606 1606 1457 1457 1457 1598 1598 1598 1503 1503 1503 1621 1621 1621 1503 1503 1503 1598 1598 1598 1503 1503 1503 1621 1621 1621 1430 1430 1430 1622 1622 1622 1430 1430 1430 1621 1621 1621 1570 1570 1570 1583 1583 1583 1568 1568 1568 1585 1585 1585 1568 1568 1568 1583 1583 1583 1568 1568 1568 1585 1585 1585 1598 1598 1598 1623 1623 1623 1598 1598 1598 1585 1585 1585 1598 1598 1598 1623 1623 1623 1621 1621 1621 1624 1624 1624 1621 1621 1621 1623 1623 1623 1621 1621 1621 1624 1624 1624 1622 1622 1622 1625 1625 1625 1622 1622 1622 1624 1624 1624 1626 1626 1626 1627 1627 1627 1628 1628 1628 1629 1629 1629 1630 1630 1630 1631 1631 1631 1632 1632 1632 1633 1633 1633 1634 1634 1634 1635 1635 1635 1636 1636 1636 1637 1637 1637 1638 1638 1638 1639 1639 1639 1640 1640 1640 1641 1641 1641 1642 1642 1642 1643 1643 1643 1644 1644 1644 1643 1643 1643 1642 1642 1642 1643 1643 1643 1644 1644 1644 1645 1645 1645 1641 1641 1641 1646 1646 1646 1642 1642 1642 1647 1647 1647 1642 1642 1642 1646 1646 1646 1642 1642 1642 1647 1647 1647 1648 1648 1648 1649 1649 1649 1648 1648 1648 1647 1647 1647 1650 1650 1650 1651 1651 1651 1652 1652 1652 1653 1653 1653 1652 1652 1652 1651 1651 1651 1652 1652 1652 1653 1653 1653 1654 1654 1654 1648 1648 1648 1654 1654 1654 1653 1653 1653 1654 1654 1654 1648 1648 1648 1655 1655 1655 1649 1649 1649 1655 1655 1655 1648 1648 1648 1650 1650 1650 1638 1638 1638 1651 1651 1651 1640 1640 1640 1651 1651 1651 1638 1638 1638 1651 1651 1651 1640 1640 1640 1656 1656 1656 1657 1657 1657 1656 1656 1656 1640 1640 1640 1656 1656 1656 1657 1657 1657 1658 1658 1658 1659 1659 1659 1660 1660 1660 1657 1657 1657 1661 1661 1661 1657 1657 1657 1660 1660 1660 1657 1657 1657 1661 1661 1661 1658 1658 1658 1662 1662 1662 1663 1663 1663 1664 1664 1664 1664 1664 1664 1665 1665 1665 1662 1662 1662 1666 1666 1666 1662 1662 1662 1665 1665 1665 1662 1662 1662 1666 1666 1666 1659 1659 1659 1667 1667 1667 1659 1659 1659 1666 1666 1666 1659 1659 1659 1667 1667 1667 1660 1660 1660 1668 1668 1668 1669 1669 1669 1663 1663 1663 1670 1670 1670 1671 1671 1671 1672 1672 1672 1673 1673 1673 1672 1672 1672 1671 1671 1671 1669 1669 1669 1674 1674 1674 1663 1663 1663 1675 1675 1675 1663 1663 1663 1674 1674 1674 1663 1663 1663 1675 1675 1675 1676 1676 1676 1677 1677 1677 1676 1676 1676 1675 1675 1675 1676 1676 1676 1677 1677 1677 1678 1678 1678 1679 1679 1679 1680 1680 1680 1681 1681 1681 1668 1668 1668 1663 1663 1663 1682 1682 1682 1662 1662 1662 1682 1682 1682 1663 1663 1663 1682 1682 1682 1662 1662 1662 1683 1683 1683 1677 1677 1677 1684 1684 1684 1678 1678 1678 1685 1685 1685 1678 1678 1678 1684 1684 1684 1678 1678 1678 1685 1685 1685 1671 1671 1671 1686 1686 1686 1671 1671 1671 1685 1685 1685 1671 1671 1671 1686 1686 1686 1673 1673 1673 1680 1680 1680 1687 1687 1687 1681 1681 1681 1688 1688 1688 1681 1681 1681 1687 1687 1687 1681 1681 1681 1688 1688 1688 1689 1689 1689 1690 1690 1690 1691 1691 1691 1662 1662 1662 1692 1692 1692 1662 1662 1662 1691 1691 1691 1662 1662 1662 1692 1692 1692 1683 1683 1683 1689 1689 1689 1693 1693 1693 1681 1681 1681 1694 1694 1694 1681 1681 1681 1693 1693 1693 1681 1681 1681 1694 1694 1694 1662 1662 1662 1695 1695 1695 1662 1662 1662 1694 1694 1694 1662 1662 1662 1695 1695 1695 1690 1690 1690 1696 1696 1696 1697 1697 1697 1698 1698 1698 1670 1670 1670 1679 1679 1679 1671 1671 1671 1681 1681 1681 1671 1671 1671 1679 1679 1679 1671 1671 1671 1681 1681 1681 1699 1699 1699 1696 1696 1696 1699 1699 1699 1681 1681 1681 1699 1699 1699 1696 1696 1696 1700 1700 1700 1698 1698 1698 1700 1700 1700 1696 1696 1696 1701 1701 1701 1702 1702 1702 1697 1697 1697 1703 1703 1703 1697 1697 1697 1702 1702 1702 1697 1697 1697 1703 1703 1703 1704 1704 1704 1703 1703 1703 1705 1705 1705 1704 1704 1704 1706 1706 1706 1704 1704 1704 1705 1705 1705 1704 1704 1704 1706 1706 1706 1637 1637 1637 1707 1707 1707 1637 1637 1637 1706 1706 1706 1637 1637 1637 1707 1707 1707 1635 1635 1635 1708 1708 1708 1696 1696 1696 1709 1709 1709 1710 1710 1710 1709 1709 1709 1696 1696 1696 1709 1709 1709 1710 1710 1710 1711 1711 1711 1712 1712 1712 1711 1711 1711 1710 1710 1710 1708 1708 1708 1713 1713 1713 1696 1696 1696 1714 1714 1714 1696 1696 1696 1713 1713 1713 1696 1696 1696 1714 1714 1714 1715 1715 1715 1715 1715 1715 1716 1716 1716 1696 1696 1696 1717 1717 1717 1696 1696 1696 1716 1716 1716 1696 1696 1696 1717 1717 1717 1697 1697 1697 1718 1718 1718 1697 1697 1697 1717 1717 1717 1697 1697 1697 1718 1718 1718 1701 1701 1701 1719 1719 1719 1720 1720 1720 1721 1721 1721 1722 1722 1722 1721 1721 1721 1720 1720 1720 1721 1721 1721 1722 1722 1722 1710 1710 1710 1723 1723 1723 1710 1710 1710 1722 1722 1722 1710 1710 1710 1723 1723 1723 1712 1712 1712 1724 1724 1724 1725 1725 1725 1726 1726 1726 1727 1727 1727 1726 1726 1726 1725 1725 1725 1726 1726 1726 1727 1727 1727 1721 1721 1721 1728 1728 1728 1721 1721 1721 1727 1727 1727 1721 1721 1721 1728 1728 1728 1719 1719 1719 1724 1724 1724 1726 1726 1726 1636 1636 1636 1729 1729 1729 1636 1636 1636 1726 1726 1726 1636 1636 1636 1729 1729 1729 1637 1637 1637 1721 1721 1721 1730 1730 1730 1731 1731 1731 1731 1731 1731 1732 1732 1732 1721 1721 1721 1733 1733 1733 1721 1721 1721 1732 1732 1732 1721 1721 1721 1733 1733 1733 1726 1726 1726 1721 1721 1721 1734 1734 1734 1735 1735 1735 1736 1736 1736 1730 1730 1730 1737 1737 1737 1721 1721 1721 1737 1737 1737 1730 1730 1730 1737 1737 1737 1721 1721 1721 1738 1738 1738 1735 1735 1735 1738 1738 1738 1721 1721 1721 1736 1736 1736 1739 1739 1739 1730 1730 1730 1740 1740 1740 1730 1730 1730 1739 1739 1739 1730 1730 1730 1740 1740 1740 1741 1741 1741 1742 1742 1742 1741 1741 1741 1740 1740 1740 1741 1741 1741 1742 1742 1742 1743 1743 1743 1744 1744 1744 1745 1745 1745 1746 1746 1746 1747 1747 1747 1748 1748 1748 1749 1749 1749 1750 1750 1750 1749 1749 1749 1748 1748 1748 1749 1749 1749 1750 1750 1750 1744 1744 1744 1751 1751 1751 1744 1744 1744 1750 1750 1750 1744 1744 1744 1751 1751 1751 1745 1745 1745 1742 1742 1742 1752 1752 1752 1743 1743 1743 1753 1753 1753 1743 1743 1743 1752 1752 1752 1743 1743 1743 1753 1753 1753 1754 1754 1754 1753 1753 1753 1755 1755 1755 1754 1754 1754 1756 1756 1756 1754 1754 1754 1755 1755 1755 1754 1754 1754 1756 1756 1756 1749 1749 1749 1757 1757 1757 1749 1749 1749 1756 1756 1756 1749 1749 1749 1757 1757 1757 1747 1747 1747 1758 1758 1758 1759 1759 1759 1760 1760 1760 1761 1761 1761 1760 1760 1760 1759 1759 1759 1762 1762 1762 1744 1744 1744 1763 1763 1763 1764 1764 1764 1763 1763 1763 1744 1744 1744 1765 1765 1765 1749 1749 1749 1766 1766 1766 1744 1744 1744 1766 1766 1766 1749 1749 1749 1766 1766 1766 1744 1744 1744 1767 1767 1767 1762 1762 1762 1767 1767 1767 1744 1744 1744 1768 1768 1768 1769 1769 1769 1770 1770 1770 1771 1771 1771 1770 1770 1770 1769 1769 1769 1770 1770 1770 1771 1771 1771 1772 1772 1772 1749 1749 1749 1772 1772 1772 1771 1771 1771 1772 1772 1772 1749 1749 1749 1773 1773 1773 1765 1765 1765 1773 1773 1773 1749 1749 1749 1761 1761 1761 1774 1774 1774 1760 1760 1760 1775 1775 1775 1760 1760 1760 1774 1774 1774 1760 1760 1760 1775 1775 1775 1776 1776 1776 1777 1777 1777 1778 1778 1778 1779 1779 1779 1768 1768 1768 1780 1780 1780 1769 1769 1769 1781 1781 1781 1769 1769 1769 1780 1780 1780 1769 1769 1769 1781 1781 1781 1777 1777 1777 1782 1782 1782 1777 1777 1777 1781 1781 1781 1777 1777 1777 1782 1782 1782 1778 1778 1778 1776 1776 1776 1783 1783 1783 1760 1760 1760 1784 1784 1784 1760 1760 1760 1783 1783 1783 1760 1760 1760 1784 1784 1784 1744 1744 1744 1785 1785 1785 1744 1744 1744 1784 1784 1784 1744 1744 1744 1785 1785 1785 1764 1764 1764 1786 1786 1786 1787 1787 1787 1788 1788 1788 1789 1789 1789 1788 1788 1788 1787 1787 1787 1788 1788 1788 1789 1789 1789 1790 1790 1790 1791 1791 1791 1790 1790 1790 1789 1789 1789 1634 1634 1634 1633 1633 1633 1792 1792 1792 1633 1633 1633 1793 1793 1793 1792 1792 1792 1794 1794 1794 1792 1792 1792 1793 1793 1793 1792 1792 1792 1794 1794 1794 1789 1789 1789 1795 1795 1795 1789 1789 1789 1794 1794 1794 1789 1789 1789 1795 1795 1795 1791 1791 1791 1630 1630 1630 1796 1796 1796 1797 1797 1797 1798 1798 1798 1797 1797 1797 1796 1796 1796 1798 1798 1798 1799 1799 1799 1797 1797 1797 1800 1800 1800 1797 1797 1797 1799 1799 1799 1797 1797 1797 1800 1800 1800 1634 1634 1634 1801 1801 1801 1634 1634 1634 1800 1800 1800 1634 1634 1634 1801 1801 1801 1632 1632 1632 1627 1627 1627 1802 1802 1802 1628 1628 1628 1803 1803 1803 1628 1628 1628 1802 1802 1802 1628 1628 1628 1803 1803 1803 1631 1631 1631 1804 1804 1804 1631 1631 1631 1803 1803 1803 1631 1631 1631 1804 1804 1804 1629 1629 1629 1805 1805 1805 1806 1806 1806 1807 1807 1807 1808 1808 1808 1807 1807 1807 1806 1806 1806 1807 1807 1807 1808 1808 1808 1809 1809 1809 1810 1810 1810 1809 1809 1809 1808 1808 1808 1809 1809 1809 1810 1810 1810 1811 1811 1811 1786 1786 1786 1812 1812 1812 1787 1787 1787 1813 1813 1813 1787 1787 1787 1812 1812 1812 1787 1787 1787 1813 1813 1813 1814 1814 1814 1813 1813 1813 1815 1815 1815 1814 1814 1814 1816 1816 1816 1814 1814 1814 1815 1815 1815 1814 1814 1814 1816 1816 1816 1807 1807 1807 1817 1817 1817 1807 1807 1807 1816 1816 1816 1807 1807 1807 1817 1817 1817 1805 1805 1805 1818 1818 1818 1819 1819 1819 1820 1820 1820 1821 1821 1821 1822 1822 1822 1823 1823 1823 1824 1824 1824 1823 1823 1823 1822 1822 1822 1825 1825 1825 1826 1826 1826 1628 1628 1628 1825 1825 1825 1628 1628 1628 1827 1827 1827 1821 1821 1821 1828 1828 1828 1822 1822 1822 1829 1829 1829 1822 1822 1822 1828 1828 1828 1822 1822 1822 1829 1829 1829 1628 1628 1628 1830 1830 1830 1628 1628 1628 1829 1829 1829 1628 1628 1628 1830 1830 1830 1827 1827 1827 1820 1820 1820 1831 1831 1831 1818 1818 1818 1832 1832 1832 1818 1818 1818 1831 1831 1831 1818 1818 1818 1832 1832 1832 1822 1822 1822 1833 1833 1833 1822 1822 1822 1832 1832 1832 1822 1822 1822 1833 1833 1833 1824 1824 1824 1826 1826 1826 1834 1834 1834 1628 1628 1628 1809 1809 1809 1628 1628 1628 1834 1834 1834 1628 1628 1628 1809 1809 1809 1626 1626 1626 1811 1811 1811 1626 1626 1626 1809 1809 1809 1834 1834 1834 1835 1835 1835 1809 1809 1809 1836 1836 1836 1809 1809 1809 1835 1835 1835 1809 1809 1809 1836 1836 1836 1837 1837 1837 1838 1838 1838 1839 1839 1839 1760 1760 1760 1840 1840 1840 1760 1760 1760 1839 1839 1839 1819 1819 1819 1818 1818 1818 1841 1841 1841 1842 1842 1842 1841 1841 1841 1818 1818 1818 1841 1841 1841 1842 1842 1842 1843 1843 1843 1840 1840 1840 1844 1844 1844 1760 1760 1760 1845 1845 1845 1760 1760 1760 1844 1844 1844 1760 1760 1760 1845 1845 1845 1842 1842 1842 1846 1846 1846 1842 1842 1842 1845 1845 1845 1842 1842 1842 1846 1846 1846 1843 1843 1843 1847 1847 1847 1848 1848 1848 1634 1634 1634 1849 1849 1849 1634 1634 1634 1848 1848 1848 1639 1639 1639 1850 1850 1850 1640 1640 1640 1851 1851 1851 1640 1640 1640 1850 1850 1850 1640 1640 1640 1851 1851 1851 1634 1634 1634 1852 1852 1852 1634 1634 1634 1851 1851 1851 1634 1634 1634 1852 1852 1852 1847 1847 1847 1853 1853 1853 1854 1854 1854 1797 1797 1797 1849 1849 1849 1855 1855 1855 1634 1634 1634 1856 1856 1856 1634 1634 1634 1855 1855 1855 1634 1634 1634 1856 1856 1856 1797 1797 1797 1857 1857 1857 1797 1797 1797 1856 1856 1856 1797 1797 1797 1857 1857 1857 1853 1853 1853 1854 1854 1854 1858 1858 1858 1797 1797 1797 1859 1859 1859 1797 1797 1797 1858 1858 1858 1797 1797 1797 1859 1859 1859 1644 1644 1644 1860 1860 1860 1644 1644 1644 1859 1859 1859 1644 1644 1644 1860 1860 1860 1645 1645 1645 1792 1792 1792 1861 1861 1861 1862 1862 1862 1863 1863 1863 1864 1864 1864 1640 1640 1640 1864 1864 1864 1865 1865 1865 1640 1640 1640 1866 1866 1866 1640 1640 1640 1865 1865 1865 1640 1640 1640 1866 1866 1866 1657 1657 1657 1867 1867 1867 1657 1657 1657 1866 1866 1866 1657 1657 1657 1867 1867 1867 1868 1868 1868 1869 1869 1869 1870 1870 1870 1634 1634 1634 1871 1871 1871 1634 1634 1634 1870 1870 1870 1871 1871 1871 1872 1872 1872 1634 1634 1634 1873 1873 1873 1634 1634 1634 1872 1872 1872 1634 1634 1634 1873 1873 1873 1640 1640 1640 1874 1874 1874 1640 1640 1640 1873 1873 1873 1640 1640 1640 1874 1874 1874 1863 1863 1863 1862 1862 1862 1875 1875 1875 1792 1792 1792 1876 1876 1876 1792 1792 1792 1875 1875 1875 1792 1792 1792 1876 1876 1876 1634 1634 1634 1877 1877 1877 1634 1634 1634 1876 1876 1876 1634 1634 1634 1877 1877 1877 1869 1869 1869 1868 1868 1868 1878 1878 1878 1657 1657 1657 1879 1879 1879 1657 1657 1657 1878 1878 1878 1657 1657 1657 1879 1879 1879 1659 1659 1659 1880 1880 1880 1659 1659 1659 1879 1879 1879 1659 1659 1659 1880 1880 1880 1881 1881 1881 1882 1882 1882 1883 1883 1883 1662 1662 1662 1881 1881 1881 1884 1884 1884 1659 1659 1659 1885 1885 1885 1659 1659 1659 1884 1884 1884 1659 1659 1659 1885 1885 1885 1662 1662 1662 1886 1886 1886 1662 1662 1662 1885 1885 1885 1662 1662 1662 1886 1886 1886 1882 1882 1882 1734 1734 1734 1721 1721 1721 1887 1887 1887 1710 1710 1710 1887 1887 1887 1721 1721 1721 1887 1887 1887 1710 1710 1710 1888 1888 1888 1889 1889 1889 1890 1890 1890 1807 1807 1807 1891 1891 1891 1814 1814 1814 1892 1892 1892 1807 1807 1807 1892 1892 1892 1814 1814 1814 1892 1892 1892 1807 1807 1807 1893 1893 1893 1890 1890 1890 1893 1893 1893 1807 1807 1807 1891 1891 1891 1894 1894 1894 1814 1814 1814 1895 1895 1895 1814 1814 1814 1894 1894 1894 1814 1814 1814 1895 1895 1895 1888 1888 1888 1896 1896 1896 1897 1897 1897 1898 1898 1898 1898 1898 1898 1897 1897 1897 1899 1899 1899 1897 1897 1897 1900 1900 1900 1899 1899 1899 1901 1901 1901 1899 1899 1899 1900 1900 1900 1899 1899 1899 1901 1901 1901 1902 1902 1902 1903 1903 1903 1904 1904 1904 1898 1898 1898 1905 1905 1905 1898 1898 1898 1904 1904 1904 1898 1898 1898 1905 1905 1905 1896 1896 1896 1902 1902 1902 1906 1906 1906 1907 1907 1907 1908 1908 1908 1907 1907 1907 1906 1906 1906 1908 1908 1908 1909 1909 1909 1907 1907 1907 1910 1910 1910 1907 1907 1907 1909 1909 1909 1907 1907 1907 1910 1910 1910 1631 1631 1631 1911 1911 1911 1912 1912 1912 1628 1628 1628 1913 1913 1913 1628 1628 1628 1912 1912 1912 1903 1903 1903 1822 1822 1822 1914 1914 1914 1915 1915 1915 1914 1914 1914 1822 1822 1822 1910 1910 1910 1916 1916 1916 1631 1631 1631 1917 1917 1917 1631 1631 1631 1916 1916 1916 1631 1631 1631 1917 1917 1917 1918 1918 1918 1913 1913 1913 1919 1919 1919 1628 1628 1628 1920 1920 1920 1628 1628 1628 1919 1919 1919 1628 1628 1628 1920 1920 1920 1822 1822 1822 1921 1921 1921 1822 1822 1822 1920 1920 1920 1822 1822 1822 1921 1921 1921 1915 1915 1915 1918 1918 1918 1922 1922 1922 1631 1631 1631 1923 1923 1923 1631 1631 1631 1922 1922 1922 1631 1631 1631 1923 1923 1923 1628 1628 1628 1924 1924 1924 1628 1628 1628 1923 1923 1923 1628 1628 1628 1924 1924 1924 1911 1911 1911 1925 1925 1925 1926 1926 1926 1927 1927 1927 1927 1927 1927 1928 1928 1928 1925 1925 1925 1929 1929 1929 1925 1925 1925 1928 1928 1928 1925 1925 1925 1929 1929 1929 1930 1930 1930 1930 1930 1930 1797 1797 1797 1925 1925 1925 1644 1644 1644 1925 1925 1925 1797 1797 1797 1925 1925 1925 1644 1644 1644 1931 1931 1931 1642 1642 1642 1931 1931 1931 1644 1644 1644 1931 1931 1931 1642 1642 1642 1932 1932 1932 1933 1933 1933 1934 1934 1934 1631 1631 1631 1935 1935 1935 1631 1631 1631 1934 1934 1934 1631 1631 1631 1935 1935 1935 1936 1936 1936 1930 1930 1930 1937 1937 1937 1797 1797 1797 1938 1938 1938 1797 1797 1797 1937 1937 1937 1797 1797 1797 1938 1938 1938 1939 1939 1939 1630 1630 1630 1797 1797 1797 1631 1631 1631 1940 1940 1940 1631 1631 1631 1797 1797 1797 1631 1631 1631 1940 1940 1940 1933 1933 1933 1939 1939 1939 1941 1941 1941 1797 1797 1797 1942 1942 1942 1797 1797 1797 1941 1941 1941 1797 1797 1797 1942 1942 1942 1940 1940 1940 1943 1943 1943 1944 1944 1944 1907 1907 1907 1945 1945 1945 1907 1907 1907 1944 1944 1944 1945 1945 1945 1946 1946 1946 1907 1907 1907 1947 1947 1947 1907 1907 1907 1946 1946 1946 1907 1907 1907 1947 1947 1947 1925 1925 1925 1948 1948 1948 1925 1925 1925 1947 1947 1947 1925 1925 1925 1948 1948 1948 1926 1926 1926 1936 1936 1936 1949 1949 1949 1631 1631 1631 1950 1950 1950 1631 1631 1631 1949 1949 1949 1631 1631 1631 1950 1950 1950 1907 1907 1907 1951 1951 1951 1907 1907 1907 1950 1950 1950 1907 1907 1907 1951 1951 1951 1943 1943 1943 1902 1902 1902 1907 1907 1907 1899 1899 1899 1925 1925 1925 1899 1899 1899 1907 1907 1907 1899 1899 1899 1925 1925 1925 1952 1952 1952 1931 1931 1931 1952 1952 1952 1925 1925 1925 1952 1952 1952 1931 1931 1931 1953 1953 1953 1932 1932 1932 1953 1953 1953 1931 1931 1931 1953 1953 1953 1932 1932 1932 1954 1954 1954 1888 1888 1888 1710 1710 1710 1814 1814 1814 1696 1696 1696 1814 1814 1814 1710 1710 1710 1814 1814 1814 1696 1696 1696 1787 1787 1787 1681 1681 1681 1787 1787 1787 1696 1696 1696 1787 1787 1787 1681 1681 1681 1789 1789 1789 1662 1662 1662 1789 1789 1789 1681 1681 1681 1789 1789 1789 1662 1662 1662 1792 1792 1792 1883 1883 1883 1792 1792 1792 1662 1662 1662 1792 1792 1792 1883 1883 1883 1861 1861 1861 1837 1837 1837 1838 1838 1838 1809 1809 1809 1760 1760 1760 1809 1809 1809 1838 1838 1838 1809 1809 1809 1760 1760 1760 1807 1807 1807 1744 1744 1744 1807 1807 1807 1760 1760 1760 1807 1807 1807 1744 1744 1744 1889 1889 1889 1746 1746 1746 1889 1889 1889 1744 1744 1744 1842 1842 1842 1955 1955 1955 1760 1760 1760 1777 1777 1777 1760 1760 1760 1955 1955 1955 1760 1760 1760 1777 1777 1777 1758 1758 1758 1779 1779 1779 1758 1758 1758 1777 1777 1777 1903 1903 1903 1898 1898 1898 1822 1822 1822 1956 1956 1956 1822 1822 1822 1898 1898 1898 1822 1822 1822 1956 1956 1956 1818 1818 1818 1957 1957 1957 1818 1818 1818 1956 1956 1956 1818 1818 1818 1957 1957 1957 1842 1842 1842 1958 1958 1958 1842 1842 1842 1957 1957 1957 1842 1842 1842 1958 1958 1958 1955 1955 1955 1959 1959 1959 1960 1960 1960 1961 1961 1961 1962 1962 1962 1961 1961 1961 1960 1960 1960 1961 1961 1961 1962 1962 1962 1963 1963 1963 1962 1962 1962 1964 1964 1964 1963 1963 1963 1965 1965 1965 1963 1963 1963 1964 1964 1964 1963 1963 1963 1965 1965 1965 1966 1966 1966 1967 1967 1967 1966 1966 1966 1965 1965 1965 1966 1966 1966 1967 1967 1967 1968 1968 1968 1969 1969 1969 1968 1968 1968 1967 1967 1967 1968 1968 1968 1969 1969 1969 1970 1970 1970 1970 1970 1970 1969 1969 1969 1971 1971 1971 1972 1972 1972 1971 1971 1971 1969 1969 1969 1971 1971 1971 1972 1972 1972 1973 1973 1973 1974 1974 1974 1973 1973 1973 1972 1972 1972 1973 1973 1973 1974 1974 1974 1975 1975 1975 1976 1976 1976 1975 1975 1975 1974 1974 1974 1975 1975 1975 1976 1976 1976 1977 1977 1977 1978 1978 1978 1977 1977 1977 1976 1976 1976 1977 1977 1977 1978 1978 1978 1979 1979 1979 1980 1980 1980 1979 1979 1979 1978 1978 1978 1979 1979 1979 1980 1980 1980 1981 1981 1981 1981 1981 1981 1980 1980 1980 1982 1982 1982 1983 1983 1983 1982 1982 1982 1980 1980 1980 1982 1982 1982 1983 1983 1983 1984 1984 1984 1983 1983 1983 1985 1985 1985 1984 1984 1984 1986 1986 1986 1984 1984 1984 1985 1985 1985 1984 1984 1984 1986 1986 1986 1987 1987 1987 1988 1988 1988 1987 1987 1987 1986 1986 1986 1987 1987 1987 1988 1988 1988 1989 1989 1989 1990 1990 1990 1989 1989 1989 1988 1988 1988 1989 1989 1989 1990 1990 1990 1991 1991 1991 1992 1992 1992 1991 1991 1991 1990 1990 1990 1991 1991 1991 1992 1992 1992 1993 1993 1993 1994 1994 1994 1993 1993 1993 1992 1992 1992 1993 1993 1993 1994 1994 1994 1995 1995 1995 1994 1994 1994 1996 1996 1996 1995 1995 1995 1997 1997 1997 1995 1995 1995 1996 1996 1996 1995 1995 1995 1997 1997 1997 1998 1998 1998 1999 1999 1999 1998 1998 1998 1997 1997 1997 1998 1998 1998 1999 1999 1999 2000 2000 2000 2001 2001 2001 2000 2000 2000 1999 1999 1999 2000 2000 2000 2001 2001 2001 2002 2002 2002 2003 2003 2003 2002 2002 2002 2001 2001 2001 2002 2002 2002 2003 2003 2003 2004 2004 2004 2003 2003 2003 2005 2005 2005 2004 2004 2004 2006 2006 2006 2004 2004 2004 2005 2005 2005 2004 2004 2004 2006 2006 2006 2007 2007 2007 2008 2008 2008 2007 2007 2007 2006 2006 2006 2007 2007 2007 2008 2008 2008 2009 2009 2009 2010 2010 2010 2009 2009 2009 2008 2008 2008 2009 2009 2009 2010 2010 2010 2011 2011 2011 2012 2012 2012 2011 2011 2011 2010 2010 2010 2011 2011 2011 2012 2012 2012 2013 2013 2013 2014 2014 2014 2013 2013 2013 2012 2012 2012 2013 2013 2013 2014 2014 2014 2015 2015 2015 2016 2016 2016 2015 2015 2015 2014 2014 2014 2015 2015 2015 2016 2016 2016 2017 2017 2017 2018 2018 2018 2017 2017 2017 2016 2016 2016 2017 2017 2017 2018 2018 2018 2019 2019 2019 2020 2020 2020 2019 2019 2019 2018 2018 2018 2019 2019 2019 2020 2020 2020 2021 2021 2021 2022 2022 2022 2021 2021 2021 2020 2020 2020 2021 2021 2021 2022 2022 2022 2023 2023 2023 2024 2024 2024 2023 2023 2023 2022 2022 2022 2023 2023 2023 2024 2024 2024 1959 1959 1959 2025 2025 2025 1959 1959 1959 2024 2024 2024 1959 1959 1959 2025 2025 2025 1960 1960 1960 2026 2026 2026 2027 2027 2027 2028 2028 2028 2029 2029 2029 2028 2028 2028 2027 2027 2027 2028 2028 2028 2029 2029 2029 2030 2030 2030 2031 2031 2031 2030 2030 2030 2029 2029 2029 2030 2030 2030 2031 2031 2031 2032 2032 2032 2033 2033 2033 2032 2032 2032 2031 2031 2031 2032 2032 2032 2033 2033 2033 2034 2034 2034 2035 2035 2035 2034 2034 2034 2033 2033 2033 2034 2034 2034 2035 2035 2035 2036 2036 2036 2037 2037 2037 2036 2036 2036 2035 2035 2035 2036 2036 2036 2037 2037 2037 2038 2038 2038 2039 2039 2039 2038 2038 2038 2037 2037 2037 2038 2038 2038 2039 2039 2039 2040 2040 2040 2041 2041 2041 2040 2040 2040 2039 2039 2039 2040 2040 2040 2041 2041 2041 2042 2042 2042 2043 2043 2043 2042 2042 2042 2041 2041 2041 2042 2042 2042 2043 2043 2043 2044 2044 2044 2045 2045 2045 2044 2044 2044 2043 2043 2043 2044 2044 2044 2045 2045 2045 2046 2046 2046 2047 2047 2047 2046 2046 2046 2045 2045 2045 2046 2046 2046 2047 2047 2047 2048 2048 2048 2049 2049 2049 2048 2048 2048 2047 2047 2047 2048 2048 2048 2049 2049 2049 2050 2050 2050 2051 2051 2051 2050 2050 2050 2049 2049 2049 2050 2050 2050 2051 2051 2051 2052 2052 2052 2053 2053 2053 2052 2052 2052 2051 2051 2051 2052 2052 2052 2053 2053 2053 2054 2054 2054 2055 2055 2055 2054 2054 2054 2053 2053 2053 2054 2054 2054 2055 2055 2055 2056 2056 2056 2057 2057 2057 2056 2056 2056 2055 2055 2055 2056 2056 2056 2057 2057 2057 2058 2058 2058 2059 2059 2059 2058 2058 2058 2057 2057 2057 2058 2058 2058 2059 2059 2059 2060 2060 2060 2061 2061 2061 2060 2060 2060 2059 2059 2059 2060 2060 2060 2061 2061 2061 2062 2062 2062 2063 2063 2063 2062 2062 2062 2061 2061 2061 2062 2062 2062 2063 2063 2063 2064 2064 2064 2065 2065 2065 2064 2064 2064 2063 2063 2063 2064 2064 2064 2065 2065 2065 2066 2066 2066 2067 2067 2067 2066 2066 2066 2065 2065 2065 2066 2066 2066 2067 2067 2067 2068 2068 2068 2069 2069 2069 2068 2068 2068 2067 2067 2067 2068 2068 2068 2069 2069 2069 2070 2070 2070 2071 2071 2071 2070 2070 2070 2069 2069 2069 2070 2070 2070 2071 2071 2071 2072 2072 2072 2073 2073 2073 2072 2072 2072 2071 2071 2071 2072 2072 2072 2073 2073 2073 2074 2074 2074 2075 2075 2075 2074 2074 2074 2073 2073 2073 2074 2074 2074 2075 2075 2075 2076 2076 2076 2077 2077 2077 2076 2076 2076 2075 2075 2075 2076 2076 2076 2077 2077 2077 2078 2078 2078 2079 2079 2079 2078 2078 2078 2077 2077 2077 2078 2078 2078 2079 2079 2079 2080 2080 2080 2081 2081 2081 2080 2080 2080 2079 2079 2079 2080 2080 2080 2081 2081 2081 2082 2082 2082 2083 2083 2083 2082 2082 2082 2081 2081 2081 2082 2082 2082 2083 2083 2083 2084 2084 2084 2085 2085 2085 2084 2084 2084 2083 2083 2083 2084 2084 2084 2085 2085 2085 2086 2086 2086 2087 2087 2087 2086 2086 2086 2085 2085 2085 2086 2086 2086 2087 2087 2087 2026 2026 2026 2027 2027 2027 2026 2026 2026 2087 2087 2087 2088 2088 2088 2089 2089 2089 2090 2090 2090 2091 2091 2091 2090 2090 2090 2089 2089 2089 2090 2090 2090 2091 2091 2091 2092 2092 2092 2093 2093 2093 2092 2092 2092 2091 2091 2091 2092 2092 2092 2093 2093 2093 2094 2094 2094 2095 2095 2095 2094 2094 2094 2093 2093 2093 2094 2094 2094 2095 2095 2095 2096 2096 2096 2097 2097 2097 2096 2096 2096 2095 2095 2095 2096 2096 2096 2097 2097 2097 2098 2098 2098 2099 2099 2099 2098 2098 2098 2097 2097 2097 2098 2098 2098 2099 2099 2099 2100 2100 2100 2101 2101 2101 2100 2100 2100 2099 2099 2099 2100 2100 2100 2101 2101 2101 2102 2102 2102 2103 2103 2103 2102 2102 2102 2101 2101 2101 2102 2102 2102 2103 2103 2103 2104 2104 2104 2105 2105 2105 2104 2104 2104 2103 2103 2103 2104 2104 2104 2105 2105 2105 2106 2106 2106 2107 2107 2107 2106 2106 2106 2105 2105 2105 2106 2106 2106 2107 2107 2107 2108 2108 2108 2109 2109 2109 2108 2108 2108 2107 2107 2107 2108 2108 2108 2109 2109 2109 2110 2110 2110 2111 2111 2111 2110 2110 2110 2109 2109 2109 2110 2110 2110 2111 2111 2111 2112 2112 2112 2113 2113 2113 2112 2112 2112 2111 2111 2111 2112 2112 2112 2113 2113 2113 2114 2114 2114 2115 2115 2115 2114 2114 2114 2113 2113 2113 2114 2114 2114 2115 2115 2115 2116 2116 2116 2117 2117 2117 2116 2116 2116 2115 2115 2115 2116 2116 2116 2117 2117 2117 2118 2118 2118 2119 2119 2119 2118 2118 2118 2117 2117 2117 2118 2118 2118 2119 2119 2119 2120 2120 2120 2121 2121 2121 2120 2120 2120 2119 2119 2119 2120 2120 2120 2121 2121 2121 2122 2122 2122 2121 2121 2121 2123 2123 2123 2122 2122 2122 2124 2124 2124 2122 2122 2122 2123 2123 2123 2122 2122 2122 2124 2124 2124 2125 2125 2125 2126 2126 2126 2125 2125 2125 2124 2124 2124 2125 2125 2125 2126 2126 2126 2127 2127 2127 2128 2128 2128 2127 2127 2127 2126 2126 2126 2127 2127 2127 2128 2128 2128 2129 2129 2129 2130 2130 2130 2129 2129 2129 2128 2128 2128 2129 2129 2129 2130 2130 2130 2131 2131 2131 2132 2132 2132 2131 2131 2131 2130 2130 2130 2131 2131 2131 2132 2132 2132 2133 2133 2133 2134 2134 2134 2133 2133 2133 2132 2132 2132 2133 2133 2133 2134 2134 2134 2135 2135 2135 2136 2136 2136 2135 2135 2135 2134 2134 2134 2135 2135 2135 2136 2136 2136 2088 2088 2088 2137 2137 2137 2088 2088 2088 2136 2136 2136 2088 2088 2088 2137 2137 2137 2089 2089 2089 2138 2138 2138 2139 2139 2139 2140 2140 2140 2141 2141 2141 2140 2140 2140 2139 2139 2139 2140 2140 2140 2141 2141 2141 2142 2142 2142 2143 2143 2143 2142 2142 2142 2141 2141 2141 2142 2142 2142 2143 2143 2143 2144 2144 2144 2145 2145 2145 2144 2144 2144 2143 2143 2143 2144 2144 2144 2145 2145 2145 2146 2146 2146 2147 2147 2147 2146 2146 2146 2145 2145 2145 2146 2146 2146 2147 2147 2147 2148 2148 2148 2149 2149 2149 2148 2148 2148 2147 2147 2147 2148 2148 2148 2149 2149 2149 2150 2150 2150 2151 2151 2151 2150 2150 2150 2149 2149 2149 2150 2150 2150 2151 2151 2151 2152 2152 2152 2153 2153 2153 2152 2152 2152 2151 2151 2151 2152 2152 2152 2153 2153 2153 2154 2154 2154 2155 2155 2155 2154 2154 2154 2153 2153 2153 2154 2154 2154 2155 2155 2155 2156 2156 2156 2157 2157 2157 2156 2156 2156 2155 2155 2155 2156 2156 2156 2157 2157 2157 2158 2158 2158 2159 2159 2159 2158 2158 2158 2157 2157 2157 2158 2158 2158 2159 2159 2159 2160 2160 2160 2161 2161 2161 2160 2160 2160 2159 2159 2159 2160 2160 2160 2161 2161 2161 2162 2162 2162 2163 2163 2163 2162 2162 2162 2161 2161 2161 2162 2162 2162 2163 2163 2163 2164 2164 2164 2165 2165 2165 2164 2164 2164 2163 2163 2163 2164 2164 2164 2165 2165 2165 2166 2166 2166 2167 2167 2167 2166 2166 2166 2165 2165 2165 2166 2166 2166 2167 2167 2167 2168 2168 2168 2169 2169 2169 2168 2168 2168 2167 2167 2167 2168 2168 2168 2169 2169 2169 2170 2170 2170 2171 2171 2171 2170 2170 2170 2169 2169 2169 2170 2170 2170 2171 2171 2171 2172 2172 2172 2173 2173 2173 2172 2172 2172 2171 2171 2171 2172 2172 2172 2173 2173 2173 2174 2174 2174 2175 2175 2175 2174 2174 2174 2173 2173 2173 2174 2174 2174 2175 2175 2175 2176 2176 2176 2177 2177 2177 2176 2176 2176 2175 2175 2175 2176 2176 2176 2177 2177 2177 2178 2178 2178 2179 2179 2179 2178 2178 2178 2177 2177 2177 2178 2178 2178 2179 2179 2179 2180 2180 2180 2181 2181 2181 2180 2180 2180 2179 2179 2179 2180 2180 2180 2181 2181 2181 2182 2182 2182 2183 2183 2183 2182 2182 2182 2181 2181 2181 2182 2182 2182 2183 2183 2183 2184 2184 2184 2185 2185 2185 2184 2184 2184 2183 2183 2183 2184 2184 2184 2185 2185 2185 2186 2186 2186 2187 2187 2187 2186 2186 2186 2185 2185 2185 2186 2186 2186 2187 2187 2187 2188 2188 2188 2189 2189 2189 2188 2188 2188 2187 2187 2187 2188 2188 2188 2189 2189 2189 2138 2138 2138 2139 2139 2139 2138 2138 2138 2189 2189 2189 2190 2190 2190 2191 2191 2191 2192 2192 2192 2193 2193 2193 2192 2192 2192 2191 2191 2191 2192 2192 2192 2193 2193 2193 2194 2194 2194 2195 2195 2195 2194 2194 2194 2193 2193 2193 2194 2194 2194 2195 2195 2195 2196 2196 2196 2197 2197 2197 2196 2196 2196 2195 2195 2195 2196 2196 2196 2197 2197 2197 2198 2198 2198 2199 2199 2199 2198 2198 2198 2197 2197 2197 2198 2198 2198 2199 2199 2199 2200 2200 2200 2201 2201 2201 2200 2200 2200 2199 2199 2199 2200 2200 2200 2201 2201 2201 2202 2202 2202 2203 2203 2203 2202 2202 2202 2201 2201 2201 2202 2202 2202 2203 2203 2203 2204 2204 2204 2205 2205 2205 2204 2204 2204 2203 2203 2203 2204 2204 2204 2205 2205 2205 2206 2206 2206 2207 2207 2207 2206 2206 2206 2205 2205 2205 2206 2206 2206 2207 2207 2207 2208 2208 2208 2209 2209 2209 2208 2208 2208 2207 2207 2207 2208 2208 2208 2209 2209 2209 2210 2210 2210 2209 2209 2209 2211 2211 2211 2210 2210 2210 2212 2212 2212 2210 2210 2210 2211 2211 2211 2210 2210 2210 2212 2212 2212 2213 2213 2213 2214 2214 2214 2213 2213 2213 2212 2212 2212 2213 2213 2213 2214 2214 2214 2215 2215 2215 2216 2216 2216 2215 2215 2215 2214 2214 2214 2215 2215 2215 2216 2216 2216 2217 2217 2217 2218 2218 2218 2217 2217 2217 2216 2216 2216 2217 2217 2217 2218 2218 2218 2219 2219 2219 2220 2220 2220 2219 2219 2219 2218 2218 2218 2219 2219 2219 2220 2220 2220 2221 2221 2221 2222 2222 2222 2221 2221 2221 2220 2220 2220 2221 2221 2221 2222 2222 2222 2223 2223 2223 2224 2224 2224 2223 2223 2223 2222 2222 2222 2223 2223 2223 2224 2224 2224 2225 2225 2225 2226 2226 2226 2225 2225 2225 2224 2224 2224 2225 2225 2225 2226 2226 2226 2227 2227 2227 2228 2228 2228 2227 2227 2227 2226 2226 2226 2227 2227 2227 2228 2228 2228 2229 2229 2229 2230 2230 2230 2229 2229 2229 2228 2228 2228 2229 2229 2229 2230 2230 2230 2231 2231 2231 2232 2232 2232 2231 2231 2231 2230 2230 2230 2231 2231 2231 2232 2232 2232 2233 2233 2233 2234 2234 2234 2233 2233 2233 2232 2232 2232 2233 2233 2233 2234 2234 2234 2235 2235 2235 2236 2236 2236 2235 2235 2235 2234 2234 2234 2235 2235 2235 2236 2236 2236 2237 2237 2237 2238 2238 2238 2237 2237 2237 2236 2236 2236 2237 2237 2237 2238 2238 2238 2190 2190 2190 2239 2239 2239 2190 2190 2190 2238 2238 2238 2190 2190 2190 2239 2239 2239 2191 2191 2191 2240 2240 2240 2241 2241 2241 2242 2242 2242 2243 2243 2243 2242 2242 2242 2241 2241 2241 2242 2242 2242 2243 2243 2243 2244 2244 2244 2245 2245 2245 2244 2244 2244 2243 2243 2243 2244 2244 2244 2245 2245 2245 2246 2246 2246 2247 2247 2247 2246 2246 2246 2245 2245 2245 2246 2246 2246 2247 2247 2247 2248 2248 2248 2249 2249 2249 2248 2248 2248 2247 2247 2247 2248 2248 2248 2249 2249 2249 2250 2250 2250 2251 2251 2251 2250 2250 2250 2249 2249 2249 2250 2250 2250 2251 2251 2251 2252 2252 2252 2253 2253 2253 2252 2252 2252 2251 2251 2251 2252 2252 2252 2253 2253 2253 2254 2254 2254 2255 2255 2255 2254 2254 2254 2253 2253 2253 2254 2254 2254 2255 2255 2255 2256 2256 2256 2257 2257 2257 2256 2256 2256 2255 2255 2255 2256 2256 2256 2257 2257 2257 2258 2258 2258 2259 2259 2259 2258 2258 2258 2257 2257 2257 2258 2258 2258 2259 2259 2259 2260 2260 2260 2261 2261 2261 2260 2260 2260 2259 2259 2259 2260 2260 2260 2261 2261 2261 2262 2262 2262 2263 2263 2263 2262 2262 2262 2261 2261 2261 2262 2262 2262 2263 2263 2263 2264 2264 2264 2265 2265 2265 2264 2264 2264 2263 2263 2263 2264 2264 2264 2265 2265 2265 2266 2266 2266 2267 2267 2267 2266 2266 2266 2265 2265 2265 2266 2266 2266 2267 2267 2267 2268 2268 2268 2269 2269 2269 2268 2268 2268 2267 2267 2267 2268 2268 2268 2269 2269 2269 2270 2270 2270 2271 2271 2271 2270 2270 2270 2269 2269 2269 2270 2270 2270 2271 2271 2271 2272 2272 2272 2273 2273 2273 2272 2272 2272 2271 2271 2271 2272 2272 2272 2273 2273 2273 2274 2274 2274 2275 2275 2275 2274 2274 2274 2273 2273 2273 2274 2274 2274 2275 2275 2275 2276 2276 2276 2277 2277 2277 2276 2276 2276 2275 2275 2275 2276 2276 2276 2277 2277 2277 2278 2278 2278 2279 2279 2279 2278 2278 2278 2277 2277 2277 2278 2278 2278 2279 2279 2279 2280 2280 2280 2281 2281 2281 2280 2280 2280 2279 2279 2279 2280 2280 2280 2281 2281 2281 2282 2282 2282 2283 2283 2283 2282 2282 2282 2281 2281 2281 2282 2282 2282 2283 2283 2283 2284 2284 2284 2285 2285 2285 2284 2284 2284 2283 2283 2283 2284 2284 2284 2285 2285 2285 2286 2286 2286 2287 2287 2287 2286 2286 2286 2285 2285 2285 2286 2286 2286 2287 2287 2287 2288 2288 2288 2289 2289 2289 2288 2288 2288 2287 2287 2287 2288 2288 2288 2289 2289 2289 2290 2290 2290 2291 2291 2291 2290 2290 2290 2289 2289 2289 2290 2290 2290 2291 2291 2291 2240 2240 2240 2241 2241 2241 2240 2240 2240 2291 2291 2291 2292 2292 2292 2293 2293 2293 2294 2294 2294 2295 2295 2295 2294 2294 2294 2293 2293 2293 2294 2294 2294 2295 2295 2295 2296 2296 2296 2297 2297 2297 2296 2296 2296 2295 2295 2295 2296 2296 2296 2297 2297 2297 2298 2298 2298 2299 2299 2299 2298 2298 2298 2297 2297 2297 2298 2298 2298 2299 2299 2299 2300 2300 2300 2301 2301 2301 2300 2300 2300 2299 2299 2299 2300 2300 2300 2301 2301 2301 2302 2302 2302 2303 2303 2303 2302 2302 2302 2301 2301 2301 2302 2302 2302 2303 2303 2303 2304 2304 2304 2305 2305 2305 2304 2304 2304 2303 2303 2303 2304 2304 2304 2305 2305 2305 2306 2306 2306 2307 2307 2307 2306 2306 2306 2305 2305 2305 2306 2306 2306 2307 2307 2307 2308 2308 2308 2309 2309 2309 2308 2308 2308 2307 2307 2307 2308 2308 2308 2309 2309 2309 2310 2310 2310 2311 2311 2311 2310 2310 2310 2309 2309 2309 2310 2310 2310 2311 2311 2311 2312 2312 2312 2313 2313 2313 2312 2312 2312 2311 2311 2311 2312 2312 2312 2313 2313 2313 2314 2314 2314 2315 2315 2315 2314 2314 2314 2313 2313 2313 2314 2314 2314 2315 2315 2315 2316 2316 2316 2317 2317 2317 2316 2316 2316 2315 2315 2315 2316 2316 2316 2317 2317 2317 2318 2318 2318 2319 2319 2319 2318 2318 2318 2317 2317 2317 2318 2318 2318 2319 2319 2319 2320 2320 2320 2321 2321 2321 2320 2320 2320 2319 2319 2319 2320 2320 2320 2321 2321 2321 2322 2322 2322 2323 2323 2323 2322 2322 2322 2321 2321 2321 2322 2322 2322 2323 2323 2323 2324 2324 2324 2325 2325 2325 2324 2324 2324 2323 2323 2323 2324 2324 2324 2325 2325 2325 2326 2326 2326 2325 2325 2325 2327 2327 2327 2326 2326 2326 2328 2328 2328 2326 2326 2326 2327 2327 2327 2326 2326 2326 2328 2328 2328 2329 2329 2329 2330 2330 2330 2329 2329 2329 2328 2328 2328 2329 2329 2329 2330 2330 2330 2331 2331 2331 2332 2332 2332 2331 2331 2331 2330 2330 2330 2331 2331 2331 2332 2332 2332 2333 2333 2333 2334 2334 2334 2333 2333 2333 2332 2332 2332 2333 2333 2333 2334 2334 2334 2335 2335 2335 2336 2336 2336 2335 2335 2335 2334 2334 2334 2335 2335 2335 2336 2336 2336 2337 2337 2337 2338 2338 2338 2337 2337 2337 2336 2336 2336 2337 2337 2337 2338 2338 2338 2339 2339 2339 2340 2340 2340 2339 2339 2339 2338 2338 2338 2339 2339 2339 2340 2340 2340 2292 2292 2292 2341 2341 2341 2292 2292 2292 2340 2340 2340 2292 2292 2292 2341 2341 2341 2293 2293 2293 2342 2342 2342 2343 2343 2343 2344 2344 2344 2345 2345 2345 2344 2344 2344 2343 2343 2343 2344 2344 2344 2345 2345 2345 2346 2346 2346 2347 2347 2347 2346 2346 2346 2345 2345 2345 2346 2346 2346 2347 2347 2347 2348 2348 2348 2349 2349 2349 2348 2348 2348 2347 2347 2347 2348 2348 2348 2349 2349 2349 2350 2350 2350 2351 2351 2351 2350 2350 2350 2349 2349 2349 2350 2350 2350 2351 2351 2351 2352 2352 2352 2353 2353 2353 2352 2352 2352 2351 2351 2351 2352 2352 2352 2353 2353 2353 2354 2354 2354 2355 2355 2355 2354 2354 2354 2353 2353 2353 2354 2354 2354 2355 2355 2355 2356 2356 2356 2357 2357 2357 2356 2356 2356 2355 2355 2355 2356 2356 2356 2357 2357 2357 2358 2358 2358 2359 2359 2359 2358 2358 2358 2357 2357 2357 2358 2358 2358 2359 2359 2359 2360 2360 2360 2361 2361 2361 2360 2360 2360 2359 2359 2359 2360 2360 2360 2361 2361 2361 2362 2362 2362 2363 2363 2363 2362 2362 2362 2361 2361 2361 2362 2362 2362 2363 2363 2363 2364 2364 2364 2365 2365 2365 2364 2364 2364 2363 2363 2363 2364 2364 2364 2365 2365 2365 2366 2366 2366 2367 2367 2367 2366 2366 2366 2365 2365 2365 2366 2366 2366 2367 2367 2367 2368 2368 2368 2369 2369 2369 2368 2368 2368 2367 2367 2367 2368 2368 2368 2369 2369 2369 2370 2370 2370 2371 2371 2371 2370 2370 2370 2369 2369 2369 2370 2370 2370 2371 2371 2371 2372 2372 2372 2373 2373 2373 2372 2372 2372 2371 2371 2371 2372 2372 2372 2373 2373 2373 2374 2374 2374 2375 2375 2375 2374 2374 2374 2373 2373 2373 2374 2374 2374 2375 2375 2375 2376 2376 2376 2375 2375 2375 2377 2377 2377 2376 2376 2376 2378 2378 2378 2376 2376 2376 2377 2377 2377 2376 2376 2376 2378 2378 2378 2379 2379 2379 2380 2380 2380 2379 2379 2379 2378 2378 2378 2379 2379 2379 2380 2380 2380 2381 2381 2381 2382 2382 2382 2381 2381 2381 2380 2380 2380 2381 2381 2381 2382 2382 2382 2383 2383 2383 2384 2384 2384 2383 2383 2383 2382 2382 2382 2383 2383 2383 2384 2384 2384 2385 2385 2385 2386 2386 2386 2385 2385 2385 2384 2384 2384 2385 2385 2385 2386 2386 2386 2387 2387 2387 2388 2388 2388 2387 2387 2387 2386 2386 2386 2387 2387 2387 2388 2388 2388 2389 2389 2389 2390 2390 2390 2389 2389 2389 2388 2388 2388 2389 2389 2389 2390 2390 2390 2342 2342 2342 2391 2391 2391 2342 2342 2342 2390 2390 2390 2342 2342 2342 2391 2391 2391 2343 2343 2343 2392 2392 2392 2393 2393 2393 2394 2394 2394 2395 2395 2395 2394 2394 2394 2393 2393 2393 2394 2394 2394 2395 2395 2395 2396 2396 2396 2397 2397 2397 2396 2396 2396 2395 2395 2395 2396 2396 2396 2397 2397 2397 2398 2398 2398 2399 2399 2399 2398 2398 2398 2397 2397 2397 2398 2398 2398 2399 2399 2399 2400 2400 2400 2401 2401 2401 2400 2400 2400 2399 2399 2399 2400 2400 2400 2401 2401 2401 2402 2402 2402 2403 2403 2403 2402 2402 2402 2401 2401 2401 2402 2402 2402 2403 2403 2403 2404 2404 2404 2405 2405 2405 2404 2404 2404 2403 2403 2403 2404 2404 2404 2405 2405 2405 2406 2406 2406 2407 2407 2407 2406 2406 2406 2405 2405 2405 2406 2406 2406 2407 2407 2407 2408 2408 2408 2409 2409 2409 2408 2408 2408 2407 2407 2407 2408 2408 2408 2409 2409 2409 2410 2410 2410 2411 2411 2411 2410 2410 2410 2409 2409 2409 2410 2410 2410 2411 2411 2411 2412 2412 2412 2413 2413 2413 2412 2412 2412 2411 2411 2411 2412 2412 2412 2413 2413 2413 2414 2414 2414 2415 2415 2415 2414 2414 2414 2413 2413 2413 2414 2414 2414 2415 2415 2415 2416 2416 2416 2417 2417 2417 2416 2416 2416 2415 2415 2415 2416 2416 2416 2417 2417 2417 2418 2418 2418 2419 2419 2419 2418 2418 2418 2417 2417 2417 2418 2418 2418 2419 2419 2419 2420 2420 2420 2421 2421 2421 2420 2420 2420 2419 2419 2419 2420 2420 2420 2421 2421 2421 2422 2422 2422 2423 2423 2423 2422 2422 2422 2421 2421 2421 2422 2422 2422 2423 2423 2423 2424 2424 2424 2425 2425 2425 2424 2424 2424 2423 2423 2423 2424 2424 2424 2425 2425 2425 2426 2426 2426 2427 2427 2427 2426 2426 2426 2425 2425 2425 2426 2426 2426 2427 2427 2427 2428 2428 2428 2429 2429 2429 2428 2428 2428 2427 2427 2427 2428 2428 2428 2429 2429 2429 2430 2430 2430 2431 2431 2431 2430 2430 2430 2429 2429 2429 2430 2430 2430 2431 2431 2431 2432 2432 2432 2433 2433 2433 2432 2432 2432 2431 2431 2431 2432 2432 2432 2433 2433 2433 2434 2434 2434 2435 2435 2435 2434 2434 2434 2433 2433 2433 2434 2434 2434 2435 2435 2435 2436 2436 2436 2437 2437 2437 2436 2436 2436 2435 2435 2435 2436 2436 2436 2437 2437 2437 2438 2438 2438 2439 2439 2439 2438 2438 2438 2437 2437 2437 2438 2438 2438 2439 2439 2439 2392 2392 2392 2393 2393 2393 2392 2392 2392 2439 2439 2439 2440 2440 2440 2441 2441 2441 2442 2442 2442 2443 2443 2443 2442 2442 2442 2441 2441 2441 2442 2442 2442 2443 2443 2443 2444 2444 2444 2445 2445 2445 2444 2444 2444 2443 2443 2443 2444 2444 2444 2445 2445 2445 2446 2446 2446 2447 2447 2447 2446 2446 2446 2445 2445 2445 2446 2446 2446 2447 2447 2447 2448 2448 2448 2449 2449 2449 2448 2448 2448 2447 2447 2447 2448 2448 2448 2449 2449 2449 2450 2450 2450 2451 2451 2451 2450 2450 2450 2449 2449 2449 2450 2450 2450 2451 2451 2451 2452 2452 2452 2453 2453 2453 2452 2452 2452 2451 2451 2451 2452 2452 2452 2453 2453 2453 2454 2454 2454 2453 2453 2453 2455 2455 2455 2454 2454 2454 2456 2456 2456 2454 2454 2454 2455 2455 2455 2454 2454 2454 2456 2456 2456 2457 2457 2457 2458 2458 2458 2457 2457 2457 2456 2456 2456 2457 2457 2457 2458 2458 2458 2459 2459 2459 2460 2460 2460 2459 2459 2459 2458 2458 2458 2459 2459 2459 2460 2460 2460 2461 2461 2461 2462 2462 2462 2461 2461 2461 2460 2460 2460 2461 2461 2461 2462 2462 2462 2463 2463 2463 2464 2464 2464 2463 2463 2463 2462 2462 2462 2463 2463 2463 2464 2464 2464 2465 2465 2465 2466 2466 2466 2465 2465 2465 2464 2464 2464 2465 2465 2465 2466 2466 2466 2467 2467 2467 2468 2468 2468 2467 2467 2467 2466 2466 2466 2467 2467 2467 2468 2468 2468 2469 2469 2469 2470 2470 2470 2469 2469 2469 2468 2468 2468 2469 2469 2469 2470 2470 2470 2471 2471 2471 2472 2472 2472 2471 2471 2471 2470 2470 2470 2471 2471 2471 2472 2472 2472 2473 2473 2473 2474 2474 2474 2473 2473 2473 2472 2472 2472 2473 2473 2473 2474 2474 2474 2475 2475 2475 2476 2476 2476 2475 2475 2475 2474 2474 2474 2475 2475 2475 2476 2476 2476 2477 2477 2477 2478 2478 2478 2477 2477 2477 2476 2476 2476 2477 2477 2477 2478 2478 2478 2479 2479 2479 2480 2480 2480 2479 2479 2479 2478 2478 2478 2479 2479 2479 2480 2480 2480 2481 2481 2481 2482 2482 2482 2481 2481 2481 2480 2480 2480 2481 2481 2481 2482 2482 2482 2483 2483 2483 2484 2484 2484 2483 2483 2483 2482 2482 2482 2483 2483 2483 2484 2484 2484 2485 2485 2485 2486 2486 2486 2485 2485 2485 2484 2484 2484 2485 2485 2485 2486 2486 2486 2487 2487 2487 2488 2488 2488 2487 2487 2487 2486 2486 2486 2487 2487 2487 2488 2488 2488 2440 2440 2440 2489 2489 2489 2440 2440 2440 2488 2488 2488 2440 2440 2440 2489 2489 2489 2441 2441 2441 2490 2490 2490 2491 2491 2491 2492 2492 2492 2493 2493 2493 2492 2492 2492 2491 2491 2491 2492 2492 2492 2493 2493 2493 2494 2494 2494 2495 2495 2495 2494 2494 2494 2493 2493 2493 2494 2494 2494 2495 2495 2495 2496 2496 2496 2497 2497 2497 2496 2496 2496 2495 2495 2495 2496 2496 2496 2497 2497 2497 2498 2498 2498 2499 2499 2499 2498 2498 2498 2497 2497 2497 2498 2498 2498 2499 2499 2499 2500 2500 2500 2501 2501 2501 2500 2500 2500 2499 2499 2499 2500 2500 2500 2501 2501 2501 2502 2502 2502 2501 2501 2501 2503 2503 2503 2502 2502 2502 2504 2504 2504 2502 2502 2502 2503 2503 2503 2502 2502 2502 2504 2504 2504 2505 2505 2505 2504 2504 2504 2506 2506 2506 2505 2505 2505 2507 2507 2507 2505 2505 2505 2506 2506 2506 2505 2505 2505 2507 2507 2507 2508 2508 2508 2509 2509 2509 2508 2508 2508 2507 2507 2507 2508 2508 2508 2509 2509 2509 2510 2510 2510 2511 2511 2511 2510 2510 2510 2509 2509 2509 2510 2510 2510 2511 2511 2511 2512 2512 2512 2513 2513 2513 2512 2512 2512 2511 2511 2511 2512 2512 2512 2513 2513 2513 2514 2514 2514 2515 2515 2515 2514 2514 2514 2513 2513 2513 2514 2514 2514 2515 2515 2515 2516 2516 2516 2517 2517 2517 2516 2516 2516 2515 2515 2515 2516 2516 2516 2517 2517 2517 2518 2518 2518 2517 2517 2517 2519 2519 2519 2518 2518 2518 2520 2520 2520 2518 2518 2518 2519 2519 2519 2518 2518 2518 2520 2520 2520 2521 2521 2521 2522 2522 2522 2521 2521 2521 2520 2520 2520 2521 2521 2521 2522 2522 2522 2523 2523 2523 2524 2524 2524 2523 2523 2523 2522 2522 2522 2523 2523 2523 2524 2524 2524 2525 2525 2525 2526 2526 2526 2525 2525 2525 2524 2524 2524 2525 2525 2525 2526 2526 2526 2527 2527 2527 2528 2528 2528 2527 2527 2527 2526 2526 2526 2527 2527 2527 2528 2528 2528 2529 2529 2529 2530 2530 2530 2529 2529 2529 2528 2528 2528 2529 2529 2529 2530 2530 2530 2531 2531 2531 2532 2532 2532 2531 2531 2531 2530 2530 2530 2531 2531 2531 2532 2532 2532 2533 2533 2533 2534 2534 2534 2533 2533 2533 2532 2532 2532 2533 2533 2533 2534 2534 2534 2535 2535 2535 2536 2536 2536 2535 2535 2535 2534 2534 2534 2535 2535 2535 2536 2536 2536 2537 2537 2537 2538 2538 2538 2537 2537 2537 2536 2536 2536 2537 2537 2537 2538 2538 2538 2539 2539 2539 2540 2540 2540 2539 2539 2539 2538 2538 2538 2539 2539 2539 2540 2540 2540 2490 2490 2490 2541 2541 2541 2490 2490 2490 2540 2540 2540 2490 2490 2490 2541 2541 2541 2491 2491 2491 2542 2542 2542 2543 2543 2543 2544 2544 2544 2545 2545 2545 2544 2544 2544 2543 2543 2543 2544 2544 2544 2545 2545 2545 2546 2546 2546 2547 2547 2547 2546 2546 2546 2545 2545 2545 2546 2546 2546 2547 2547 2547 2548 2548 2548 2549 2549 2549 2548 2548 2548 2547 2547 2547 2548 2548 2548 2549 2549 2549 2550 2550 2550 2551 2551 2551 2550 2550 2550 2549 2549 2549 2550 2550 2550 2551 2551 2551 2552 2552 2552 2553 2553 2553 2552 2552 2552 2551 2551 2551 2552 2552 2552 2553 2553 2553 2554 2554 2554 2555 2555 2555 2554 2554 2554 2553 2553 2553 2554 2554 2554 2555 2555 2555 2556 2556 2556 2557 2557 2557 2556 2556 2556 2555 2555 2555 2556 2556 2556 2557 2557 2557 2558 2558 2558 2559 2559 2559 2558 2558 2558 2557 2557 2557 2558 2558 2558 2559 2559 2559 2560 2560 2560 2561 2561 2561 2560 2560 2560 2559 2559 2559 2560 2560 2560 2561 2561 2561 2562 2562 2562 2563 2563 2563 2562 2562 2562 2561 2561 2561 2562 2562 2562 2563 2563 2563 2564 2564 2564 2565 2565 2565 2564 2564 2564 2563 2563 2563 2564 2564 2564 2565 2565 2565 2566 2566 2566 2567 2567 2567 2566 2566 2566 2565 2565 2565 2566 2566 2566 2567 2567 2567 2568 2568 2568 2569 2569 2569 2568 2568 2568 2567 2567 2567 2568 2568 2568 2569 2569 2569 2570 2570 2570 2571 2571 2571 2570 2570 2570 2569 2569 2569 2570 2570 2570 2571 2571 2571 2572 2572 2572 2573 2573 2573 2572 2572 2572 2571 2571 2571 2572 2572 2572 2573 2573 2573 2574 2574 2574 2575 2575 2575 2574 2574 2574 2573 2573 2573 2574 2574 2574 2575 2575 2575 2576 2576 2576 2577 2577 2577 2576 2576 2576 2575 2575 2575 2576 2576 2576 2577 2577 2577 2578 2578 2578 2579 2579 2579 2578 2578 2578 2577 2577 2577 2578 2578 2578 2579 2579 2579 2580 2580 2580 2581 2581 2581 2580 2580 2580 2579 2579 2579 2580 2580 2580 2581 2581 2581 2582 2582 2582 2583 2583 2583 2582 2582 2582 2581 2581 2581 2582 2582 2582 2583 2583 2583 2584 2584 2584 2585 2585 2585 2584 2584 2584 2583 2583 2583 2584 2584 2584 2585 2585 2585 2586 2586 2586 2587 2587 2587 2586 2586 2586 2585 2585 2585 2586 2586 2586 2587 2587 2587 2588 2588 2588 2589 2589 2589 2588 2588 2588 2587 2587 2587 2588 2588 2588 2589 2589 2589 2542 2542 2542 2543 2543 2543 2542 2542 2542 2589 2589 2589 2590 2590 2590 2591 2591 2591 2592 2592 2592 2593 2593 2593 2592 2592 2592 2591 2591 2591 2592 2592 2592 2593 2593 2593 2594 2594 2594 2595 2595 2595 2594 2594 2594 2593 2593 2593 2594 2594 2594 2595 2595 2595 2596 2596 2596 2597 2597 2597 2596 2596 2596 2595 2595 2595 2596 2596 2596 2597 2597 2597 2598 2598 2598 2599 2599 2599 2598 2598 2598 2597 2597 2597 2598 2598 2598 2599 2599 2599 2600 2600 2600 2601 2601 2601 2600 2600 2600 2599 2599 2599 2600 2600 2600 2601 2601 2601 2602 2602 2602 2603 2603 2603 2602 2602 2602 2601 2601 2601 2602 2602 2602 2603 2603 2603 2604 2604 2604 2603 2603 2603 2605 2605 2605 2604 2604 2604 2606 2606 2606 2604 2604 2604 2605 2605 2605 2604 2604 2604 2606 2606 2606 2607 2607 2607 2608 2608 2608 2607 2607 2607 2606 2606 2606 2607 2607 2607 2608 2608 2608 2609 2609 2609 2610 2610 2610 2609 2609 2609 2608 2608 2608 2609 2609 2609 2610 2610 2610 2611 2611 2611 2612 2612 2612 2611 2611 2611 2610 2610 2610 2611 2611 2611 2612 2612 2612 2613 2613 2613 2614 2614 2614 2613 2613 2613 2612 2612 2612 2613 2613 2613 2614 2614 2614 2615 2615 2615 2616 2616 2616 2615 2615 2615 2614 2614 2614 2615 2615 2615 2616 2616 2616 2617 2617 2617 2618 2618 2618 2617 2617 2617 2616 2616 2616 2617 2617 2617 2618 2618 2618 2619 2619 2619 2620 2620 2620 2619 2619 2619 2618 2618 2618 2619 2619 2619 2620 2620 2620 2621 2621 2621 2622 2622 2622 2621 2621 2621 2620 2620 2620 2621 2621 2621 2622 2622 2622 2623 2623 2623 2624 2624 2624 2623 2623 2623 2622 2622 2622 2623 2623 2623 2624 2624 2624 2625 2625 2625 2626 2626 2626 2625 2625 2625 2624 2624 2624 2625 2625 2625 2626 2626 2626 2627 2627 2627 2628 2628 2628 2627 2627 2627 2626 2626 2626 2627 2627 2627 2628 2628 2628 2629 2629 2629 2630 2630 2630 2629 2629 2629 2628 2628 2628 2629 2629 2629 2630 2630 2630 2631 2631 2631 2632 2632 2632 2631 2631 2631 2630 2630 2630 2631 2631 2631 2632 2632 2632 2633 2633 2633 2634 2634 2634 2633 2633 2633 2632 2632 2632 2633 2633 2633 2634 2634 2634 2635 2635 2635 2636 2636 2636 2635 2635 2635 2634 2634 2634 2635 2635 2635 2636 2636 2636 2637 2637 2637 2638 2638 2638 2637 2637 2637 2636 2636 2636 2637 2637 2637 2638 2638 2638 2590 2590 2590 2639 2639 2639 2590 2590 2590 2638 2638 2638 2590 2590 2590 2639 2639 2639 2591 2591 2591 2640 2640 2640 2641 2641 2641 2642 2642 2642 2643 2643 2643 2642 2642 2642 2641 2641 2641 2642 2642 2642 2643 2643 2643 2644 2644 2644 2645 2645 2645 2644 2644 2644 2643 2643 2643 2644 2644 2644 2645 2645 2645 2646 2646 2646 2647 2647 2647 2646 2646 2646 2645 2645 2645 2646 2646 2646 2647 2647 2647 2648 2648 2648 2649 2649 2649 2648 2648 2648 2647 2647 2647 2648 2648 2648 2649 2649 2649 2650 2650 2650 2651 2651 2651 2650 2650 2650 2649 2649 2649 2650 2650 2650 2651 2651 2651 2652 2652 2652 2653 2653 2653 2652 2652 2652 2651 2651 2651 2652 2652 2652 2653 2653 2653 2654 2654 2654 2655 2655 2655 2654 2654 2654 2653 2653 2653 2654 2654 2654 2655 2655 2655 2656 2656 2656 2657 2657 2657 2656 2656 2656 2655 2655 2655 2656 2656 2656 2657 2657 2657 2658 2658 2658 2659 2659 2659 2658 2658 2658 2657 2657 2657 2658 2658 2658 2659 2659 2659 2660 2660 2660 2661 2661 2661 2660 2660 2660 2659 2659 2659 2660 2660 2660 2661 2661 2661 2662 2662 2662 2663 2663 2663 2662 2662 2662 2661 2661 2661 2662 2662 2662 2663 2663 2663 2664 2664 2664 2665 2665 2665 2664 2664 2664 2663 2663 2663 2664 2664 2664 2665 2665 2665 2666 2666 2666 2667 2667 2667 2666 2666 2666 2665 2665 2665 2666 2666 2666 2667 2667 2667 2668 2668 2668 2669 2669 2669 2668 2668 2668 2667 2667 2667 2668 2668 2668 2669 2669 2669 2670 2670 2670 2671 2671 2671 2670 2670 2670 2669 2669 2669 2670 2670 2670 2671 2671 2671 2672 2672 2672 2673 2673 2673 2672 2672 2672 2671 2671 2671 2672 2672 2672 2673 2673 2673 2674 2674 2674 2675 2675 2675 2674 2674 2674 2673 2673 2673 2674 2674 2674 2675 2675 2675 2676 2676 2676 2677 2677 2677 2676 2676 2676 2675 2675 2675 2676 2676 2676 2677 2677 2677 2678 2678 2678 2679 2679 2679 2678 2678 2678 2677 2677 2677 2678 2678 2678 2679 2679 2679 2680 2680 2680 2681 2681 2681 2680 2680 2680 2679 2679 2679 2680 2680 2680 2681 2681 2681 2682 2682 2682 2683 2683 2683 2682 2682 2682 2681 2681 2681 2682 2682 2682 2683 2683 2683 2684 2684 2684 2685 2685 2685 2684 2684 2684 2683 2683 2683 2684 2684 2684 2685 2685 2685 2686 2686 2686 2687 2687 2687 2686 2686 2686 2685 2685 2685 2686 2686 2686 2687 2687 2687 2640 2640 2640 2641 2641 2641 2640 2640 2640 2687 2687 2687 2688 2688 2688 2689 2689 2689 2690 2690 2690 2691 2691 2691 2690 2690 2690 2689 2689 2689 2690 2690 2690 2691 2691 2691 2692 2692 2692 2693 2693 2693 2692 2692 2692 2691 2691 2691 2692 2692 2692 2693 2693 2693 2694 2694 2694 2695 2695 2695 2694 2694 2694 2693 2693 2693 2694 2694 2694 2695 2695 2695 2696 2696 2696 2697 2697 2697 2696 2696 2696 2695 2695 2695 2696 2696 2696 2697 2697 2697 2698 2698 2698 2699 2699 2699 2698 2698 2698 2697 2697 2697 2698 2698 2698 2699 2699 2699 2700 2700 2700 2701 2701 2701 2700 2700 2700 2699 2699 2699 2700 2700 2700 2701 2701 2701 2702 2702 2702 2703 2703 2703 2702 2702 2702 2701 2701 2701 2702 2702 2702 2703 2703 2703 2704 2704 2704 2705 2705 2705 2704 2704 2704 2703 2703 2703 2704 2704 2704 2705 2705 2705 2706 2706 2706 2707 2707 2707 2706 2706 2706 2705 2705 2705 2706 2706 2706 2707 2707 2707 2708 2708 2708 2709 2709 2709 2708 2708 2708 2707 2707 2707 2708 2708 2708 2709 2709 2709 2710 2710 2710 2711 2711 2711 2710 2710 2710 2709 2709 2709 2710 2710 2710 2711 2711 2711 2712 2712 2712 2713 2713 2713 2712 2712 2712 2711 2711 2711 2712 2712 2712 2713 2713 2713 2714 2714 2714 2715 2715 2715 2714 2714 2714 2713 2713 2713 2714 2714 2714 2715 2715 2715 2716 2716 2716 2717 2717 2717 2716 2716 2716 2715 2715 2715 2716 2716 2716 2717 2717 2717 2718 2718 2718 2719 2719 2719 2718 2718 2718 2717 2717 2717 2718 2718 2718 2719 2719 2719 2720 2720 2720 2721 2721 2721 2720 2720 2720 2719 2719 2719 2720 2720 2720 2721 2721 2721 2722 2722 2722 2723 2723 2723 2722 2722 2722 2721 2721 2721 2722 2722 2722 2723 2723 2723 2724 2724 2724 2725 2725 2725 2724 2724 2724 2723 2723 2723 2724 2724 2724 2725 2725 2725 2726 2726 2726 2727 2727 2727 2726 2726 2726 2725 2725 2725 2726 2726 2726 2727 2727 2727 2728 2728 2728 2729 2729 2729 2728 2728 2728 2727 2727 2727 2728 2728 2728 2729 2729 2729 2730 2730 2730 2731 2731 2731 2730 2730 2730 2729 2729 2729 2730 2730 2730 2731 2731 2731 2732 2732 2732 2733 2733 2733 2732 2732 2732 2731 2731 2731 2732 2732 2732 2733 2733 2733 2734 2734 2734 2735 2735 2735 2734 2734 2734 2733 2733 2733 2734 2734 2734 2735 2735 2735 2736 2736 2736 2737 2737 2737 2736 2736 2736 2735 2735 2735 2736 2736 2736 2737 2737 2737 2738 2738 2738 2739 2739 2739 2738 2738 2738 2737 2737 2737 2738 2738 2738 2739 2739 2739 2688 2688 2688 2689 2689 2689 2688 2688 2688 2739 2739 2739 2740 2740 2740 2741 2741 2741 2742 2742 2742 2743 2743 2743 2742 2742 2742 2741 2741 2741 2742 2742 2742 2743 2743 2743 2744 2744 2744 2745 2745 2745 2744 2744 2744 2743 2743 2743 2744 2744 2744 2745 2745 2745 2746 2746 2746 2747 2747 2747 2746 2746 2746 2745 2745 2745 2746 2746 2746 2747 2747 2747 2748 2748 2748 2749 2749 2749 2748 2748 2748 2747 2747 2747 2748 2748 2748 2749 2749 2749 2750 2750 2750 2751 2751 2751 2750 2750 2750 2749 2749 2749 2750 2750 2750 2751 2751 2751 2752 2752 2752 2753 2753 2753 2752 2752 2752 2751 2751 2751 2752 2752 2752 2753 2753 2753 2754 2754 2754 2755 2755 2755 2754 2754 2754 2753 2753 2753 2754 2754 2754 2755 2755 2755 2756 2756 2756 2757 2757 2757 2756 2756 2756 2755 2755 2755 2756 2756 2756 2757 2757 2757 2758 2758 2758 2759 2759 2759 2758 2758 2758 2757 2757 2757 2758 2758 2758 2759 2759 2759 2760 2760 2760 2761 2761 2761 2760 2760 2760 2759 2759 2759 2760 2760 2760 2761 2761 2761 2762 2762 2762 2763 2763 2763 2762 2762 2762 2761 2761 2761 2762 2762 2762 2763 2763 2763 2764 2764 2764 2765 2765 2765 2764 2764 2764 2763 2763 2763 2764 2764 2764 2765 2765 2765 2766 2766 2766 2767 2767 2767 2766 2766 2766 2765 2765 2765 2766 2766 2766 2767 2767 2767 2768 2768 2768 2769 2769 2769 2768 2768 2768 2767 2767 2767 2768 2768 2768 2769 2769 2769 2770 2770 2770 2771 2771 2771 2770 2770 2770 2769 2769 2769 2770 2770 2770 2771 2771 2771 2772 2772 2772 2773 2773 2773 2772 2772 2772 2771 2771 2771 2772 2772 2772 2773 2773 2773 2774 2774 2774 2775 2775 2775 2774 2774 2774 2773 2773 2773 2774 2774 2774 2775 2775 2775 2776 2776 2776 2777 2777 2777 2776 2776 2776 2775 2775 2775 2776 2776 2776 2777 2777 2777 2778 2778 2778 2779 2779 2779 2778 2778 2778 2777 2777 2777 2778 2778 2778 2779 2779 2779 2780 2780 2780 2781 2781 2781 2780 2780 2780 2779 2779 2779 2780 2780 2780 2781 2781 2781 2782 2782 2782 2783 2783 2783 2782 2782 2782 2781 2781 2781 2782 2782 2782 2783 2783 2783 2784 2784 2784 2785 2785 2785 2784 2784 2784 2783 2783 2783 2784 2784 2784 2785 2785 2785 2786 2786 2786 2787 2787 2787 2786 2786 2786 2785 2785 2785 2786 2786 2786 2787 2787 2787 2740 2740 2740 2741 2741 2741 2740 2740 2740 2787 2787 2787 2788 2788 2788 2789 2789 2789 2790 2790 2790 2791 2791 2791 2790 2790 2790 2789 2789 2789 2790 2790 2790 2791 2791 2791 2792 2792 2792 2793 2793 2793 2792 2792 2792 2791 2791 2791 2792 2792 2792 2793 2793 2793 2794 2794 2794 2794 2794 2794 2793 2793 2793 2795 2795 2795 2796 2796 2796 2795 2795 2795 2793 2793 2793 2795 2795 2795 2796 2796 2796 2797 2797 2797 2798 2798 2798 2797 2797 2797 2796 2796 2796 2797 2797 2797 2798 2798 2798 2799 2799 2799 2800 2800 2800 2799 2799 2799 2798 2798 2798 2799 2799 2799 2800 2800 2800 2801 2801 2801 2802 2802 2802 2801 2801 2801 2800 2800 2800 2801 2801 2801 2802 2802 2802 2803 2803 2803 2804 2804 2804 2803 2803 2803 2802 2802 2802 2803 2803 2803 2804 2804 2804 2805 2805 2805 2806 2806 2806 2805 2805 2805 2804 2804 2804 2805 2805 2805 2806 2806 2806 2807 2807 2807 2808 2808 2808 2807 2807 2807 2806 2806 2806 2807 2807 2807 2808 2808 2808 2809 2809 2809 2810 2810 2810 2809 2809 2809 2808 2808 2808 2809 2809 2809 2810 2810 2810 2811 2811 2811 2812 2812 2812 2811 2811 2811 2810 2810 2810 2811 2811 2811 2812 2812 2812 2813 2813 2813 2814 2814 2814 2813 2813 2813 2812 2812 2812 2813 2813 2813 2814 2814 2814 2815 2815 2815 2816 2816 2816 2815 2815 2815 2814 2814 2814 2815 2815 2815 2816 2816 2816 2817 2817 2817 2818 2818 2818 2817 2817 2817 2816 2816 2816 2817 2817 2817 2818 2818 2818 2819 2819 2819 2820 2820 2820 2819 2819 2819 2818 2818 2818 2819 2819 2819 2820 2820 2820 2821 2821 2821 2822 2822 2822 2821 2821 2821 2820 2820 2820 2821 2821 2821 2822 2822 2822 2823 2823 2823 2824 2824 2824 2823 2823 2823 2822 2822 2822 2823 2823 2823 2824 2824 2824 2825 2825 2825 2826 2826 2826 2825 2825 2825 2824 2824 2824 2825 2825 2825 2826 2826 2826 2827 2827 2827 2828 2828 2828 2827 2827 2827 2826 2826 2826 2827 2827 2827 2828 2828 2828 2829 2829 2829 2830 2830 2830 2829 2829 2829 2828 2828 2828 2829 2829 2829 2830 2830 2830 2831 2831 2831 2832 2832 2832 2831 2831 2831 2830 2830 2830 2831 2831 2831 2832 2832 2832 2833 2833 2833 2834 2834 2834 2833 2833 2833 2832 2832 2832 2833 2833 2833 2834 2834 2834 2835 2835 2835 2836 2836 2836 2835 2835 2835 2834 2834 2834 2835 2835 2835 2836 2836 2836 2837 2837 2837 2838 2838 2838 2837 2837 2837 2836 2836 2836 2837 2837 2837 2838 2838 2838 2788 2788 2788 2839 2839 2839 2788 2788 2788 2838 2838 2838 2788 2788 2788 2839 2839 2839 2789 2789 2789 2840 2840 2840 2841 2841 2841 2842 2842 2842 2843 2843 2843 2842 2842 2842 2841 2841 2841 2842 2842 2842 2843 2843 2843 2844 2844 2844 2845 2845 2845 2844 2844 2844 2843 2843 2843 2844 2844 2844 2845 2845 2845 2846 2846 2846 2847 2847 2847 2846 2846 2846 2845 2845 2845 2846 2846 2846 2847 2847 2847 2848 2848 2848 2849 2849 2849 2848 2848 2848 2847 2847 2847 2848 2848 2848 2849 2849 2849 2850 2850 2850 2851 2851 2851 2850 2850 2850 2849 2849 2849 2850 2850 2850 2851 2851 2851 2852 2852 2852 2853 2853 2853 2852 2852 2852 2851 2851 2851 2852 2852 2852 2853 2853 2853 2854 2854 2854 2855 2855 2855 2854 2854 2854 2853 2853 2853 2854 2854 2854 2855 2855 2855 2856 2856 2856 2857 2857 2857 2856 2856 2856 2855 2855 2855 2856 2856 2856 2857 2857 2857 2858 2858 2858 2859 2859 2859 2858 2858 2858 2857 2857 2857 2858 2858 2858 2859 2859 2859 2860 2860 2860 2861 2861 2861 2860 2860 2860 2859 2859 2859 2860 2860 2860 2861 2861 2861 2862 2862 2862 2863 2863 2863 2862 2862 2862 2861 2861 2861 2862 2862 2862 2863 2863 2863 2864 2864 2864 2865 2865 2865 2864 2864 2864 2863 2863 2863 2864 2864 2864 2865 2865 2865 2866 2866 2866 2867 2867 2867 2866 2866 2866 2865 2865 2865 2866 2866 2866 2867 2867 2867 2868 2868 2868 2869 2869 2869 2868 2868 2868 2867 2867 2867 2868 2868 2868 2869 2869 2869 2870 2870 2870 2871 2871 2871 2870 2870 2870 2869 2869 2869 2870 2870 2870 2871 2871 2871 2872 2872 2872 2873 2873 2873 2872 2872 2872 2871 2871 2871 2872 2872 2872 2873 2873 2873 2874 2874 2874 2875 2875 2875 2874 2874 2874 2873 2873 2873 2874 2874 2874 2875 2875 2875 2876 2876 2876 2877 2877 2877 2876 2876 2876 2875 2875 2875 2876 2876 2876 2877 2877 2877 2878 2878 2878 2879 2879 2879 2878 2878 2878 2877 2877 2877 2878 2878 2878 2879 2879 2879 2880 2880 2880 2881 2881 2881 2880 2880 2880 2879 2879 2879 2880 2880 2880 2881 2881 2881 2882 2882 2882 2883 2883 2883 2882 2882 2882 2881 2881 2881 2882 2882 2882 2883 2883 2883 2884 2884 2884 2885 2885 2885 2884 2884 2884 2883 2883 2883 2884 2884 2884 2885 2885 2885 2886 2886 2886 2887 2887 2887 2886 2886 2886 2885 2885 2885 2886 2886 2886 2887 2887 2887 2840 2840 2840 2841 2841 2841 2840 2840 2840 2887 2887 2887 2888 2888 2888 2889 2889 2889 2890 2890 2890 2891 2891 2891 2890 2890 2890 2889 2889 2889 2890 2890 2890 2891 2891 2891 2892 2892 2892 2893 2893 2893 2892 2892 2892 2891 2891 2891 2892 2892 2892 2893 2893 2893 2894 2894 2894 2895 2895 2895 2894 2894 2894 2893 2893 2893 2894 2894 2894 2895 2895 2895 2896 2896 2896 2897 2897 2897 2896 2896 2896 2895 2895 2895 2896 2896 2896 2897 2897 2897 2898 2898 2898 2899 2899 2899 2898 2898 2898 2897 2897 2897 2898 2898 2898 2899 2899 2899 2900 2900 2900 2901 2901 2901 2900 2900 2900 2899 2899 2899 2900 2900 2900 2901 2901 2901 2902 2902 2902 2903 2903 2903 2902 2902 2902 2901 2901 2901 2902 2902 2902 2903 2903 2903 2904 2904 2904 2905 2905 2905 2904 2904 2904 2903 2903 2903 2904 2904 2904 2905 2905 2905 2906 2906 2906 2907 2907 2907 2906 2906 2906 2905 2905 2905 2906 2906 2906 2907 2907 2907 2908 2908 2908 2909 2909 2909 2908 2908 2908 2907 2907 2907 2908 2908 2908 2909 2909 2909 2910 2910 2910 2911 2911 2911 2910 2910 2910 2909 2909 2909 2910 2910 2910 2911 2911 2911 2912 2912 2912 2913 2913 2913 2912 2912 2912 2911 2911 2911 2912 2912 2912 2913 2913 2913 2914 2914 2914 2915 2915 2915 2914 2914 2914 2913 2913 2913 2914 2914 2914 2915 2915 2915 2916 2916 2916 2917 2917 2917 2916 2916 2916 2915 2915 2915 2916 2916 2916 2917 2917 2917 2918 2918 2918 2919 2919 2919 2918 2918 2918 2917 2917 2917 2918 2918 2918 2919 2919 2919 2920 2920 2920 2921 2921 2921 2920 2920 2920 2919 2919 2919 2920 2920 2920 2921 2921 2921 2922 2922 2922 2923 2923 2923 2922 2922 2922 2921 2921 2921 2922 2922 2922 2923 2923 2923 2924 2924 2924 2925 2925 2925 2924 2924 2924 2923 2923 2923 2924 2924 2924 2925 2925 2925 2926 2926 2926 2927 2927 2927 2926 2926 2926 2925 2925 2925 2926 2926 2926 2927 2927 2927 2928 2928 2928 2929 2929 2929 2928 2928 2928 2927 2927 2927 2928 2928 2928 2929 2929 2929 2930 2930 2930 2931 2931 2931 2930 2930 2930 2929 2929 2929 2930 2930 2930 2931 2931 2931 2932 2932 2932 2933 2933 2933 2932 2932 2932 2931 2931 2931 2932 2932 2932 2933 2933 2933 2934 2934 2934 2935 2935 2935 2934 2934 2934 2933 2933 2933 2934 2934 2934 2935 2935 2935 2936 2936 2936 2937 2937 2937 2936 2936 2936 2935 2935 2935 2936 2936 2936 2937 2937 2937 2938 2938 2938 2939 2939 2939 2938 2938 2938 2937 2937 2937 2938 2938 2938 2939 2939 2939 2888 2888 2888 2889 2889 2889 2888 2888 2888 2939 2939 2939 2940 2940 2940 2941 2941 2941 2942 2942 2942 2943 2943 2943 2942 2942 2942 2941 2941 2941 2942 2942 2942 2943 2943 2943 2944 2944 2944 2945 2945 2945 2944 2944 2944 2943 2943 2943 2944 2944 2944 2945 2945 2945 2946 2946 2946 2947 2947 2947 2946 2946 2946 2945 2945 2945 2946 2946 2946 2947 2947 2947 2948 2948 2948 2949 2949 2949 2948 2948 2948 2947 2947 2947 2948 2948 2948 2949 2949 2949 2950 2950 2950 2951 2951 2951 2950 2950 2950 2949 2949 2949 2950 2950 2950 2951 2951 2951 2952 2952 2952 2953 2953 2953 2952 2952 2952 2951 2951 2951 2952 2952 2952 2953 2953 2953 2954 2954 2954 2955 2955 2955 2954 2954 2954 2953 2953 2953 2954 2954 2954 2955 2955 2955 2956 2956 2956 2957 2957 2957 2956 2956 2956 2955 2955 2955 2956 2956 2956 2957 2957 2957 2958 2958 2958 2959 2959 2959 2958 2958 2958 2957 2957 2957 2958 2958 2958 2959 2959 2959 2960 2960 2960 2961 2961 2961 2960 2960 2960 2959 2959 2959 2960 2960 2960 2961 2961 2961 2962 2962 2962 2963 2963 2963 2962 2962 2962 2961 2961 2961 2962 2962 2962 2963 2963 2963 2964 2964 2964 2965 2965 2965 2964 2964 2964 2963 2963 2963 2964 2964 2964 2965 2965 2965 2966 2966 2966 2967 2967 2967 2966 2966 2966 2965 2965 2965 2966 2966 2966 2967 2967 2967 2968 2968 2968 2969 2969 2969 2968 2968 2968 2967 2967 2967 2968 2968 2968 2969 2969 2969 2970 2970 2970 2971 2971 2971 2970 2970 2970 2969 2969 2969 2970 2970 2970 2971 2971 2971 2972 2972 2972 2973 2973 2973 2972 2972 2972 2971 2971 2971 2972 2972 2972 2973 2973 2973 2974 2974 2974 2975 2975 2975 2974 2974 2974 2973 2973 2973 2974 2974 2974 2975 2975 2975 2976 2976 2976 2977 2977 2977 2976 2976 2976 2975 2975 2975 2976 2976 2976 2977 2977 2977 2978 2978 2978 2979 2979 2979 2978 2978 2978 2977 2977 2977 2978 2978 2978 2979 2979 2979 2980 2980 2980 2981 2981 2981 2980 2980 2980 2979 2979 2979 2980 2980 2980 2981 2981 2981 2982 2982 2982 2983 2983 2983 2982 2982 2982 2981 2981 2981 2982 2982 2982 2983 2983 2983 2984 2984 2984 2985 2985 2985 2984 2984 2984 2983 2983 2983 2984 2984 2984 2985 2985 2985 2986 2986 2986 2987 2987 2987 2986 2986 2986 2985 2985 2985 2986 2986 2986 2987 2987 2987 2940 2940 2940 2941 2941 2941 2940 2940 2940 2987 2987 2987 2988 2988 2988 2989 2989 2989 2990 2990 2990 2991 2991 2991 2990 2990 2990 2989 2989 2989 2990 2990 2990 2991 2991 2991 2992 2992 2992 2993 2993 2993 2992 2992 2992 2991 2991 2991 2992 2992 2992 2993 2993 2993 2994 2994 2994 2995 2995 2995 2994 2994 2994 2993 2993 2993 2994 2994 2994 2995 2995 2995 2996 2996 2996 2997 2997 2997 2996 2996 2996 2995 2995 2995 2996 2996 2996 2997 2997 2997 2998 2998 2998 2999 2999 2999 2998 2998 2998 2997 2997 2997 2998 2998 2998 2999 2999 2999 3000 3000 3000 3001 3001 3001 3000 3000 3000 2999 2999 2999 3000 3000 3000 3001 3001 3001 3002 3002 3002 3003 3003 3003 3002 3002 3002 3001 3001 3001 3002 3002 3002 3003 3003 3003 3004 3004 3004 3005 3005 3005 3004 3004 3004 3003 3003 3003 3004 3004 3004 3005 3005 3005 3006 3006 3006 3007 3007 3007 3006 3006 3006 3005 3005 3005 3006 3006 3006 3007 3007 3007 3008 3008 3008 3009 3009 3009 3008 3008 3008 3007 3007 3007 3008 3008 3008 3009 3009 3009 3010 3010 3010 3011 3011 3011 3010 3010 3010 3009 3009 3009 3010 3010 3010 3011 3011 3011 3012 3012 3012 3013 3013 3013 3012 3012 3012 3011 3011 3011 3012 3012 3012 3013 3013 3013 3014 3014 3014 3015 3015 3015 3014 3014 3014 3013 3013 3013 3014 3014 3014 3015 3015 3015 3016 3016 3016 3017 3017 3017 3016 3016 3016 3015 3015 3015 3016 3016 3016 3017 3017 3017 3018 3018 3018 3019 3019 3019 3018 3018 3018 3017 3017 3017 3018 3018 3018 3019 3019 3019 3020 3020 3020 3021 3021 3021 3020 3020 3020 3019 3019 3019 3020 3020 3020 3021 3021 3021 3022 3022 3022 3023 3023 3023 3022 3022 3022 3021 3021 3021 3022 3022 3022 3023 3023 3023 3024 3024 3024 3025 3025 3025 3024 3024 3024 3023 3023 3023 3024 3024 3024 3025 3025 3025 3026 3026 3026 3027 3027 3027 3026 3026 3026 3025 3025 3025 3026 3026 3026 3027 3027 3027 3028 3028 3028 3029 3029 3029 3028 3028 3028 3027 3027 3027 3028 3028 3028 3029 3029 3029 3030 3030 3030 3031 3031 3031 3030 3030 3030 3029 3029 3029 3030 3030 3030 3031 3031 3031 3032 3032 3032 3033 3033 3033 3032 3032 3032 3031 3031 3031 3032 3032 3032 3033 3033 3033 3034 3034 3034 3035 3035 3035 3034 3034 3034 3033 3033 3033 3034 3034 3034 3035 3035 3035 2988 2988 2988 2989 2989 2989 2988 2988 2988 3035 3035 3035 3036 3036 3036 3037 3037 3037 3038 3038 3038 3039 3039 3039 3038 3038 3038 3037 3037 3037 3038 3038 3038 3039 3039 3039 3040 3040 3040 3041 3041 3041 3040 3040 3040 3039 3039 3039 3040 3040 3040 3041 3041 3041 3042 3042 3042 3043 3043 3043 3042 3042 3042 3041 3041 3041 3042 3042 3042 3043 3043 3043 3044 3044 3044 3045 3045 3045 3044 3044 3044 3043 3043 3043 3044 3044 3044 3045 3045 3045 3046 3046 3046 3047 3047 3047 3046 3046 3046 3045 3045 3045 3046 3046 3046 3047 3047 3047 3048 3048 3048 3049 3049 3049 3048 3048 3048 3047 3047 3047 3048 3048 3048 3049 3049 3049 3050 3050 3050 3051 3051 3051 3050 3050 3050 3049 3049 3049 3050 3050 3050 3051 3051 3051 3052 3052 3052 3053 3053 3053 3052 3052 3052 3051 3051 3051 3052 3052 3052 3053 3053 3053 3054 3054 3054 3055 3055 3055 3054 3054 3054 3053 3053 3053 3054 3054 3054 3055 3055 3055 3056 3056 3056 3057 3057 3057 3056 3056 3056 3055 3055 3055 3056 3056 3056 3057 3057 3057 3058 3058 3058 3057 3057 3057 3059 3059 3059 3058 3058 3058 3060 3060 3060 3058 3058 3058 3059 3059 3059 3058 3058 3058 3060 3060 3060 3061 3061 3061 3062 3062 3062 3061 3061 3061 3060 3060 3060 3061 3061 3061 3062 3062 3062 3063 3063 3063 3064 3064 3064 3063 3063 3063 3062 3062 3062 3063 3063 3063 3064 3064 3064 3065 3065 3065 3066 3066 3066 3065 3065 3065 3064 3064 3064 3065 3065 3065 3066 3066 3066 3067 3067 3067 3068 3068 3068 3067 3067 3067 3066 3066 3066 3067 3067 3067 3068 3068 3068 3069 3069 3069 3070 3070 3070 3069 3069 3069 3068 3068 3068 3069 3069 3069 3070 3070 3070 3071 3071 3071 3070 3070 3070 3072 3072 3072 3071 3071 3071 3073 3073 3073 3071 3071 3071 3072 3072 3072 3071 3071 3071 3073 3073 3073 3074 3074 3074 3073 3073 3073 3075 3075 3075 3074 3074 3074 3076 3076 3076 3074 3074 3074 3075 3075 3075 3074 3074 3074 3076 3076 3076 3077 3077 3077 3078 3078 3078 3077 3077 3077 3076 3076 3076 3077 3077 3077 3078 3078 3078 3079 3079 3079 3080 3080 3080 3079 3079 3079 3078 3078 3078 3079 3079 3079 3080 3080 3080 3081 3081 3081 3082 3082 3082 3081 3081 3081 3080 3080 3080 3081 3081 3081 3082 3082 3082 3083 3083 3083 3084 3084 3084 3083 3083 3083 3082 3082 3082 3083 3083 3083 3084 3084 3084 3085 3085 3085 3086 3086 3086 3085 3085 3085 3084 3084 3084 3085 3085 3085 3086 3086 3086 3036 3036 3036 3087 3087 3087 3036 3036 3036 3086 3086 3086 3036 3036 3036 3087 3087 3087 3037 3037 3037 3088 3088 3088 3089 3089 3089 3090 3090 3090 3091 3091 3091 3090 3090 3090 3089 3089 3089 3090 3090 3090 3091 3091 3091 3092 3092 3092 3093 3093 3093 3092 3092 3092 3091 3091 3091 3092 3092 3092 3093 3093 3093 3094 3094 3094 3095 3095 3095 3094 3094 3094 3093 3093 3093 3094 3094 3094 3095 3095 3095 3096 3096 3096 3097 3097 3097 3096 3096 3096 3095 3095 3095 3096 3096 3096 3097 3097 3097 3098 3098 3098 3099 3099 3099 3098 3098 3098 3097 3097 3097 3098 3098 3098 3099 3099 3099 3100 3100 3100 3101 3101 3101 3100 3100 3100 3099 3099 3099 3100 3100 3100 3101 3101 3101 3102 3102 3102 3101 3101 3101 3103 3103 3103 3102 3102 3102 3104 3104 3104 3102 3102 3102 3103 3103 3103 3102 3102 3102 3104 3104 3104 3105 3105 3105 3106 3106 3106 3105 3105 3105 3104 3104 3104 3105 3105 3105 3106 3106 3106 3107 3107 3107 3108 3108 3108 3107 3107 3107 3106 3106 3106 3107 3107 3107 3108 3108 3108 3109 3109 3109 3110 3110 3110 3109 3109 3109 3108 3108 3108 3109 3109 3109 3110 3110 3110 3111 3111 3111 3112 3112 3112 3111 3111 3111 3110 3110 3110 3111 3111 3111 3112 3112 3112 3113 3113 3113 3114 3114 3114 3113 3113 3113 3112 3112 3112 3113 3113 3113 3114 3114 3114 3115 3115 3115 3116 3116 3116 3115 3115 3115 3114 3114 3114 3115 3115 3115 3116 3116 3116 3117 3117 3117 3118 3118 3118 3117 3117 3117 3116 3116 3116 3117 3117 3117 3118 3118 3118 3119 3119 3119 3120 3120 3120 3119 3119 3119 3118 3118 3118 3119 3119 3119 3120 3120 3120 3121 3121 3121 3122 3122 3122 3121 3121 3121 3120 3120 3120 3121 3121 3121 3122 3122 3122 3123 3123 3123 3124 3124 3124 3123 3123 3123 3122 3122 3122 3123 3123 3123 3124 3124 3124 3125 3125 3125 3126 3126 3126 3125 3125 3125 3124 3124 3124 3125 3125 3125 3126 3126 3126 3127 3127 3127 3128 3128 3128 3127 3127 3127 3126 3126 3126 3127 3127 3127 3128 3128 3128 3129 3129 3129 3130 3130 3130 3129 3129 3129 3128 3128 3128 3129 3129 3129 3130 3130 3130 3131 3131 3131 3132 3132 3132 3131 3131 3131 3130 3130 3130 3131 3131 3131 3132 3132 3132 3133 3133 3133 3134 3134 3134 3133 3133 3133 3132 3132 3132 3133 3133 3133 3134 3134 3134 3135 3135 3135 3136 3136 3136 3135 3135 3135 3134 3134 3134 3135 3135 3135 3136 3136 3136 3088 3088 3088 3137 3137 3137 3088 3088 3088 3136 3136 3136 3088 3088 3088 3137 3137 3137 3089 3089 3089 3138 3138 3138 3139 3139 3139 3140 3140 3140 3141 3141 3141 3140 3140 3140 3139 3139 3139 3140 3140 3140 3141 3141 3141 3142 3142 3142 3143 3143 3143 3142 3142 3142 3141 3141 3141 3142 3142 3142 3143 3143 3143 3144 3144 3144 3145 3145 3145 3144 3144 3144 3143 3143 3143 3144 3144 3144 3145 3145 3145 3146 3146 3146 3147 3147 3147 3146 3146 3146 3145 3145 3145 3146 3146 3146 3147 3147 3147 3148 3148 3148 3149 3149 3149 3148 3148 3148 3147 3147 3147 3148 3148 3148 3149 3149 3149 3150 3150 3150 3151 3151 3151 3150 3150 3150 3149 3149 3149 3150 3150 3150 3151 3151 3151 3152 3152 3152 3153 3153 3153 3152 3152 3152 3151 3151 3151 3152 3152 3152 3153 3153 3153 3154 3154 3154 3155 3155 3155 3154 3154 3154 3153 3153 3153 3154 3154 3154 3155 3155 3155 3156 3156 3156 3157 3157 3157 3156 3156 3156 3155 3155 3155 3156 3156 3156 3157 3157 3157 3158 3158 3158 3159 3159 3159 3158 3158 3158 3157 3157 3157 3158 3158 3158 3159 3159 3159 3160 3160 3160 3161 3161 3161 3160 3160 3160 3159 3159 3159 3160 3160 3160 3161 3161 3161 3162 3162 3162 3163 3163 3163 3162 3162 3162 3161 3161 3161 3162 3162 3162 3163 3163 3163 3164 3164 3164 3165 3165 3165 3164 3164 3164 3163 3163 3163 3164 3164 3164 3165 3165 3165 3166 3166 3166 3167 3167 3167 3166 3166 3166 3165 3165 3165 3166 3166 3166 3167 3167 3167 3168 3168 3168 3169 3169 3169 3168 3168 3168 3167 3167 3167 3168 3168 3168 3169 3169 3169 3170 3170 3170 3171 3171 3171 3170 3170 3170 3169 3169 3169 3170 3170 3170 3171 3171 3171 3172 3172 3172 3171 3171 3171 3173 3173 3173 3172 3172 3172 3174 3174 3174 3172 3172 3172 3173 3173 3173 3172 3172 3172 3174 3174 3174 3175 3175 3175 3176 3176 3176 3175 3175 3175 3174 3174 3174 3175 3175 3175 3176 3176 3176 3177 3177 3177 3178 3178 3178 3177 3177 3177 3176 3176 3176 3177 3177 3177 3178 3178 3178 3179 3179 3179 3180 3180 3180 3179 3179 3179 3178 3178 3178 3179 3179 3179 3180 3180 3180 3181 3181 3181 3182 3182 3182 3181 3181 3181 3180 3180 3180 3181 3181 3181 3182 3182 3182 3183 3183 3183 3184 3184 3184 3183 3183 3183 3182 3182 3182 3183 3183 3183 3184 3184 3184 3185 3185 3185 3186 3186 3186 3185 3185 3185 3184 3184 3184 3185 3185 3185 3186 3186 3186 3138 3138 3138 3187 3187 3187 3138 3138 3138 3186 3186 3186 3138 3138 3138 3187 3187 3187 3139 3139 3139 3188 3188 3188 3189 3189 3189 3190 3190 3190 3191 3191 3191 3190 3190 3190 3189 3189 3189 3190 3190 3190 3191 3191 3191 3192 3192 3192 3193 3193 3193 3192 3192 3192 3191 3191 3191 3192 3192 3192 3193 3193 3193 3194 3194 3194 3195 3195 3195 3194 3194 3194 3193 3193 3193 3194 3194 3194 3195 3195 3195 3196 3196 3196 3197 3197 3197 3196 3196 3196 3195 3195 3195 3196 3196 3196 3197 3197 3197 3198 3198 3198 3199 3199 3199 3198 3198 3198 3197 3197 3197 3198 3198 3198 3199 3199 3199 3200 3200 3200 3201 3201 3201 3200 3200 3200 3199 3199 3199 3200 3200 3200 3201 3201 3201 3202 3202 3202 3203 3203 3203 3202 3202 3202 3201 3201 3201 3202 3202 3202 3203 3203 3203 3204 3204 3204 3205 3205 3205 3204 3204 3204 3203 3203 3203 3204 3204 3204 3205 3205 3205 3206 3206 3206 3207 3207 3207 3206 3206 3206 3205 3205 3205 3206 3206 3206 3207 3207 3207 3208 3208 3208 3209 3209 3209 3208 3208 3208 3207 3207 3207 3208 3208 3208 3209 3209 3209 3210 3210 3210 3211 3211 3211 3210 3210 3210 3209 3209 3209 3210 3210 3210 3211 3211 3211 3212 3212 3212 3213 3213 3213 3212 3212 3212 3211 3211 3211 3212 3212 3212 3213 3213 3213 3214 3214 3214 3215 3215 3215 3214 3214 3214 3213 3213 3213 3214 3214 3214 3215 3215 3215 3216 3216 3216 3217 3217 3217 3216 3216 3216 3215 3215 3215 3216 3216 3216 3217 3217 3217 3218 3218 3218 3219 3219 3219 3218 3218 3218 3217 3217 3217 3218 3218 3218 3219 3219 3219 3220 3220 3220 3221 3221 3221 3220 3220 3220 3219 3219 3219 3220 3220 3220 3221 3221 3221 3222 3222 3222 3223 3223 3223 3222 3222 3222 3221 3221 3221 3222 3222 3222 3223 3223 3223 3224 3224 3224 3225 3225 3225 3224 3224 3224 3223 3223 3223 3224 3224 3224 3225 3225 3225 3226 3226 3226 3227 3227 3227 3226 3226 3226 3225 3225 3225 3226 3226 3226 3227 3227 3227 3228 3228 3228 3229 3229 3229 3228 3228 3228 3227 3227 3227 3228 3228 3228 3229 3229 3229 3230 3230 3230 3231 3231 3231 3230 3230 3230 3229 3229 3229 3230 3230 3230 3231 3231 3231 3232 3232 3232 3233 3233 3233 3232 3232 3232 3231 3231 3231 3232 3232 3232 3233 3233 3233 3234 3234 3234 3235 3235 3235 3234 3234 3234 3233 3233 3233 3234 3234 3234 3235 3235 3235 3188 3188 3188 3189 3189 3189 3188 3188 3188 3235 3235 3235 3236 3236 3236 3237 3237 3237 3238 3238 3238 3239 3239 3239 3238 3238 3238 3237 3237 3237 3238 3238 3238 3239 3239 3239 3240 3240 3240 3241 3241 3241 3240 3240 3240 3239 3239 3239 3240 3240 3240 3241 3241 3241 3242 3242 3242 3243 3243 3243 3242 3242 3242 3241 3241 3241 3242 3242 3242 3243 3243 3243 3244 3244 3244 3245 3245 3245 3244 3244 3244 3243 3243 3243 3244 3244 3244 3245 3245 3245 3246 3246 3246 3247 3247 3247 3246 3246 3246 3245 3245 3245 3246 3246 3246 3247 3247 3247 3248 3248 3248 3249 3249 3249 3248 3248 3248 3247 3247 3247 3248 3248 3248 3249 3249 3249 3250 3250 3250 3251 3251 3251 3250 3250 3250 3249 3249 3249 3250 3250 3250 3251 3251 3251 3252 3252 3252 3253 3253 3253 3252 3252 3252 3251 3251 3251 3252 3252 3252 3253 3253 3253 3254 3254 3254 3255 3255 3255 3254 3254 3254 3253 3253 3253 3254 3254 3254 3255 3255 3255 3256 3256 3256 3257 3257 3257 3256 3256 3256 3255 3255 3255 3256 3256 3256 3257 3257 3257 3258 3258 3258 3259 3259 3259 3258 3258 3258 3257 3257 3257 3258 3258 3258 3259 3259 3259 3260 3260 3260 3261 3261 3261 3260 3260 3260 3259 3259 3259 3260 3260 3260 3261 3261 3261 3262 3262 3262 3263 3263 3263 3262 3262 3262 3261 3261 3261 3262 3262 3262 3263 3263 3263 3264 3264 3264 3265 3265 3265 3264 3264 3264 3263 3263 3263 3264 3264 3264 3265 3265 3265 3266 3266 3266 3267 3267 3267 3266 3266 3266 3265 3265 3265 3266 3266 3266 3267 3267 3267 3268 3268 3268 3269 3269 3269 3268 3268 3268 3267 3267 3267 3268 3268 3268 3269 3269 3269 3270 3270 3270 3271 3271 3271 3270 3270 3270 3269 3269 3269 3270 3270 3270 3271 3271 3271 3272 3272 3272 3273 3273 3273 3272 3272 3272 3271 3271 3271 3272 3272 3272 3273 3273 3273 3274 3274 3274 3275 3275 3275 3274 3274 3274 3273 3273 3273 3274 3274 3274 3275 3275 3275 3276 3276 3276 3277 3277 3277 3276 3276 3276 3275 3275 3275 3276 3276 3276 3277 3277 3277 3278 3278 3278 3279 3279 3279 3278 3278 3278 3277 3277 3277 3278 3278 3278 3279 3279 3279 3280 3280 3280 3281 3281 3281 3280 3280 3280 3279 3279 3279 3280 3280 3280 3281 3281 3281 3282 3282 3282 3283 3283 3283 3282 3282 3282 3281 3281 3281 3282 3282 3282 3283 3283 3283 3236 3236 3236 3237 3237 3237 3236 3236 3236 3283 3283 3283 3284 3284 3284 3285 3285 3285 3286 3286 3286 3287 3287 3287 3286 3286 3286 3285 3285 3285 3286 3286 3286 3287 3287 3287 3288 3288 3288 3289 3289 3289 3288 3288 3288 3287 3287 3287 3288 3288 3288 3289 3289 3289 3290 3290 3290 3291 3291 3291 3290 3290 3290 3289 3289 3289 3290 3290 3290 3291 3291 3291 3292 3292 3292 3293 3293 3293 3292 3292 3292 3291 3291 3291 3292 3292 3292 3293 3293 3293 3294 3294 3294 3295 3295 3295 3294 3294 3294 3293 3293 3293 3294 3294 3294 3295 3295 3295 3296 3296 3296 3297 3297 3297 3296 3296 3296 3295 3295 3295 3296 3296 3296 3297 3297 3297 3298 3298 3298 3299 3299 3299 3298 3298 3298 3297 3297 3297 3298 3298 3298 3299 3299 3299 3300 3300 3300 3301 3301 3301 3300 3300 3300 3299 3299 3299 3300 3300 3300 3301 3301 3301 3302 3302 3302 3303 3303 3303 3302 3302 3302 3301 3301 3301 3302 3302 3302 3303 3303 3303 3304 3304 3304 3305 3305 3305 3304 3304 3304 3303 3303 3303 3304 3304 3304 3305 3305 3305 3306 3306 3306 3307 3307 3307 3306 3306 3306 3305 3305 3305 3306 3306 3306 3307 3307 3307 3308 3308 3308 3309 3309 3309 3308 3308 3308 3307 3307 3307 3308 3308 3308 3309 3309 3309 3310 3310 3310 3311 3311 3311 3310 3310 3310 3309 3309 3309 3310 3310 3310 3311 3311 3311 3312 3312 3312 3313 3313 3313 3312 3312 3312 3311 3311 3311 3312 3312 3312 3313 3313 3313 3314 3314 3314 3315 3315 3315 3314 3314 3314 3313 3313 3313 3314 3314 3314 3315 3315 3315 3316 3316 3316 3317 3317 3317 3316 3316 3316 3315 3315 3315 3316 3316 3316 3317 3317 3317 3318 3318 3318 3319 3319 3319 3318 3318 3318 3317 3317 3317 3318 3318 3318 3319 3319 3319 3320 3320 3320 3321 3321 3321 3320 3320 3320 3319 3319 3319 3320 3320 3320 3321 3321 3321 3322 3322 3322 3323 3323 3323 3322 3322 3322 3321 3321 3321 3322 3322 3322 3323 3323 3323 3324 3324 3324 3325 3325 3325 3324 3324 3324 3323 3323 3323 3324 3324 3324 3325 3325 3325 3326 3326 3326 3327 3327 3327 3326 3326 3326 3325 3325 3325 3326 3326 3326 3327 3327 3327 3328 3328 3328 3329 3329 3329 3328 3328 3328 3327 3327 3327 3328 3328 3328 3329 3329 3329 3330 3330 3330 3331 3331 3331 3330 3330 3330 3329 3329 3329 3330 3330 3330 3331 3331 3331 3284 3284 3284 3285 3285 3285 3284 3284 3284 3331 3331 3331 3332 3332 3332 3333 3333 3333 3334 3334 3334 3335 3335 3335 3334 3334 3334 3333 3333 3333 3334 3334 3334 3335 3335 3335 3336 3336 3336 3337 3337 3337 3336 3336 3336 3335 3335 3335 3336 3336 3336 3337 3337 3337 3338 3338 3338 3339 3339 3339 3338 3338 3338 3337 3337 3337 3338 3338 3338 3339 3339 3339 3340 3340 3340 3341 3341 3341 3340 3340 3340 3339 3339 3339 3340 3340 3340 3341 3341 3341 3342 3342 3342 3343 3343 3343 3342 3342 3342 3341 3341 3341 3342 3342 3342 3343 3343 3343 3344 3344 3344 3345 3345 3345 3344 3344 3344 3343 3343 3343 3344 3344 3344 3345 3345 3345 3346 3346 3346 3347 3347 3347 3346 3346 3346 3345 3345 3345 3346 3346 3346 3347 3347 3347 3348 3348 3348 3349 3349 3349 3348 3348 3348 3347 3347 3347 3348 3348 3348 3349 3349 3349 3350 3350 3350 3351 3351 3351 3350 3350 3350 3349 3349 3349 3350 3350 3350 3351 3351 3351 3352 3352 3352 3353 3353 3353 3352 3352 3352 3351 3351 3351 3352 3352 3352 3353 3353 3353 3354 3354 3354 3355 3355 3355 3354 3354 3354 3353 3353 3353 3354 3354 3354 3355 3355 3355 3356 3356 3356 3357 3357 3357 3356 3356 3356 3355 3355 3355 3356 3356 3356 3357 3357 3357 3358 3358 3358 3359 3359 3359 3358 3358 3358 3357 3357 3357 3358 3358 3358 3359 3359 3359 3360 3360 3360 3361 3361 3361 3360 3360 3360 3359 3359 3359 3360 3360 3360 3361 3361 3361 3362 3362 3362 3363 3363 3363 3362 3362 3362 3361 3361 3361 3362 3362 3362 3363 3363 3363 3364 3364 3364 3365 3365 3365 3364 3364 3364 3363 3363 3363 3364 3364 3364 3365 3365 3365 3366 3366 3366 3367 3367 3367 3366 3366 3366 3365 3365 3365 3366 3366 3366 3367 3367 3367 3368 3368 3368 3369 3369 3369 3368 3368 3368 3367 3367 3367 3368 3368 3368 3369 3369 3369 3370 3370 3370 3371 3371 3371 3370 3370 3370 3369 3369 3369 3370 3370 3370 3371 3371 3371 3372 3372 3372 3373 3373 3373 3372 3372 3372 3371 3371 3371 3372 3372 3372 3373 3373 3373 3374 3374 3374 3375 3375 3375 3374 3374 3374 3373 3373 3373 3374 3374 3374 3375 3375 3375 3376 3376 3376 3377 3377 3377 3376 3376 3376 3375 3375 3375 3376 3376 3376 3377 3377 3377 3378 3378 3378 3379 3379 3379 3378 3378 3378 3377 3377 3377 3378 3378 3378 3379 3379 3379 3332 3332 3332 3333 3333 3333 3332 3332 3332 3379 3379 3379 3380 3380 3380 3381 3381 3381 3382 3382 3382 3383 3383 3383 3382 3382 3382 3381 3381 3381 3382 3382 3382 3383 3383 3383 3384 3384 3384 3385 3385 3385 3384 3384 3384 3383 3383 3383 3384 3384 3384 3385 3385 3385 3386 3386 3386 3387 3387 3387 3386 3386 3386 3385 3385 3385 3386 3386 3386 3387 3387 3387 3388 3388 3388 3389 3389 3389 3388 3388 3388 3387 3387 3387 3388 3388 3388 3389 3389 3389 3390 3390 3390 3391 3391 3391 3390 3390 3390 3389 3389 3389 3390 3390 3390 3391 3391 3391 3392 3392 3392 3393 3393 3393 3392 3392 3392 3391 3391 3391 3392 3392 3392 3393 3393 3393 3394 3394 3394 3395 3395 3395 3394 3394 3394 3393 3393 3393 3394 3394 3394 3395 3395 3395 3396 3396 3396 3397 3397 3397 3396 3396 3396 3395 3395 3395 3396 3396 3396 3397 3397 3397 3398 3398 3398 3399 3399 3399 3398 3398 3398 3397 3397 3397 3398 3398 3398 3399 3399 3399 3400 3400 3400 3401 3401 3401 3400 3400 3400 3399 3399 3399 3400 3400 3400 3401 3401 3401 3402 3402 3402 3403 3403 3403 3402 3402 3402 3401 3401 3401 3402 3402 3402 3403 3403 3403 3404 3404 3404 3405 3405 3405 3404 3404 3404 3403 3403 3403 3404 3404 3404 3405 3405 3405 3406 3406 3406 3407 3407 3407 3406 3406 3406 3405 3405 3405 3406 3406 3406 3407 3407 3407 3408 3408 3408 3409 3409 3409 3408 3408 3408 3407 3407 3407 3408 3408 3408 3409 3409 3409 3410 3410 3410 3411 3411 3411 3410 3410 3410 3409 3409 3409 3410 3410 3410 3411 3411 3411 3412 3412 3412 3413 3413 3413 3412 3412 3412 3411 3411 3411 3412 3412 3412 3413 3413 3413 3414 3414 3414 3415 3415 3415 3414 3414 3414 3413 3413 3413 3414 3414 3414 3415 3415 3415 3416 3416 3416 3417 3417 3417 3416 3416 3416 3415 3415 3415 3416 3416 3416 3417 3417 3417 3418 3418 3418 3419 3419 3419 3418 3418 3418 3417 3417 3417 3418 3418 3418 3419 3419 3419 3420 3420 3420 3421 3421 3421 3420 3420 3420 3419 3419 3419 3420 3420 3420 3421 3421 3421 3422 3422 3422 3423 3423 3423 3422 3422 3422 3421 3421 3421 3422 3422 3422 3423 3423 3423 3424 3424 3424 3425 3425 3425 3424 3424 3424 3423 3423 3423 3424 3424 3424 3425 3425 3425 3426 3426 3426 3427 3427 3427 3426 3426 3426 3425 3425 3425 3426 3426 3426 3427 3427 3427 3380 3380 3380 3381 3381 3381 3380 3380 3380 3427 3427 3427 3428 3428 3428 3429 3429 3429 3430 3430 3430 3431 3431 3431 3430 3430 3430 3429 3429 3429 3431 3431 3431 3429 3429 3429 3432 3432 3432 3433 3433 3433 3432 3432 3432 3429 3429 3429 3432 3432 3432 3433 3433 3433 3434 3434 3434 3435 3435 3435 3434 3434 3434 3433 3433 3433 3434 3434 3434 3435 3435 3435 3436 3436 3436 3437 3437 3437 3436 3436 3436 3435 3435 3435 3436 3436 3436 3437 3437 3437 3438 3438 3438 3439 3439 3439 3438 3438 3438 3437 3437 3437 3438 3438 3438 3439 3439 3439 3440 3440 3440 3441 3441 3441 3440 3440 3440 3439 3439 3439 3440 3440 3440 3441 3441 3441 3442 3442 3442 3441 3441 3441 3443 3443 3443 3442 3442 3442 3444 3444 3444 3442 3442 3442 3443 3443 3443 3442 3442 3442 3444 3444 3444 3445 3445 3445 3446 3446 3446 3445 3445 3445 3444 3444 3444 3445 3445 3445 3446 3446 3446 3447 3447 3447 3447 3447 3447 3446 3446 3446 3448 3448 3448 3449 3449 3449 3448 3448 3448 3446 3446 3446 3448 3448 3448 3449 3449 3449 3450 3450 3450 3451 3451 3451 3450 3450 3450 3449 3449 3449 3450 3450 3450 3451 3451 3451 3452 3452 3452 3453 3453 3453 3452 3452 3452 3451 3451 3451 3452 3452 3452 3453 3453 3453 3454 3454 3454 3455 3455 3455 3454 3454 3454 3453 3453 3453 3454 3454 3454 3455 3455 3455 3456 3456 3456 3457 3457 3457 3456 3456 3456 3455 3455 3455 3456 3456 3456 3457 3457 3457 3458 3458 3458 3457 3457 3457 3459 3459 3459 3458 3458 3458 821 821 821 3458 3458 3458 3459 3459 3459 3458 3458 3458 821 821 821 820 820 820 803 803 803 3460 3460 3460 804 804 804 3461 3461 3461 804 804 804 3460 3460 3460 3461 3461 3461 3460 3460 3460 3462 3462 3462 3463 3463 3463 3462 3462 3462 3460 3460 3460 3462 3462 3462 3463 3463 3463 3464 3464 3464 3463 3463 3463 3465 3465 3465 3464 3464 3464 3466 3466 3466 3464 3464 3464 3465 3465 3465 3464 3464 3464 3466 3466 3466 3467 3467 3467 3468 3468 3468 3467 3467 3467 3466 3466 3466 3467 3467 3467 3468 3468 3468 3469 3469 3469 3469 3469 3469 3468 3468 3468 3470 3470 3470 3471 3471 3471 3470 3470 3470 3468 3468 3468 3470 3470 3470 3471 3471 3471 3472 3472 3472 3473 3473 3473 3472 3472 3472 3471 3471 3471 3472 3472 3472 3473 3473 3473 3474 3474 3474 3473 3473 3473 3475 3475 3475 3474 3474 3474 3476 3476 3476 3474 3474 3474 3475 3475 3475 3474 3474 3474 3476 3476 3476 3477 3477 3477 3478 3478 3478 3477 3477 3477 3476 3476 3476 3477 3477 3477 3478 3478 3478 3479 3479 3479 3479 3479 3479 3478 3478 3478 3480 3480 3480 3481 3481 3481 3480 3480 3480 3478 3478 3478 3480 3480 3480 3481 3481 3481 3482 3482 3482 3481 3481 3481 3483 3483 3483 3482 3482 3482 3484 3484 3484 3482 3482 3482 3483 3483 3483 3482 3482 3482 3484 3484 3484 3485 3485 3485 3485 3485 3485 3484 3484 3484 3486 3486 3486 3487 3487 3487 3486 3486 3486 3484 3484 3484 3486 3486 3486 3487 3487 3487 3488 3488 3488 3487 3487 3487 3489 3489 3489 3488 3488 3488 3428 3428 3428 3488 3488 3488 3489 3489 3489 3488 3488 3488 3428 3428 3428 3430 3430 3430 3490 3490 3490 830 830 830 3491 3491 3491 832 832 832 3491 3491 3491 830 830 830 3491 3491 3491 832 832 832 3492 3492 3492 3493 3493 3493 3494 3494 3494 3495 3495 3495 3490 3490 3490 3491 3491 3491 3496 3496 3496 3497 3497 3497 3496 3496 3496 3491 3491 3491 3496 3496 3496 3497 3497 3497 3498 3498 3498 3499 3499 3499 3498 3498 3498 3497 3497 3497 3498 3498 3498 3499 3499 3499 3500 3500 3500 3501 3501 3501 3500 3500 3500 3499 3499 3499 3500 3500 3500 3501 3501 3501 3502 3502 3502 3503 3503 3503 3502 3502 3502 3501 3501 3501 3502 3502 3502 3503 3503 3503 3495 3495 3495 3504 3504 3504 3495 3495 3495 3503 3503 3503 3495 3495 3495 3504 3504 3504 3493 3493 3493 3505 3505 3505 3506 3506 3506 3507 3507 3507 3494 3494 3494 3507 3507 3507 3506 3506 3506 3507 3507 3507 3494 3494 3494 3508 3508 3508 3493 3493 3493 3508 3508 3508 3494 3494 3494 3509 3509 3509 3510 3510 3510 3505 3505 3505 3511 3511 3511 3505 3505 3505 3510 3510 3510 3505 3505 3505 3511 3511 3511 3506 3506 3506 3512 3512 3512 3513 3513 3513 3514 3514 3514 3512 3512 3512 3514 3514 3514 3515 3515 3515 3516 3516 3516 3515 3515 3515 3514 3514 3514 3515 3515 3515 3516 3516 3516 3517 3517 3517 3518 3518 3518 3517 3517 3517 3516 3516 3516 3517 3517 3517 3518 3518 3518 3519 3519 3519 3520 3520 3520 3519 3519 3519 3518 3518 3518 3519 3519 3519 3520 3520 3520 3509 3509 3509 3521 3521 3521 3509 3509 3509 3520 3520 3520 3509 3509 3509 3521 3521 3521 3510 3510 3510 3513 3513 3513 3512 3512 3512 3522 3522 3522 3523 3523 3523 3522 3522 3522 3512 3512 3512 3522 3522 3522 3523 3523 3523 3524 3524 3524 3525 3525 3525 3526 3526 3526 3527 3527 3527 3528 3528 3528 3527 3527 3527 3526 3526 3526 3527 3527 3527 3528 3528 3528 3529 3529 3529 3492 3492 3492 3529 3529 3529 3528 3528 3528 3529 3529 3529 3492 3492 3492 832 832 832 3525 3525 3525 3527 3527 3527 3530 3530 3530 3531 3531 3531 3530 3530 3530 3527 3527 3527 3530 3530 3530 3531 3531 3531 3532 3532 3532 3533 3533 3533 3532 3532 3532 3531 3531 3531 3532 3532 3532 3533 3533 3533 3534 3534 3534 3535 3535 3535 3534 3534 3534 3533 3533 3533 3534 3534 3534 3535 3535 3535 3536 3536 3536 3537 3537 3537 3536 3536 3536 3535 3535 3535 3536 3536 3536 3537 3537 3537 3538 3538 3538 3538 3538 3538 3537 3537 3537 3539 3539 3539 3540 3540 3540 3539 3539 3539 3537 3537 3537 3539 3539 3539 3540 3540 3540 3541 3541 3541 3541 3541 3541 3540 3540 3540 3542 3542 3542 3543 3543 3543 3542 3542 3542 3540 3540 3540 3542 3542 3542 3543 3543 3543 3544 3544 3544 3544 3544 3544 3543 3543 3543 3545 3545 3545 3546 3546 3546 3545 3545 3545 3543 3543 3543 3545 3545 3545 3546 3546 3546 3547 3547 3547 3548 3548 3548 3547 3547 3547 3546 3546 3546 3547 3547 3547 3548 3548 3548 3549 3549 3549 814 814 814 819 819 819 3550 3550 3550 3524 3524 3524 3523 3523 3523 3551 3551 3551 3552 3552 3552 3551 3551 3551 3523 3523 3523 3551 3551 3551 3552 3552 3552 3553 3553 3553 3554 3554 3554 3553 3553 3553 3552 3552 3552 3553 3553 3553 3554 3554 3554 3555 3555 3555 3556 3556 3556 3555 3555 3555 3554 3554 3554 3555 3555 3555 3556 3556 3556 3557 3557 3557 3558 3558 3558 3557 3557 3557 3556 3556 3556 3557 3557 3557 3558 3558 3558 3559 3559 3559 3560 3560 3560 3559 3559 3559 3558 3558 3558 3559 3559 3559 3560 3560 3560 3561 3561 3561 3562 3562 3562 3561 3561 3561 3560 3560 3560 3561 3561 3561 3562 3562 3562 3563 3563 3563 3564 3564 3564 3565 3565 3565 3566 3566 3566 3563 3563 3563 3566 3566 3566 3565 3565 3565 3566 3566 3566 3563 3563 3563 3567 3567 3567 3562 3562 3562 3567 3567 3567 3563 3563 3563 3568 3568 3568 3569 3569 3569 3564 3564 3564 3570 3570 3570 3564 3564 3564 3569 3569 3569 3564 3564 3564 3570 3570 3570 3565 3565 3565 3571 3571 3571 814 814 814 3572 3572 3572 3550 3550 3550 3572 3572 3572 814 814 814 3572 3572 3572 3550 3550 3550 3573 3573 3573 3574 3574 3574 3573 3573 3573 3550 3550 3550 3573 3573 3573 3574 3574 3574 3575 3575 3575 3576 3576 3576 3575 3575 3575 3574 3574 3574 3575 3575 3575 3576 3576 3576 3577 3577 3577 3578 3578 3578 3577 3577 3577 3576 3576 3576 3577 3577 3577 3578 3578 3578 3579 3579 3579 3580 3580 3580 3579 3579 3579 3578 3578 3578 3579 3579 3579 3580 3580 3580 3568 3568 3568 3581 3581 3581 3568 3568 3568 3580 3580 3580 3568 3568 3568 3581 3581 3581 3569 3569 3569 3548 3548 3548 3582 3582 3582 3549 3549 3549 3583 3583 3583 3549 3549 3549 3582 3582 3582 3583 3583 3583 3582 3582 3582 3584 3584 3584 3585 3585 3585 3584 3584 3584 3582 3582 3582 3584 3584 3584 3585 3585 3585 3586 3586 3586 3586 3586 3586 3585 3585 3585 3587 3587 3587 3588 3588 3588 3587 3587 3587 3585 3585 3585 3587 3587 3587 3588 3588 3588 3589 3589 3589 3589 3589 3589 3588 3588 3588 3590 3590 3590 3591 3591 3591 3590 3590 3590 3588 3588 3588 3590 3590 3590 3591 3591 3591 3592 3592 3592 3592 3592 3592 3591 3591 3591 3593 3593 3593 3594 3594 3594 3593 3593 3593 3591 3591 3591 3593 3593 3593 3594 3594 3594 3595 3595 3595 3596 3596 3596 3595 3595 3595 3594 3594 3594 3595 3595 3595 3596 3596 3596 3597 3597 3597 3598 3598 3598 3597 3597 3597 3596 3596 3596 3597 3597 3597 3598 3598 3598 3599 3599 3599 3599 3599 3599 3598 3598 3598 3600 3600 3600 3601 3601 3601 3600 3600 3600 3598 3598 3598 3600 3600 3600 3601 3601 3601 3602 3602 3602 3603 3603 3603 3602 3602 3602 3601 3601 3601 3602 3602 3602 3603 3603 3603 3604 3604 3604 814 814 814 3604 3604 3604 3603 3603 3603 3604 3604 3604 814 814 814 3571 3571 3571 728 728 728 787 787 787 3605 3605 3605 788 788 788 3605 3605 3605 787 787 787 788 788 788 789 789 789 3605 3605 3605 790 790 790 3605 3605 3605 789 789 789 3605 3605 3605 790 790 790 791 791 791 791 791 791 792 792 792 3606 3606 3606 793 793 793 3606 3606 3606 792 792 792 793 793 793 794 794 794 3606 3606 3606 795 795 795 3606 3606 3606 794 794 794 3606 3606 3606 795 795 795 796 796 796 1625 1625 1625 1624 1624 1624 3607 3607 3607 1623 1623 1623 3607 3607 3607 1624 1624 1624 3607 3607 3607 1623 1623 1623 1585 1585 1585 791 791 791 3606 3606 3606 3605 3605 3605 3608 3608 3608 3605 3605 3605 3606 3606 3606 3605 3605 3605 3608 3608 3608 3609 3609 3609 3610 3610 3610 3609 3609 3609 3608 3608 3608 3609 3609 3609 3610 3610 3610 3611 3611 3611 3612 3612 3612 3611 3611 3611 3610 3610 3610 3611 3611 3611 3612 3612 3612 3613 3613 3613 3607 3607 3607 3613 3613 3613 3612 3612 3612 3613 3613 3613 3607 3607 3607 3614 3614 3614 1585 1585 1585 3614 3614 3614 3607 3607 3607 3614 3614 3614 1585 1585 1585 1586 1586 1586 1586 1586 1586 1595 1595 1595 3614 3614 3614 1594 1594 1594 3614 3614 3614 1595 1595 1595 3614 3614 3614 1594 1594 1594 1593 1593 1593</p>
        </triangles>
      </mesh>
    </geometry>
  </library_geometries>
  <library_materials>
    <material id="7b81d61027f2471e8428d7aed50bf19a" name="defaultmaterial">
      <instance_effect url="#02b114c9effb45f4bd364f280c6c5832"/>
    </material>
  </library_materials>
  <library_visual_scenes>
    <visual_scene id="scene">
      <node id="node0" name="node0">
        <instance_geometry url="#3a2c603e4bf34a0d972d2b91a32deb78">
          <bind_material>
            <technique_common>
              <instance_material symbol="material0" target="#7b81d61027f2471e8428d7aed50bf19a"/>
            </technique_common>
          </bind_material>
        </instance_geometry>
      </node>
    </visual_scene>
  </library_visual_scenes>
  <scene>
    <instance_visual_scene url="#scene"/>
  </scene>
</COLLADA>
